"SubID","MEQScore","Hours_Sleep","Chronotype","MedianSplit_MEQ","MatchCondition","AgeGroup","ToD_Condition","attention1_pass","Attention1abutton","attention1a_pass","attention2_pass","Attention2abutton","attention2a_pass","attention3_pass","Attention3abutton","attention3a_pass","attention_checks_passed"
"Sub002_ToD_Online",60,7.5,"Morning Type","Morning","Yes","YA","Morning",TRUE,1,TRUE,TRUE,2,TRUE,TRUE,1,TRUE,6
"Sub003_ToD_Online",63,6.5,"Morning Type","Morning","No","OA","Night",TRUE,1,TRUE,TRUE,2,TRUE,TRUE,1,TRUE,6
"Sub004_ToD_Online",65,8,"Morning Type","Morning","No","OA","Night",TRUE,1,TRUE,TRUE,2,TRUE,TRUE,1,TRUE,6
"Sub005_ToD_Online",57,7.5,"Intermediate Type","Morning","Yes","OA","Morning",TRUE,1,TRUE,TRUE,2,TRUE,TRUE,1,TRUE,6
"Sub006_ToD_Online",70,8,"Morning Type","Morning","Yes","OA","Morning",TRUE,1,TRUE,FALSE,2,TRUE,TRUE,1,TRUE,5
"Sub007_ToD_Online",54,7.5,"Intermediate Type","Night","No","OA","Morning",TRUE,1,TRUE,TRUE,2,TRUE,TRUE,1,TRUE,6
"Sub008_ToD_Online",50,8,"Intermediate Type","Night","Yes","YA","Night",TRUE,1,TRUE,TRUE,2,TRUE,TRUE,1,TRUE,6
"Sub009_ToD_Online",45,6,"Intermediate Type","Night","Yes","YA","Night",TRUE,1,TRUE,TRUE,2,TRUE,TRUE,1,TRUE,6
"Sub010_ToD_Online",46,7,"Intermediate Type","Night","No","YA","Morning",TRUE,1,TRUE,TRUE,2,TRUE,TRUE,1,TRUE,6
"Sub011_ToD_Online",70,7,"Morning Type","Morning","Yes","YA","Morning",TRUE,1,TRUE,TRUE,2,TRUE,TRUE,1,TRUE,6
"Sub012_ToD_Online",40,6.5,"Evening Type","Night","Yes","YA","Night",TRUE,1,TRUE,TRUE,2,TRUE,TRUE,1,TRUE,6
"Sub013_ToD_Online",52,7.5,"Intermediate Type","Night","Yes","YA","Night",TRUE,1,TRUE,TRUE,2,TRUE,TRUE,1,TRUE,6
"Sub014_ToD_Online",49,7,"Intermediate Type","Night","Yes","YA","Night",TRUE,1,TRUE,TRUE,2,TRUE,TRUE,1,TRUE,6
"Sub015_ToD_Online",29,7.5,"Evening Type","Night","Yes","YA","Night",TRUE,1,TRUE,TRUE,2,TRUE,TRUE,1,TRUE,6
"Sub016_ToD_Online",62,5,"Morning Type","Morning","No","OA","Night",TRUE,1,TRUE,TRUE,2,TRUE,TRUE,1,TRUE,6
"Sub017_ToD_Online",60,6,"Morning Type","Morning","No","OA","Night",TRUE,1,TRUE,TRUE,2,TRUE,TRUE,1,TRUE,6
"Sub018_ToD_Online",57,7.5,"Intermediate Type","Morning","No","OA","Night",TRUE,1,TRUE,FALSE,2,TRUE,TRUE,1,TRUE,5
"Sub019_ToD_Online",53,6.5,"Intermediate Type","Night","Yes","OA","Night",TRUE,1,TRUE,TRUE,2,TRUE,TRUE,1,TRUE,6
"Sub020_ToD_Online",54,8,"Intermediate Type","Night","No","YA","Morning",TRUE,1,TRUE,TRUE,2,TRUE,TRUE,1,TRUE,6
"Sub021_ToD_Online",47,8,"Intermediate Type","Night","No","YA","Morning",TRUE,1,TRUE,FALSE,2,TRUE,TRUE,1,TRUE,5
"Sub022_ToD_Online",55,7.5,"Intermediate Type","Morning","Yes","YA","Morning",TRUE,1,TRUE,TRUE,2,TRUE,TRUE,1,TRUE,6
"Sub023_ToD_Online",35,6,"Evening Type","Night","No","YA","Morning",TRUE,1,TRUE,TRUE,2,TRUE,TRUE,1,TRUE,6
"Sub024_ToD_Online",50,7.5,"Intermediate Type","Night","Yes","YA","Night",TRUE,1,TRUE,TRUE,2,TRUE,TRUE,1,TRUE,6
"Sub025_ToD_Online",49,7,"Intermediate Type","Night","Yes","YA","Night",TRUE,1,TRUE,TRUE,2,TRUE,TRUE,1,TRUE,6
"Sub026_ToD_Online",41,5,"Evening Type","Night","Yes","YA","Night",TRUE,1,TRUE,TRUE,2,TRUE,TRUE,1,TRUE,6
"Sub027_ToD_Online",55,7,"Intermediate Type","Morning","Yes","YA","Morning",TRUE,1,TRUE,TRUE,2,TRUE,TRUE,1,TRUE,6
"Sub028_ToD_Online",49,6.5,"Intermediate Type","Night","No","YA","Morning",TRUE,1,TRUE,TRUE,2,TRUE,TRUE,1,TRUE,6
"Sub029_ToD_Online",46,7,"Intermediate Type","Night","No","YA","Morning",TRUE,1,TRUE,TRUE,2,TRUE,TRUE,1,TRUE,6
"Sub030_ToD_Online",63,7,"Morning Type","Morning","Yes","YA","Morning",TRUE,1,TRUE,TRUE,2,TRUE,TRUE,1,TRUE,6
"Sub031_ToD_Online",51,5.5,"Intermediate Type","Night","No","YA","Morning",TRUE,1,TRUE,TRUE,2,TRUE,TRUE,1,TRUE,6
"Sub032_ToD_Online",62,6.5,"Morning Type","Morning","Yes","YA","Morning",TRUE,1,TRUE,TRUE,2,TRUE,TRUE,1,TRUE,6
"Sub033_ToD_Online",53,7,"Intermediate Type","Night","No","YA","Morning",TRUE,1,TRUE,TRUE,2,TRUE,TRUE,1,TRUE,6
"Sub034_ToD_Online",54,7,"Intermediate Type","Night","No","YA","Morning",TRUE,1,TRUE,TRUE,2,TRUE,TRUE,1,TRUE,6
"Sub035_ToD_Online",49,7,"Intermediate Type","Night","No","YA","Morning",FALSE,1,TRUE,FALSE,2,TRUE,TRUE,1,TRUE,4
"Sub036_ToD_Online",56,7,"Intermediate Type","Morning","Yes","YA","Morning",TRUE,1,TRUE,TRUE,2,TRUE,TRUE,1,TRUE,6
"Sub037_ToD_Online",56,7.5,"Intermediate Type","Morning","Yes","YA","Morning",TRUE,1,TRUE,TRUE,2,TRUE,TRUE,1,TRUE,6
"Sub038_ToD_Online",51,6,"Intermediate Type","Night","No","YA","Morning",TRUE,1,TRUE,TRUE,2,TRUE,TRUE,1,TRUE,6
"Sub039_ToD_Online",49,8,"Intermediate Type","Night","No","YA","Morning",TRUE,1,TRUE,TRUE,2,TRUE,TRUE,1,TRUE,6
"Sub040_ToD_Online",50,6,"Intermediate Type","Night","No","OA","Morning",TRUE,1,TRUE,TRUE,1,FALSE,TRUE,1,TRUE,5
"Sub041_ToD_Online",53,5.5,"Intermediate Type","Night","No","OA","Morning",TRUE,1,TRUE,TRUE,2,TRUE,TRUE,1,TRUE,6
"Sub042_ToD_Online",59,8,"Morning Type","Morning","Yes","OA","Morning",TRUE,1,TRUE,TRUE,2,TRUE,FALSE,1,TRUE,5
"Sub043_ToD_Online",69,8,"Morning Type","Morning","Yes","OA","Morning",TRUE,1,TRUE,TRUE,1,FALSE,TRUE,1,TRUE,5
"Sub044_ToD_Online",70,7,"Morning Type","Morning","Yes","OA","Morning",TRUE,1,TRUE,TRUE,1,FALSE,TRUE,1,TRUE,5
"Sub045_ToD_Online",72,5.5,"Morning Type","Morning","Yes","OA","Morning",TRUE,1,TRUE,TRUE,2,TRUE,TRUE,1,TRUE,6
"Sub046_ToD_Online",46,7.5,"Intermediate Type","Night","Yes","OA","Night",TRUE,1,TRUE,TRUE,2,TRUE,TRUE,1,TRUE,6
"Sub047_ToD_Online",64,7.5,"Morning Type","Morning","No","OA","Night",TRUE,1,TRUE,TRUE,2,TRUE,TRUE,1,TRUE,6
"Sub048_ToD_Online",56,9.5,"Intermediate Type","Morning","No","OA","Night",TRUE,1,TRUE,FALSE,2,TRUE,TRUE,1,TRUE,5
"Sub049_ToD_Online",53,7,"Intermediate Type","Night","No","OA","Morning",TRUE,1,TRUE,TRUE,2,TRUE,TRUE,1,TRUE,6
"Sub050_ToD_Online",52,7.5,"Intermediate Type","Night","No","OA","Morning",TRUE,1,TRUE,TRUE,2,TRUE,TRUE,1,TRUE,6
"Sub051_ToD_Online",62,7.5,"Morning Type","Morning","Yes","OA","Morning",TRUE,1,TRUE,TRUE,2,TRUE,TRUE,1,TRUE,6
"Sub052_ToD_Online",66,6.5,"Morning Type","Morning","Yes","OA","Morning",TRUE,1,TRUE,TRUE,2,TRUE,TRUE,1,TRUE,6
"Sub053_ToD_Online",55,8,"Intermediate Type","Morning","Yes","OA","Morning",TRUE,1,TRUE,TRUE,2,TRUE,TRUE,1,TRUE,6
"Sub055_ToD_Online",71,8.5,"Morning Type","Morning","Yes","OA","Morning",TRUE,1,TRUE,TRUE,2,TRUE,TRUE,1,TRUE,6
"Sub056_ToD_Online",62,7,"Morning Type","Morning","Yes","OA","Morning",TRUE,1,TRUE,TRUE,2,TRUE,TRUE,1,TRUE,6
"Sub057_ToD_Online",60,7,"Morning Type","Morning","Yes","OA","Morning",TRUE,1,TRUE,TRUE,2,TRUE,TRUE,1,TRUE,6
"Sub059_ToD_Online",50,8,"Intermediate Type","Night","No","OA","Morning",TRUE,1,TRUE,TRUE,1,FALSE,TRUE,1,TRUE,5
"Sub060_ToD_Online",58,5,"Intermediate Type","Morning","Yes","OA","Morning",TRUE,1,TRUE,TRUE,2,TRUE,TRUE,1,TRUE,6
"Sub061_ToD_Online",57,8,"Intermediate Type","Morning","Yes","YA","Morning",TRUE,1,TRUE,TRUE,2,TRUE,TRUE,1,TRUE,6
"Sub062_ToD_Online",42,6,"Intermediate Type","Night","Yes","YA","Night",TRUE,1,TRUE,TRUE,2,TRUE,TRUE,1,TRUE,6
"Sub063_ToD_Online",48,7.5,"Intermediate Type","Night","Yes","YA","Night",TRUE,1,TRUE,TRUE,2,TRUE,TRUE,1,TRUE,6
"Sub064_ToD_Online",37,5.5,"Evening Type","Night","Yes","YA","Night",TRUE,1,TRUE,TRUE,2,TRUE,TRUE,1,TRUE,6
"Sub065_ToD_Online",52,6.5,"Intermediate Type","Night","Yes","YA","Night",TRUE,1,TRUE,FALSE,1,FALSE,TRUE,1,TRUE,4
"Sub066_ToD_Online",56,7.5,"Intermediate Type","Morning","No","YA","Night",TRUE,1,TRUE,TRUE,2,TRUE,TRUE,1,TRUE,6
"Sub068_ToD_Online",57,7,"Intermediate Type","Morning","No","OA","Night",TRUE,1,TRUE,TRUE,2,TRUE,TRUE,1,TRUE,6
"Sub069_ToD_Online",44,6,"Intermediate Type","Night","Yes","OA","Night",TRUE,1,TRUE,TRUE,2,TRUE,TRUE,1,TRUE,6
"Sub070_ToD_Online",46,6,"Intermediate Type","Night","Yes","OA","Night",TRUE,1,TRUE,TRUE,2,TRUE,TRUE,1,TRUE,6
"Sub071_ToD_Online",57,8.5,"Intermediate Type","Morning","No","OA","Night",TRUE,1,TRUE,TRUE,2,TRUE,TRUE,1,TRUE,6
"Sub072_ToD_Online",51,8.5,"Intermediate Type","Night","Yes","OA","Night",TRUE,1,TRUE,TRUE,2,TRUE,TRUE,1,TRUE,6
"Sub073_ToD_Online",60,7.5,"Morning Type","Morning","No","OA","Night",TRUE,1,TRUE,TRUE,2,TRUE,TRUE,1,TRUE,6
"Sub074_ToD_Online",72,7,"Morning Type","Morning","No","OA","Night",TRUE,1,TRUE,TRUE,2,TRUE,TRUE,1,TRUE,6
"Sub075_ToD_Online",52,NA,"Intermediate Type","Night","Yes","OA","Night",TRUE,1,TRUE,TRUE,2,TRUE,TRUE,1,TRUE,6
"Sub076_ToD_Online",48,4.5,"Intermediate Type","Night","Yes","OA","Night",TRUE,1,TRUE,FALSE,2,TRUE,TRUE,1,TRUE,5
"Sub077_ToD_Online",58,5,"Intermediate Type","Morning","No","OA","Night",TRUE,1,TRUE,TRUE,2,TRUE,TRUE,1,TRUE,6
"Sub078_ToD_Online",64,6,"Morning Type","Morning","No","OA","Night",TRUE,1,TRUE,TRUE,2,TRUE,TRUE,1,TRUE,6
"Sub079_ToD_Online",58,8.5,"Intermediate Type","Morning","No","OA","Night",TRUE,1,TRUE,TRUE,2,TRUE,TRUE,1,TRUE,6
"Sub080_ToD_Online",48,7,"Intermediate Type","Night","Yes","YA","Night",TRUE,1,TRUE,TRUE,2,TRUE,TRUE,1,TRUE,6
"Sub081_ToD_Online",53,7.5,"Intermediate Type","Night","Yes","YA","Night",TRUE,1,TRUE,TRUE,2,TRUE,TRUE,1,TRUE,6
"Sub082_ToD_Online",54,6.5,"Intermediate Type","Night","Yes","YA","Night",TRUE,1,TRUE,TRUE,2,TRUE,TRUE,1,TRUE,6
"Sub083_ToD_Online",54,5.5,"Intermediate Type","Night","Yes","YA","Night",TRUE,1,TRUE,TRUE,2,TRUE,TRUE,1,TRUE,6
"Sub084_ToD_Online",40,6,"Evening Type","Night","Yes","YA","Night",TRUE,1,TRUE,TRUE,2,TRUE,TRUE,1,TRUE,6
"Sub085_ToD_Online",41,6,"Evening Type","Night","Yes","YA","Night",TRUE,1,TRUE,TRUE,2,TRUE,TRUE,1,TRUE,6
"Sub086_ToD_Online",43,7.5,"Intermediate Type","Night","Yes","YA","Night",TRUE,1,TRUE,TRUE,2,TRUE,TRUE,1,TRUE,6
"Sub087_ToD_Online",36,5.5,"Evening Type","Night","No","YA","Morning",TRUE,1,TRUE,TRUE,2,TRUE,TRUE,1,TRUE,6
"Sub088_ToD_Online",66,7,"Morning Type","Morning","Yes","YA","Morning",TRUE,1,TRUE,TRUE,2,TRUE,TRUE,1,TRUE,6
"Sub089_ToD_Online",46,7,"Intermediate Type","Night","No","YA","Morning",TRUE,2,FALSE,FALSE,2,TRUE,TRUE,1,TRUE,4
"Sub090_ToD_Online",62,8,"Morning Type","Morning","Yes","OA","Morning",TRUE,1,TRUE,TRUE,2,TRUE,TRUE,1,TRUE,6
"Sub091_ToD_Online",57,7,"Intermediate Type","Morning","Yes","OA","Morning",TRUE,1,TRUE,TRUE,2,TRUE,TRUE,1,TRUE,6
"Sub092_ToD_Online",51,6.5,"Intermediate Type","Night","No","YA","Morning",FALSE,1,TRUE,TRUE,2,TRUE,TRUE,1,TRUE,5
