"sub_id","AgeGroup","ToD_Condition","Date","absavg_recall_blockOverall","absavg_recall_block1","absavg_recall_block2","absavg_recall_block3","minavg_recall_blockOverall","minavg_recall_block1","minavg_recall_block2","minavg_recall_block3"
"Sub001_ToD_Online","YA","Morning","23/10/24",92.7857142857143,72.5714285714286,133.25,86,3.21428571428571,-4,62.75,-59.3333333333333
"Sub002_ToD_Online","YA","Morning","23/10/24",73.0882352941177,62.9375,70.2727272727273,100.714285714286,0.735294117647059,-12.6875,43.9090909090909,-36.4285714285714
"Sub003_ToD_Online","OA","Night","23/10/24",29.4259259259259,44.6428571428571,33.6,14.6,-2.12962962962963,-1.5,0.9,-5.6
"Sub004_ToD_Online","OA","Night","23/10/24",42.2857142857143,43,54.4285714285714,31.125,-5.42857142857143,7.83333333333333,6.28571428571429,-25.625
"Sub005_ToD_Online","OA","Morning","24/10/24",15.1052631578947,16.2777777777778,16.7894736842105,12.45,-8.26315789473684,-9.38888888888889,-12.2631578947368,-3.45
"Sub006_ToD_Online","OA","Morning","24/10/24",46.7586206896552,37.5,46,52.6363636363636,-12.8275862068966,-12.5,-11.6666666666667,-14.2727272727273
"Sub007_ToD_Online","OA","Morning","24/10/24",68.0833333333333,51.2777777777778,81.1176470588235,74.3076923076923,-14.0416666666667,-22.1666666666667,-27.5882352941176,14.9230769230769
"Sub008_ToD_Online","YA","Night","23/10/24",46.6363636363636,37.2307692307692,51,50.2777777777778,-0.227272727272727,5.07692307692308,3,-6.38888888888889
"Sub009_ToD_Online","YA","Night","23/10/24",34.9722222222222,28.2666666666667,39.3846153846154,40.375,0.861111111111111,2.66666666666667,11.2307692307692,-19.375
"Sub010_ToD_Online","YA","Morning","24/10/24",32.8,34.3888888888889,28.8947368421053,35.3333333333333,-0.545454545454545,-7.5,3.94736842105263,1.66666666666667
"Sub011_ToD_Online","YA","Morning","24/10/24",60.3478260869565,56.6,72.2941176470588,49.8571428571429,-16.2608695652174,-36.4666666666667,24.4117647058824,-44
"Sub012_ToD_Online","YA","Night","24/10/24",20.3620689655172,8.25,24.1,29.6666666666667,7.18965517241379,-2.75,4.1,21.6666666666667
"Sub013_ToD_Online","YA","Night","24/10/24",56.9795918367347,46.25,61.7647058823529,62.625,-6.04081632653061,-10.875,18.8235294117647,-27.625
"Sub014_ToD_Online","YA","Night","24/10/24",27.22,23.8947368421053,24.7058823529412,34.7857142857143,-6.66,2.84210526315789,-8.11764705882353,-17.7857142857143
"Sub015_ToD_Online","YA","Night","24/10/24",64,68.8571428571429,78.5882352941177,39.6923076923077,3.77272727272727,-23.5714285714286,17.5294117647059,15.2307692307692
"Sub016_ToD_Online","OA","Night","24/10/24",51.02,35.125,49.8125,66.2222222222222,-2.42,11,-17.5625,-0.888888888888889
"Sub017_ToD_Online","OA","Night","24/10/24",18.7241379310345,18.9444444444444,21.95,15.3,4.20689655172414,2.94444444444444,9.35,0.2
"Sub018_ToD_Online","OA","Night","24/10/24",59,74.5,44.3,63.5,-15.0714285714286,-71.5,-2.9,3
"Sub019_ToD_Online","OA","Night","24/10/24",32.2553191489362,29.0588235294118,46.5833333333333,25.7222222222222,4.59574468085106,8.70588235294118,4.41666666666667,0.833333333333333
"Sub020_ToD_Online","YA","Morning","25/10/24",27.2631578947368,22.7,31.4444444444444,28.1052631578947,9.12280701754386,-0.5,12.7777777777778,15.7894736842105
"Sub021_ToD_Online","YA","Morning","25/10/24",31.1228070175439,51.3888888888889,33.6,9.31578947368421,-3.2280701754386,-5.27777777777778,-7.2,2.89473684210526
"Sub022_ToD_Online","YA","Morning","25/10/24",37.5,21.3333333333333,66.2,32.5555555555556,-0.852941176470588,-1.46666666666667,0.2,-1
"Sub023_ToD_Online","YA","Morning","25/10/24",35.1463414634146,13.7692307692308,44.2307692307692,45.8,1.63414634146341,-2.07692307692308,-10.3846153846154,15.2666666666667
"Sub024_ToD_Online","YA","Night","25/10/24",20.5,29.1,13.8333333333333,16.7857142857143,3.15384615384615,22.4,-4.61111111111111,-14.3571428571429
"Sub025_ToD_Online","YA","Night","25/10/24",13.3728813559322,13.5263157894737,13.7,12.9,1.91525423728814,2.68421052631579,3.1,0
"Sub026_ToD_Online","YA","Night","25/10/24",72.6060606060606,86.3636363636364,61.4615384615385,71.8888888888889,2.48484848484848,7.27272727272727,14.3846153846154,-20.5555555555556
"Sub027_ToD_Online","YA","Morning","26/10/24",15.4565217391304,19,9.625,17.9166666666667,-3.41304347826087,1.33333333333333,-1.875,-12.5833333333333
"Sub028_ToD_Online","YA","Morning","26/10/34",67.5277777777778,54.9090909090909,57.5384615384615,89.9166666666667,-4.63888888888889,-33.6363636363636,33.0769230769231,-18.9166666666667
"Sub029_ToD_Online","YA","Morning","26/10/24",38.6279069767442,50.4705882352941,27.5,36.3,-5.37209302325581,-9.64705882352941,-4.25,0.1
"Sub030_ToD_Online","YA","Morning","27/10/24",101.969696969697,96,107.583333333333,101.272727272727,-3.42424242424242,-26.6,0.916666666666667,12.9090909090909
"Sub031_ToD_Online","YA","Morning","27/10/24",86.5957446808511,83.2,81.6875,94.6875,-23.4042553191489,6.4,-3.6875,-71.0625
"Sub032_ToD_Online","YA","Morning","27/10/24",73.8285714285714,61.2,78.0769230769231,79.75,-3.6,13.8,-1.15384615384615,-20.75
"Sub033_ToD_Online","YA","Morning","27/10/24",59.304347826087,79.3846153846154,51.6470588235294,51.125,3.47826086956522,9.53846153846154,-9.64705882352941,12.5
"Sub034_ToD_Online","YA","Morning","27/10/24",19.0344827586207,25.1052631578947,21.4210526315789,11,-3.06896551724138,-3,-4.68421052631579,-1.6
"Sub035_ToD_Online","YA","Morning","27/10/24",31.8846153846154,21.7647058823529,39.6470588235294,34.1111111111111,-8.80769230769231,-3.76470588235294,-17.7647058823529,-5.11111111111111
"Sub036_ToD_Online","YA","Morning","27/10/24",60.3,68,58,54.8333333333333,10.95,1.23076923076923,7.6,25.6666666666667
"Sub037_ToD_Online","YA","Morning","28/10/24",30.5869565217391,20.0666666666667,36.625,34.6666666666667,2.28260869565217,14.3333333333333,9.75,-17.7333333333333
"Sub038_ToD_Online","YA","Morning","28/10/24",7.52631578947368,7.64705882352941,9.55,5.4,3.59649122807018,3.05882352941176,5.45,2.2
"Sub039_ToD_Online","YA","Morning","28/10/24",74.0222222222222,47.8125,104.785714285714,73.2666666666667,0.333333333333333,5.3125,19.2142857142857,-22.6
"Sub040_ToD_Online","OA","Morning","25/10/24",87,77.625,114.777777777778,78.6666666666667,-6.51351351351351,-3.375,-29.4444444444444,6.5
"Sub041_ToD_Online","OA","Morning","25/10/24",52.5,77.4545454545455,36.1875,51.2727272727273,-9.13157894736842,5.27272727272727,5.4375,-44.7272727272727
"Sub042_ToD_Online","OA","Morning","25/10/24",20.4230769230769,24.4,12.5263157894737,25.4444444444444,-0.115384615384615,-3.2,2.73684210526316,-0.555555555555556
"Sub043_ToD_Online","OA","Morning","25/10/24",20.2241379310345,16.6315789473684,17.9473684210526,25.8,-2.91379310344828,1.57894736842105,-1.31578947368421,-8.7
"Sub044_ToD_Online","OA","Morning","25/10/24",86.7884615384615,100.5,67.5,94.55,-16.9807692307692,-53.2142857142857,-35.8333333333333,25.35
"Sub045_ToD_Online","OA","Morning","25/10/24",12.8135593220339,13.6,7,18.1052631578947,2.40677966101695,-5.4,1.2,11.8947368421053
"Sub046_ToD_Online","OA","Night","25/10/24",38.8333333333333,34.8125,40.1176470588235,41.6666666666667,-6.45833333333333,-2.0625,-14.8235294117647,-1.66666666666667
"Sub047_ToD_Online","OA","Night","25/10/24",83.9512195121951,89.5333333333333,81.0714285714286,80.3333333333333,-22.2926829268293,-25.9333333333333,-39.7857142857143,2.66666666666667
"Sub048_ToD_Online","OA","Night","25/10/24",88.8222222222222,64.75,112,85.5555555555556,5.31111111111111,-15.5833333333333,17.2,9.33333333333333
"Sub049_ToD_Online","OA","Morning","26/10/24",60.5348837209302,64.5714285714286,51.9230769230769,64,-5.69767441860465,-5.71428571428571,-6.69230769230769,-4.875
"Sub050_ToD_Online","OA","Morning","26/10/24",30.5,24.6315789473684,56.4375,14.5263157894737,-3.98148148148148,-3.78947368421053,-9.4375,0.421052631578947
"Sub051_ToD_Online","OA","Morning","26/10/24",29.6792452830189,18.5789473684211,49.5294117647059,22.2352941176471,-8.32075471698113,-4.47368421052632,-22.3529411764706,1.41176470588235
"Sub052_ToD_Online","OA","Morning","26/10/24",41.825,49.875,43.1818181818182,30.7692307692308,0.275,-9.375,25.1818181818182,-8.92307692307692
"Sub053_ToD_Online","OA","Morning","26/10/24",56.8409090909091,31.6923076923077,73.2307692307692,63.1666666666667,-3.11363636363636,16.9230769230769,16.1538461538462,-31.5
"Sub054_ToD_Online","OA","Morning","26/10/24",63.2333333333333,60.2,69.9,59.6,-3.96666666666667,0.5,7.7,-20.1
"Sub055_ToD_Online","OA","Morning","27/10/24",94.9607843137255,98.3333333333333,96.4375,91.25,-2.25490196078431,-24.8666666666667,28.1875,-9.65
"Sub056_ToD_Online","OA","Morning","27/10/24",81.7,55.0769230769231,103,79.7368421052632,-2.34,-18,9.33333333333333,-2.68421052631579
"Sub057_ToD_Online","OA","Morning","27/10/24",52.9487179487179,48.5333333333333,46.9090909090909,63.1538461538462,-14.0769230769231,-2.93333333333333,-7.81818181818182,-32.2307692307692
"Sub058_ToD_Online","OA","Morning","27/10/24",78.94,88.4666666666667,77.5625,72.5789473684211,-33.38,-78.8666666666667,-11.6875,-15.7368421052632
"Sub059_ToD_Online","OA","Morning","27/10/24",6.15254237288136,5.21052631578947,7.15,6.05,-0.525423728813559,-0.0526315789473684,-0.55,-0.95
"Sub060_ToD_Online","OA","Morning","28/10/24",51.0363636363636,63.0588235294118,43.4736842105263,47.8421052631579,-14.5272727272727,-27.6470588235294,13.4736842105263,-30.7894736842105
"Sub061_ToD_Online","YA","Morning","28/10/24",25.7959183673469,14.4375,33.6875,29.0588235294118,-1.30612244897959,-0.0625,-5.1875,1.17647058823529
"Sub062_ToD_Online","YA","Night","28/10/24",27.5208333333333,25.4736842105263,35.875,20.2307692307692,4.64583333333333,8.63157894736842,0.5,3.92307692307692
"Sub063_ToD_Online","YA","Night","28/10/24",22.6279069767442,30.9411764705882,12.7692307692308,21.6153846153846,-2.06976744186047,-2,9.53846153846154,-13.7692307692308
"Sub064_ToD_Online","YA","Night","28/10/24",49.0454545454545,55.3125,55.0666666666667,34.3846153846154,0.590909090909091,-21.9375,22.4,3.15384615384615
"Sub065_ToD_Online","YA","Night","28/10/24",51.6415094339623,42.0526315789474,59.6111111111111,54.0625,-0.320754716981132,-14.3684210526316,0.0555555555555556,15.9375
"Sub066_ToD_Online","YA","Night","28/10/24",51.5438596491228,54.45,62.7368421052632,36.5,19.6491228070175,13.75,41.4736842105263,3.16666666666667
"Sub068_ToD_Online","OA","Night","28/10/24",42.0943396226415,37.875,53.0555555555556,35.2631578947368,9.49056603773585,10,-1.61111111111111,19.5789473684211
"Sub069_ToD_Online","OA","Night","28/10/24",89.5438596491228,98.2352941176471,75,96.7,2.94736842105263,6.94117647058824,35.7,-33.2
"Sub070_ToD_Online","OA","Night","28/10/24",73.4444444444444,64.2222222222222,68,102.777777777778,-11.6222222222222,-0.555555555555556,-30.1111111111111,3.22222222222222
"Sub071_ToD_Online","OA","Night","28/10/24",39.046511627907,48.4166666666667,33.6111111111111,37.9230769230769,6.16279069767442,11.0833333333333,-0.388888888888889,10.6923076923077
"Sub072_ToD_Online","OA","Night","28/10/24",27.6785714285714,28.1578947368421,34.2222222222222,21,-4.42857142857143,0.263157894736842,-6.22222222222222,-7.42105263157895
"Sub073_ToD_Online","OA","Night","28/10/24",26.3103448275862,44.6842105263158,18,16.75,-6.37931034482759,-3.42105263157895,-5.89473684210526,-9.65
"Sub074_ToD_Online","OA","Night","6/11/2024",28.280701754386,38.4444444444444,34.8421052631579,12.9,8.31578947368421,32.1111111111111,-4.63157894736842,-0.8
"Sub075_ToD_Online","OA","Night","6/11/2024",51.6603773584906,68.3157894736842,34.5294117647059,50.1764705882353,-9.39622641509434,-16,-0.647058823529412,-10.7647058823529
"Sub076_ToD_Online","OA","Night","6/11/2024",39.6511627906977,23.7692307692308,61.0625,29.9285714285714,5.13953488372093,10.8461538461538,18.6875,-15.6428571428571
"Sub077_ToD_Online","OA","Night","6/11/2024",49.8857142857143,36.75,57.8181818181818,51,5.48571428571429,2.5,-4,13.5
"Sub078_ToD_Online","OA","Night","6/11/2024",64.8518518518518,66.4705882352941,60.7894736842105,67.6111111111111,-14.4444444444444,-53.4117647058824,6.26315789473684,0.5
"Sub079_ToD_Online","OA","Night","6/11/2024",46.1388888888889,29.3076923076923,69.3076923076923,37.9,4.19444444444444,6.53846153846154,3.61538461538462,1.9
"Sub080_ToD_Online","YA","Night","6/11/2024",37.6285714285714,42,27.6,41.3571428571429,2.54285714285714,2.18181818181818,2.8,2.64285714285714
"Sub081_ToD_Online","YA","Night","6/11/2024",22.8301886792453,22.9444444444444,15.8125,28.6315789473684,1.50943396226415,16.7222222222222,-8.6875,-4.31578947368421
"Sub082_ToD_Online","YA","Night","6/11/2024",64.1904761904762,52.5625,69.1666666666667,73.2142857142857,14.1904761904762,-23.6875,65.6666666666667,13.3571428571429
"Sub083_ToD_Online","YA","Night","6/11/2024",60.0392156862745,51.2352941176471,68.7777777777778,59.5625,-1.88235294117647,4.52941176470588,11.6666666666667,-23.9375
"Sub084_ToD_Online","YA","Night","6/11/2024",51.0816326530612,45.8421052631579,75,33.8,4.42857142857143,2.57894736842105,-7.53333333333333,18.7333333333333
"Sub085_ToD_Online","YA","Night","6/11/2024",29.462962962963,33.0555555555556,34,22.6,-10.9814814814815,0.833333333333333,-27,-8.8
"Sub086_ToD_Online","YA","Night","6/11/2024",45.195652173913,39,67.25,35.8235294117647,4.19565217391304,1.23529411764706,19.25,-3.47058823529412
"Sub087_ToD_Online","YA","Morning","6/11/2024",44.9444444444444,44.1818181818182,14.5555555555556,62.5625,4.55555555555556,9.63636363636364,-13.6666666666667,11.3125
"Sub088_ToD_Online","YA","Morning","6/12/2024",46.375,56.3,39.8888888888889,43.2307692307692,-0.25,14.9,12.1111111111111,-20.4615384615385
"Sub089_ToD_Online","YA","Morning","6/13/2024",22.4117647058824,19.4,31.5,13.875,-3,13.6666666666667,-10.8,-8.875
"Sub090_ToD_Online","OA","Morning","6/12/2024",56.9583333333333,44.1,49.3333333333333,78.75,-7.70833333333333,11.5,-10.3333333333333,-29.75
"Sub091_ToD_Online","OA","Morning","6/12/2024",41.2439024390244,48.3333333333333,20.4444444444444,74.75,-6.80487804878049,-5.13333333333333,12,-52.25
"Sub092_ToD_Online","YA","Morning","6/13/2024",74.8666666666667,76.3571428571429,43.5714285714286,96.8888888888889,-0.8,-0.642857142857143,3.57142857142857,-4.44444444444444
