"sub_id","AgeGroup","ToD_Condition","Date","block","absavg_learning","minavg_learning","outlier_Learning_Age","absavg_recall","minavg_recall","outlier_Recall_Age"
"Sub001_ToD_Online","YA","Morning","23/10/24","1",88.8571428571429,34,TRUE,72.5714285714286,-4,FALSE
"Sub001_ToD_Online","YA","Morning","23/10/24","2",129.25,-41.75,TRUE,133.25,62.75,TRUE
"Sub001_ToD_Online","YA","Morning","23/10/24","3",122,40.6666666666667,TRUE,86,-59.3333333333333,FALSE
"Sub001_ToD_Online","YA","Morning","23/10/24","Overall",107.5,13.7857142857143,TRUE,92.7857142857143,3.21428571428571,FALSE
"Sub002_ToD_Online","YA","Morning","23/10/24","1",6.375,1.25,FALSE,62.9375,-12.6875,FALSE
"Sub002_ToD_Online","YA","Morning","23/10/24","2",4.09090909090909,-2.81818181818182,FALSE,70.2727272727273,43.9090909090909,FALSE
"Sub002_ToD_Online","YA","Morning","23/10/24","3",4,0.571428571428571,FALSE,100.714285714286,-36.4285714285714,FALSE
"Sub002_ToD_Online","YA","Morning","23/10/24","Overall",5.14705882352941,-0.205882352941176,FALSE,73.0882352941177,0.735294117647059,FALSE
"Sub003_ToD_Online","OA","Night","23/10/24","1",6,0.714285714285714,FALSE,44.6428571428571,-1.5,FALSE
"Sub003_ToD_Online","OA","Night","23/10/24","2",7,-0.6,FALSE,33.6,0.9,FALSE
"Sub003_ToD_Online","OA","Night","23/10/24","3",7.5,1.7,FALSE,14.6,-5.6,FALSE
"Sub003_ToD_Online","OA","Night","23/10/24","Overall",6.92592592592593,0.592592592592593,FALSE,29.4259259259259,-2.12962962962963,FALSE
"Sub004_ToD_Online","OA","Night","23/10/24","1",6.41666666666667,0.0833333333333333,FALSE,43,7.83333333333333,FALSE
"Sub004_ToD_Online","OA","Night","23/10/24","2",7.78571428571429,2.35714285714286,FALSE,54.4285714285714,6.28571428571429,FALSE
"Sub004_ToD_Online","OA","Night","23/10/24","3",4.8125,-3.1875,FALSE,31.125,-25.625,FALSE
"Sub004_ToD_Online","OA","Night","23/10/24","Overall",6.26190476190476,-0.404761904761905,FALSE,42.2857142857143,-5.42857142857143,FALSE
"Sub005_ToD_Online","OA","Morning","24/10/24","1",6.38888888888889,-0.944444444444444,FALSE,16.2777777777778,-9.38888888888889,FALSE
"Sub005_ToD_Online","OA","Morning","24/10/24","2",7.21052631578947,-0.789473684210526,FALSE,16.7894736842105,-12.2631578947368,FALSE
"Sub005_ToD_Online","OA","Morning","24/10/24","3",7.75,-0.85,FALSE,12.45,-3.45,FALSE
"Sub005_ToD_Online","OA","Morning","24/10/24","Overall",7.14035087719298,-0.859649122807018,FALSE,15.1052631578947,-8.26315789473684,FALSE
"Sub006_ToD_Online","OA","Morning","24/10/24","1",3.33333333333333,1,FALSE,37.5,-12.5,FALSE
"Sub006_ToD_Online","OA","Morning","24/10/24","2",9.5,-5,FALSE,46,-11.6666666666667,FALSE
"Sub006_ToD_Online","OA","Morning","24/10/24","3",6.54545454545455,0.181818181818182,FALSE,52.6363636363636,-14.2727272727273,FALSE
"Sub006_ToD_Online","OA","Morning","24/10/24","Overall",7.10344827586207,-1.79310344827586,FALSE,46.7586206896552,-12.8275862068966,FALSE
"Sub007_ToD_Online","OA","Morning","24/10/24","1",8.05555555555556,1.27777777777778,FALSE,51.2777777777778,-22.1666666666667,FALSE
"Sub007_ToD_Online","OA","Morning","24/10/24","2",40.8235294117647,9.52941176470588,FALSE,81.1176470588235,-27.5882352941176,FALSE
"Sub007_ToD_Online","OA","Morning","24/10/24","3",68,34.3076923076923,FALSE,74.3076923076923,14.9230769230769,FALSE
"Sub007_ToD_Online","OA","Morning","24/10/24","Overall",35.8958333333333,13.1458333333333,FALSE,68.0833333333333,-14.0416666666667,FALSE
"Sub008_ToD_Online","YA","Night","23/10/24","1",9.23076923076923,-4,FALSE,37.2307692307692,5.07692307692308,FALSE
"Sub008_ToD_Online","YA","Night","23/10/24","2",6.53846153846154,-0.230769230769231,FALSE,51,3,FALSE
"Sub008_ToD_Online","YA","Night","23/10/24","3",16.4444444444444,-7.66666666666667,FALSE,50.2777777777778,-6.38888888888889,FALSE
"Sub008_ToD_Online","YA","Night","23/10/24","Overall",11.3863636363636,-4.38636363636364,FALSE,46.6363636363636,-0.227272727272727,FALSE
"Sub009_ToD_Online","YA","Night","23/10/24","1",5.13333333333333,-2.33333333333333,FALSE,28.2666666666667,2.66666666666667,FALSE
"Sub009_ToD_Online","YA","Night","23/10/24","2",6.07692307692308,-0.0769230769230769,FALSE,39.3846153846154,11.2307692307692,FALSE
"Sub009_ToD_Online","YA","Night","23/10/24","3",4.125,-2.125,FALSE,40.375,-19.375,FALSE
"Sub009_ToD_Online","YA","Night","23/10/24","Overall",5.25,-1.47222222222222,FALSE,34.9722222222222,0.861111111111111,FALSE
"Sub010_ToD_Online","YA","Morning","24/10/24","1",15.2222222222222,-1.22222222222222,FALSE,34.3888888888889,-7.5,FALSE
"Sub010_ToD_Online","YA","Morning","24/10/24","2",18.3157894736842,-4.31578947368421,FALSE,28.8947368421053,3.94736842105263,FALSE
"Sub010_ToD_Online","YA","Morning","24/10/24","3",27.1111111111111,0.111111111111111,FALSE,35.3333333333333,1.66666666666667,FALSE
"Sub010_ToD_Online","YA","Morning","24/10/24","Overall",20.1818181818182,-1.85454545454545,FALSE,32.8,-0.545454545454545,FALSE
"Sub011_ToD_Online","YA","Morning","24/10/24","1",8.26666666666667,4,FALSE,56.6,-36.4666666666667,FALSE
"Sub011_ToD_Online","YA","Morning","24/10/24","2",10.1764705882353,-0.294117647058824,FALSE,72.2941176470588,24.4117647058824,FALSE
"Sub011_ToD_Online","YA","Morning","24/10/24","3",6,0.571428571428571,FALSE,49.8571428571429,-44,FALSE
"Sub011_ToD_Online","YA","Morning","24/10/24","Overall",8.28260869565217,1.3695652173913,FALSE,60.3478260869565,-16.2608695652174,FALSE
"Sub012_ToD_Online","YA","Night","24/10/24","1",4.4,0.3,FALSE,8.25,-2.75,FALSE
"Sub012_ToD_Online","YA","Night","24/10/24","2",3.45,-0.25,FALSE,24.1,4.1,FALSE
"Sub012_ToD_Online","YA","Night","24/10/24","3",4.61111111111111,1.83333333333333,FALSE,29.6666666666667,21.6666666666667,FALSE
"Sub012_ToD_Online","YA","Night","24/10/24","Overall",4.13793103448276,0.586206896551724,FALSE,20.3620689655172,7.18965517241379,FALSE
"Sub013_ToD_Online","YA","Night","24/10/24","1",7.0625,-4.5625,FALSE,46.25,-10.875,FALSE
"Sub013_ToD_Online","YA","Night","24/10/24","2",19.2352941176471,14.5294117647059,FALSE,61.7647058823529,18.8235294117647,FALSE
"Sub013_ToD_Online","YA","Night","24/10/24","3",6.625,0.75,FALSE,62.625,-27.625,FALSE
"Sub013_ToD_Online","YA","Night","24/10/24","Overall",11.1428571428571,3.79591836734694,FALSE,56.9795918367347,-6.04081632653061,FALSE
"Sub014_ToD_Online","YA","Night","24/10/24","1",6.73684210526316,0.842105263157895,FALSE,23.8947368421053,2.84210526315789,FALSE
"Sub014_ToD_Online","YA","Night","24/10/24","2",5,0.529411764705882,FALSE,24.7058823529412,-8.11764705882353,FALSE
"Sub014_ToD_Online","YA","Night","24/10/24","3",6.64285714285714,-1.64285714285714,FALSE,34.7857142857143,-17.7857142857143,FALSE
"Sub014_ToD_Online","YA","Night","24/10/24","Overall",6.12,0.04,FALSE,27.22,-6.66,FALSE
"Sub015_ToD_Online","YA","Night","24/10/24","1",9.42857142857143,4.71428571428571,FALSE,68.8571428571429,-23.5714285714286,FALSE
"Sub015_ToD_Online","YA","Night","24/10/24","2",10,-2.82352941176471,FALSE,78.5882352941177,17.5294117647059,FALSE
"Sub015_ToD_Online","YA","Night","24/10/24","3",5.46153846153846,-2.38461538461538,FALSE,39.6923076923077,15.2307692307692,FALSE
"Sub015_ToD_Online","YA","Night","24/10/24","Overall",8.47727272727273,-0.295454545454545,FALSE,64,3.77272727272727,FALSE
"Sub016_ToD_Online","OA","Night","24/10/24","1",9,1.5,FALSE,35.125,11,FALSE
"Sub016_ToD_Online","OA","Night","24/10/24","2",12.1875,8.5625,FALSE,49.8125,-17.5625,FALSE
"Sub016_ToD_Online","OA","Night","24/10/24","3",12,1.66666666666667,FALSE,66.2222222222222,-0.888888888888889,FALSE
"Sub016_ToD_Online","OA","Night","24/10/24","Overall",11.1,3.82,FALSE,51.02,-2.42,FALSE
"Sub017_ToD_Online","OA","Night","24/10/24","1",4.72222222222222,-3.61111111111111,FALSE,18.9444444444444,2.94444444444444,FALSE
"Sub017_ToD_Online","OA","Night","24/10/24","2",6.45,0.55,FALSE,21.95,9.35,FALSE
"Sub017_ToD_Online","OA","Night","24/10/24","3",7.45,-2.75,FALSE,15.3,0.2,FALSE
"Sub017_ToD_Online","OA","Night","24/10/24","Overall",6.25862068965517,-1.87931034482759,FALSE,18.7241379310345,4.20689655172414,FALSE
"Sub018_ToD_Online","OA","Night","24/10/24","1",11.8333333333333,-3.83333333333333,FALSE,74.5,-71.5,FALSE
"Sub018_ToD_Online","OA","Night","24/10/24","2",8.8,-6.4,FALSE,44.3,-2.9,FALSE
"Sub018_ToD_Online","OA","Night","24/10/24","3",8.83333333333333,-5.66666666666667,FALSE,63.5,3,FALSE
"Sub018_ToD_Online","OA","Night","24/10/24","Overall",9.46428571428571,-5.53571428571429,FALSE,59,-15.0714285714286,FALSE
"Sub019_ToD_Online","OA","Night","24/10/24","1",6.94117647058824,-0.470588235294118,FALSE,29.0588235294118,8.70588235294118,FALSE
"Sub019_ToD_Online","OA","Night","24/10/24","2",6.58333333333333,3.58333333333333,FALSE,46.5833333333333,4.41666666666667,FALSE
"Sub019_ToD_Online","OA","Night","24/10/24","3",9.44444444444444,-0.222222222222222,FALSE,25.7222222222222,0.833333333333333,FALSE
"Sub019_ToD_Online","OA","Night","24/10/24","Overall",7.80851063829787,0.659574468085106,FALSE,32.2553191489362,4.59574468085106,FALSE
"Sub020_ToD_Online","YA","Morning","25/10/24","1",3.85,-1.35,FALSE,22.7,-0.5,FALSE
"Sub020_ToD_Online","YA","Morning","25/10/24","2",5.16666666666667,-1.61111111111111,FALSE,31.4444444444444,12.7777777777778,FALSE
"Sub020_ToD_Online","YA","Morning","25/10/24","3",11.2105263157895,9.21052631578947,FALSE,28.1052631578947,15.7894736842105,FALSE
"Sub020_ToD_Online","YA","Morning","25/10/24","Overall",6.71929824561404,2.08771929824561,FALSE,27.2631578947368,9.12280701754386,FALSE
"Sub021_ToD_Online","YA","Morning","25/10/24","1",4.27777777777778,2.05555555555556,FALSE,51.3888888888889,-5.27777777777778,FALSE
"Sub021_ToD_Online","YA","Morning","25/10/24","2",4.4,0.5,FALSE,33.6,-7.2,FALSE
"Sub021_ToD_Online","YA","Morning","25/10/24","3",4.84210526315789,1.57894736842105,FALSE,9.31578947368421,2.89473684210526,FALSE
"Sub021_ToD_Online","YA","Morning","25/10/24","Overall",4.50877192982456,1.35087719298246,FALSE,31.1228070175439,-3.2280701754386,FALSE
"Sub022_ToD_Online","YA","Morning","25/10/24","1",5.13333333333333,3,FALSE,21.3333333333333,-1.46666666666667,FALSE
"Sub022_ToD_Online","YA","Morning","25/10/24","2",15.8,9.8,FALSE,66.2,0.2,FALSE
"Sub022_ToD_Online","YA","Morning","25/10/24","3",4.55555555555556,2.77777777777778,FALSE,32.5555555555556,-1,FALSE
"Sub022_ToD_Online","YA","Morning","25/10/24","Overall",8.11764705882353,4.94117647058824,FALSE,37.5,-0.852941176470588,FALSE
"Sub023_ToD_Online","YA","Morning","25/10/24","1",7.30769230769231,-0.0769230769230769,FALSE,13.7692307692308,-2.07692307692308,FALSE
"Sub023_ToD_Online","YA","Morning","25/10/24","2",8.53846153846154,1.46153846153846,FALSE,44.2307692307692,-10.3846153846154,FALSE
"Sub023_ToD_Online","YA","Morning","25/10/24","3",4.13333333333333,-0.8,FALSE,45.8,15.2666666666667,FALSE
"Sub023_ToD_Online","YA","Morning","25/10/24","Overall",6.53658536585366,0.146341463414634,FALSE,35.1463414634146,1.63414634146341,FALSE
"Sub024_ToD_Online","YA","Night","25/10/24","1",3.8,-1.9,FALSE,29.1,22.4,FALSE
"Sub024_ToD_Online","YA","Night","25/10/24","2",4.88888888888889,1.44444444444444,FALSE,13.8333333333333,-4.61111111111111,FALSE
"Sub024_ToD_Online","YA","Night","25/10/24","3",3.14285714285714,0.428571428571429,FALSE,16.7857142857143,-14.3571428571429,FALSE
"Sub024_ToD_Online","YA","Night","25/10/24","Overall",4,-0.115384615384615,FALSE,20.5,3.15384615384615,FALSE
"Sub025_ToD_Online","YA","Night","25/10/24","1",12.3157894736842,-0.315789473684211,FALSE,13.5263157894737,2.68421052631579,FALSE
"Sub025_ToD_Online","YA","Night","25/10/24","2",14.8,7.1,FALSE,13.7,3.1,FALSE
"Sub025_ToD_Online","YA","Night","25/10/24","3",11,2.9,FALSE,12.9,0,FALSE
"Sub025_ToD_Online","YA","Night","25/10/24","Overall",12.7118644067797,3.28813559322034,FALSE,13.3728813559322,1.91525423728814,FALSE
"Sub026_ToD_Online","YA","Night","25/10/24","1",5.27272727272727,2,FALSE,86.3636363636364,7.27272727272727,FALSE
"Sub026_ToD_Online","YA","Night","25/10/24","2",4.76923076923077,0.615384615384615,FALSE,61.4615384615385,14.3846153846154,FALSE
"Sub026_ToD_Online","YA","Night","25/10/24","3",4.11111111111111,-0.333333333333333,FALSE,71.8888888888889,-20.5555555555556,FALSE
"Sub026_ToD_Online","YA","Night","25/10/24","Overall",4.75757575757576,0.818181818181818,FALSE,72.6060606060606,2.48484848484848,FALSE
"Sub027_ToD_Online","YA","Morning","26/10/24","1",2.05555555555556,-0.388888888888889,FALSE,19,1.33333333333333,FALSE
"Sub027_ToD_Online","YA","Morning","26/10/24","2",4.375,-3.25,FALSE,9.625,-1.875,FALSE
"Sub027_ToD_Online","YA","Morning","26/10/24","3",2.25,0.0833333333333333,FALSE,17.9166666666667,-12.5833333333333,FALSE
"Sub027_ToD_Online","YA","Morning","26/10/24","Overall",2.91304347826087,-1.26086956521739,FALSE,15.4565217391304,-3.41304347826087,FALSE
"Sub028_ToD_Online","YA","Morning","26/10/34","1",6,-3.63636363636364,FALSE,54.9090909090909,-33.6363636363636,FALSE
"Sub028_ToD_Online","YA","Morning","26/10/34","2",7.92307692307692,-2.53846153846154,FALSE,57.5384615384615,33.0769230769231,FALSE
"Sub028_ToD_Online","YA","Morning","26/10/34","3",9.66666666666667,0.166666666666667,FALSE,89.9166666666667,-18.9166666666667,FALSE
"Sub028_ToD_Online","YA","Morning","26/10/34","Overall",7.91666666666667,-1.97222222222222,FALSE,67.5277777777778,-4.63888888888889,FALSE
"Sub029_ToD_Online","YA","Morning","26/10/24","1",9.41176470588235,0.470588235294118,FALSE,50.4705882352941,-9.64705882352941,FALSE
"Sub029_ToD_Online","YA","Morning","26/10/24","2",8.0625,-3.9375,FALSE,27.5,-4.25,FALSE
"Sub029_ToD_Online","YA","Morning","26/10/24","3",7,-2.2,FALSE,36.3,0.1,FALSE
"Sub029_ToD_Online","YA","Morning","26/10/24","Overall",8.34883720930233,-1.7906976744186,FALSE,38.6279069767442,-5.37209302325581,FALSE
"Sub030_ToD_Online","YA","Morning","27/10/24","1",19.4,-10.8,FALSE,96,-26.6,FALSE
"Sub030_ToD_Online","YA","Morning","27/10/24","2",12.8333333333333,-7.16666666666667,FALSE,107.583333333333,0.916666666666667,FALSE
"Sub030_ToD_Online","YA","Morning","27/10/24","3",8.81818181818182,1.18181818181818,FALSE,101.272727272727,12.9090909090909,FALSE
"Sub030_ToD_Online","YA","Morning","27/10/24","Overall",13.4848484848485,-5.48484848484848,FALSE,101.969696969697,-3.42424242424242,FALSE
"Sub031_ToD_Online","YA","Morning","27/10/24","1",4.13333333333333,1.33333333333333,FALSE,83.2,6.4,FALSE
"Sub031_ToD_Online","YA","Morning","27/10/24","2",7.375,5.375,FALSE,81.6875,-3.6875,FALSE
"Sub031_ToD_Online","YA","Morning","27/10/24","3",12.6875,5.3125,FALSE,94.6875,-71.0625,FALSE
"Sub031_ToD_Online","YA","Morning","27/10/24","Overall",8.14893617021277,4.06382978723404,FALSE,86.5957446808511,-23.4042553191489,FALSE
"Sub032_ToD_Online","YA","Morning","27/10/24","1",6.3,0.3,FALSE,61.2,13.8,FALSE
"Sub032_ToD_Online","YA","Morning","27/10/24","2",7.07692307692308,3.07692307692308,FALSE,78.0769230769231,-1.15384615384615,FALSE
"Sub032_ToD_Online","YA","Morning","27/10/24","3",6.41666666666667,-1.41666666666667,FALSE,79.75,-20.75,FALSE
"Sub032_ToD_Online","YA","Morning","27/10/24","Overall",6.62857142857143,0.742857142857143,FALSE,73.8285714285714,-3.6,FALSE
"Sub033_ToD_Online","YA","Morning","27/10/24","1",6.61538461538461,-3.23076923076923,FALSE,79.3846153846154,9.53846153846154,FALSE
"Sub033_ToD_Online","YA","Morning","27/10/24","2",5.64705882352941,-1.41176470588235,FALSE,51.6470588235294,-9.64705882352941,FALSE
"Sub033_ToD_Online","YA","Morning","27/10/24","3",6.5625,2.1875,FALSE,51.125,12.5,FALSE
"Sub033_ToD_Online","YA","Morning","27/10/24","Overall",6.23913043478261,-0.673913043478261,FALSE,59.304347826087,3.47826086956522,FALSE
"Sub034_ToD_Online","YA","Morning","27/10/24","1",5.10526315789474,2.26315789473684,FALSE,25.1052631578947,-3,FALSE
"Sub034_ToD_Online","YA","Morning","27/10/24","2",7.78947368421053,3.78947368421053,FALSE,21.4210526315789,-4.68421052631579,FALSE
"Sub034_ToD_Online","YA","Morning","27/10/24","3",6.1,1.4,FALSE,11,-1.6,FALSE
"Sub034_ToD_Online","YA","Morning","27/10/24","Overall",6.32758620689655,2.46551724137931,FALSE,19.0344827586207,-3.06896551724138,FALSE
"Sub035_ToD_Online","YA","Morning","27/10/24","1",11.0588235294118,-2.82352941176471,FALSE,21.7647058823529,-3.76470588235294,FALSE
"Sub035_ToD_Online","YA","Morning","27/10/24","2",12.6470588235294,0.294117647058824,FALSE,39.6470588235294,-17.7647058823529,FALSE
"Sub035_ToD_Online","YA","Morning","27/10/24","3",9,4.77777777777778,FALSE,34.1111111111111,-5.11111111111111,FALSE
"Sub035_ToD_Online","YA","Morning","27/10/24","Overall",10.8653846153846,0.826923076923077,FALSE,31.8846153846154,-8.80769230769231,FALSE
"Sub036_ToD_Online","YA","Morning","27/10/24","1",8.76923076923077,-3.07692307692308,FALSE,68,1.23076923076923,FALSE
"Sub036_ToD_Online","YA","Morning","27/10/24","2",7.66666666666667,1.4,FALSE,58,7.6,FALSE
"Sub036_ToD_Online","YA","Morning","27/10/24","3",10.0833333333333,-1.08333333333333,FALSE,54.8333333333333,25.6666666666667,FALSE
"Sub036_ToD_Online","YA","Morning","27/10/24","Overall",8.75,-0.8,FALSE,60.3,10.95,FALSE
"Sub037_ToD_Online","YA","Morning","28/10/24","1",14.3333333333333,-2.06666666666667,FALSE,20.0666666666667,14.3333333333333,FALSE
"Sub037_ToD_Online","YA","Morning","28/10/24","2",8.6875,-3.5625,FALSE,36.625,9.75,FALSE
"Sub037_ToD_Online","YA","Morning","28/10/24","3",11.2,0.666666666666667,FALSE,34.6666666666667,-17.7333333333333,FALSE
"Sub037_ToD_Online","YA","Morning","28/10/24","Overall",11.3478260869565,-1.69565217391304,FALSE,30.5869565217391,2.28260869565217,FALSE
"Sub038_ToD_Online","YA","Morning","28/10/24","1",5.76470588235294,-2.11764705882353,FALSE,7.64705882352941,3.05882352941176,FALSE
"Sub038_ToD_Online","YA","Morning","28/10/24","2",7.1,2.2,FALSE,9.55,5.45,FALSE
"Sub038_ToD_Online","YA","Morning","28/10/24","3",4.05,2.35,FALSE,5.4,2.2,FALSE
"Sub038_ToD_Online","YA","Morning","28/10/24","Overall",5.63157894736842,0.964912280701754,FALSE,7.52631578947368,3.59649122807018,FALSE
"Sub039_ToD_Online","YA","Morning","28/10/24","1",10.375,2.25,FALSE,47.8125,5.3125,FALSE
"Sub039_ToD_Online","YA","Morning","28/10/24","2",9,-3.85714285714286,FALSE,104.785714285714,19.2142857142857,FALSE
"Sub039_ToD_Online","YA","Morning","28/10/24","3",10.0666666666667,1.53333333333333,FALSE,73.2666666666667,-22.6,FALSE
"Sub039_ToD_Online","YA","Morning","28/10/24","Overall",9.84444444444444,0.111111111111111,FALSE,74.0222222222222,0.333333333333333,FALSE
"Sub040_ToD_Online","OA","Morning","25/10/24","1",32.9375,1.5625,FALSE,77.625,-3.375,FALSE
"Sub040_ToD_Online","OA","Morning","25/10/24","2",11.2222222222222,-4.33333333333333,FALSE,114.777777777778,-29.4444444444444,FALSE
"Sub040_ToD_Online","OA","Morning","25/10/24","3",32.25,-5.25,FALSE,78.6666666666667,6.5,FALSE
"Sub040_ToD_Online","OA","Morning","25/10/24","Overall",27.4324324324324,-2.08108108108108,FALSE,87,-6.51351351351351,FALSE
"Sub041_ToD_Online","OA","Morning","25/10/24","1",13.5454545454545,7.36363636363636,FALSE,77.4545454545455,5.27272727272727,FALSE
"Sub041_ToD_Online","OA","Morning","25/10/24","2",11.75,3.375,FALSE,36.1875,5.4375,FALSE
"Sub041_ToD_Online","OA","Morning","25/10/24","3",6.18181818181818,-1.45454545454545,FALSE,51.2727272727273,-44.7272727272727,FALSE
"Sub041_ToD_Online","OA","Morning","25/10/24","Overall",10.6578947368421,3.13157894736842,FALSE,52.5,-9.13157894736842,FALSE
"Sub042_ToD_Online","OA","Morning","25/10/24","1",8,0.666666666666667,FALSE,24.4,-3.2,FALSE
"Sub042_ToD_Online","OA","Morning","25/10/24","2",9.1578947368421,-0.947368421052632,FALSE,12.5263157894737,2.73684210526316,FALSE
"Sub042_ToD_Online","OA","Morning","25/10/24","3",6.11111111111111,2.55555555555556,FALSE,25.4444444444444,-0.555555555555556,FALSE
"Sub042_ToD_Online","OA","Morning","25/10/24","Overall",7.76923076923077,0.730769230769231,FALSE,20.4230769230769,-0.115384615384615,FALSE
"Sub043_ToD_Online","OA","Morning","25/10/24","1",7.52631578947368,0.894736842105263,FALSE,16.6315789473684,1.57894736842105,FALSE
"Sub043_ToD_Online","OA","Morning","25/10/24","2",3.89473684210526,0.210526315789474,FALSE,17.9473684210526,-1.31578947368421,FALSE
"Sub043_ToD_Online","OA","Morning","25/10/24","3",3.55,-0.85,FALSE,25.8,-8.7,FALSE
"Sub043_ToD_Online","OA","Morning","25/10/24","Overall",4.96551724137931,0.0689655172413793,FALSE,20.2241379310345,-2.91379310344828,FALSE
"Sub044_ToD_Online","OA","Morning","25/10/24","1",10.5714285714286,1.85714285714286,FALSE,100.5,-53.2142857142857,FALSE
"Sub044_ToD_Online","OA","Morning","25/10/24","2",9.94444444444444,0.0555555555555556,FALSE,67.5,-35.8333333333333,FALSE
"Sub044_ToD_Online","OA","Morning","25/10/24","3",7.85,-2.75,FALSE,94.55,25.35,FALSE
"Sub044_ToD_Online","OA","Morning","25/10/24","Overall",9.30769230769231,-0.538461538461538,FALSE,86.7884615384615,-16.9807692307692,FALSE
"Sub045_ToD_Online","OA","Morning","25/10/24","1",5.7,-1.3,FALSE,13.6,-5.4,FALSE
"Sub045_ToD_Online","OA","Morning","25/10/24","2",5.05,3.75,FALSE,7,1.2,FALSE
"Sub045_ToD_Online","OA","Morning","25/10/24","3",5.94736842105263,0.684210526315789,FALSE,18.1052631578947,11.8947368421053,FALSE
"Sub045_ToD_Online","OA","Morning","25/10/24","Overall",5.55932203389831,1.05084745762712,FALSE,12.8135593220339,2.40677966101695,FALSE
"Sub046_ToD_Online","OA","Night","25/10/24","1",7.1875,1.5625,FALSE,34.8125,-2.0625,FALSE
"Sub046_ToD_Online","OA","Night","25/10/24","2",7.94117647058824,1.35294117647059,FALSE,40.1176470588235,-14.8235294117647,FALSE
"Sub046_ToD_Online","OA","Night","25/10/24","3",8,-4.53333333333333,FALSE,41.6666666666667,-1.66666666666667,FALSE
"Sub046_ToD_Online","OA","Night","25/10/24","Overall",7.70833333333333,-0.416666666666667,FALSE,38.8333333333333,-6.45833333333333,FALSE
"Sub047_ToD_Online","OA","Night","25/10/24","1",13.5333333333333,-10.7333333333333,FALSE,89.5333333333333,-25.9333333333333,FALSE
"Sub047_ToD_Online","OA","Night","25/10/24","2",11.6428571428571,-2.92857142857143,FALSE,81.0714285714286,-39.7857142857143,FALSE
"Sub047_ToD_Online","OA","Night","25/10/24","3",6.5,0.666666666666667,FALSE,80.3333333333333,2.66666666666667,FALSE
"Sub047_ToD_Online","OA","Night","25/10/24","Overall",10.8292682926829,-4.73170731707317,FALSE,83.9512195121951,-22.2926829268293,FALSE
"Sub048_ToD_Online","OA","Night","25/10/24","1",11.5833333333333,3.91666666666667,FALSE,64.75,-15.5833333333333,FALSE
"Sub048_ToD_Online","OA","Night","25/10/24","2",8.26666666666667,-0.933333333333333,FALSE,112,17.2,FALSE
"Sub048_ToD_Online","OA","Night","25/10/24","3",12.2222222222222,-5.22222222222222,FALSE,85.5555555555556,9.33333333333333,FALSE
"Sub048_ToD_Online","OA","Night","25/10/24","Overall",10.7333333333333,-1.35555555555556,FALSE,88.8222222222222,5.31111111111111,FALSE
"Sub049_ToD_Online","OA","Morning","26/10/24","1",19.5,-9.21428571428571,FALSE,64.5714285714286,-5.71428571428571,FALSE
"Sub049_ToD_Online","OA","Morning","26/10/24","2",7.69230769230769,-1.23076923076923,FALSE,51.9230769230769,-6.69230769230769,FALSE
"Sub049_ToD_Online","OA","Morning","26/10/24","3",11.75,0.25,FALSE,64,-4.875,FALSE
"Sub049_ToD_Online","OA","Morning","26/10/24","Overall",13.046511627907,-3.27906976744186,FALSE,60.5348837209302,-5.69767441860465,FALSE
"Sub050_ToD_Online","OA","Morning","26/10/24","1",6.84210526315789,-2.31578947368421,FALSE,24.6315789473684,-3.78947368421053,FALSE
"Sub050_ToD_Online","OA","Morning","26/10/24","2",8,0.375,FALSE,56.4375,-9.4375,FALSE
"Sub050_ToD_Online","OA","Morning","26/10/24","3",10.1052631578947,-2.31578947368421,FALSE,14.5263157894737,0.421052631578947,FALSE
"Sub050_ToD_Online","OA","Morning","26/10/24","Overall",8.33333333333333,-1.51851851851852,FALSE,30.5,-3.98148148148148,FALSE
"Sub051_ToD_Online","OA","Morning","26/10/24","1",6.57894736842105,-2.78947368421053,FALSE,18.5789473684211,-4.47368421052632,FALSE
"Sub051_ToD_Online","OA","Morning","26/10/24","2",4.88235294117647,-0.529411764705882,FALSE,49.5294117647059,-22.3529411764706,FALSE
"Sub051_ToD_Online","OA","Morning","26/10/24","3",6.05882352941176,2.41176470588235,FALSE,22.2352941176471,1.41176470588235,FALSE
"Sub051_ToD_Online","OA","Morning","26/10/24","Overall",5.86792452830189,-0.39622641509434,FALSE,29.6792452830189,-8.32075471698113,FALSE
"Sub052_ToD_Online","OA","Morning","26/10/24","1",3.8125,2.6875,FALSE,49.875,-9.375,FALSE
"Sub052_ToD_Online","OA","Morning","26/10/24","2",2.90909090909091,2.18181818181818,FALSE,43.1818181818182,25.1818181818182,FALSE
"Sub052_ToD_Online","OA","Morning","26/10/24","3",6.30769230769231,-0.153846153846154,FALSE,30.7692307692308,-8.92307692307692,FALSE
"Sub052_ToD_Online","OA","Morning","26/10/24","Overall",4.375,1.625,FALSE,41.825,0.275,FALSE
"Sub053_ToD_Online","OA","Morning","26/10/24","1",3.92307692307692,-0.384615384615385,FALSE,31.6923076923077,16.9230769230769,FALSE
"Sub053_ToD_Online","OA","Morning","26/10/24","2",5.30769230769231,2.07692307692308,FALSE,73.2307692307692,16.1538461538462,FALSE
"Sub053_ToD_Online","OA","Morning","26/10/24","3",6.66666666666667,0.222222222222222,FALSE,63.1666666666667,-31.5,FALSE
"Sub053_ToD_Online","OA","Morning","26/10/24","Overall",5.45454545454545,0.590909090909091,FALSE,56.8409090909091,-3.11363636363636,FALSE
"Sub054_ToD_Online","OA","Morning","26/10/24","1",104.05,39.55,TRUE,60.2,0.5,FALSE
"Sub054_ToD_Online","OA","Morning","26/10/24","2",81.1,3,TRUE,69.9,7.7,FALSE
"Sub054_ToD_Online","OA","Morning","26/10/24","3",81.1,-29.8,TRUE,59.6,-20.1,FALSE
"Sub054_ToD_Online","OA","Morning","26/10/24","Overall",88.75,4.25,TRUE,63.2333333333333,-3.96666666666667,FALSE
"Sub055_ToD_Online","OA","Morning","27/10/24","1",12.8,7.33333333333333,FALSE,98.3333333333333,-24.8666666666667,FALSE
"Sub055_ToD_Online","OA","Morning","27/10/24","2",6.0625,-0.4375,FALSE,96.4375,28.1875,FALSE
"Sub055_ToD_Online","OA","Morning","27/10/24","3",9.45,4.45,FALSE,91.25,-9.65,FALSE
"Sub055_ToD_Online","OA","Morning","27/10/24","Overall",9.37254901960784,3.76470588235294,FALSE,94.9607843137255,-2.25490196078431,FALSE
"Sub056_ToD_Online","OA","Morning","27/10/24","1",3.07692307692308,1.84615384615385,FALSE,55.0769230769231,-18,FALSE
"Sub056_ToD_Online","OA","Morning","27/10/24","2",2.66666666666667,-0.888888888888889,FALSE,103,9.33333333333333,FALSE
"Sub056_ToD_Online","OA","Morning","27/10/24","3",1.42105263157895,-0.157894736842105,FALSE,79.7368421052632,-2.68421052631579,FALSE
"Sub056_ToD_Online","OA","Morning","27/10/24","Overall",2.3,0.1,FALSE,81.7,-2.34,FALSE
"Sub057_ToD_Online","OA","Morning","27/10/24","1",12.5333333333333,3.86666666666667,FALSE,48.5333333333333,-2.93333333333333,FALSE
"Sub057_ToD_Online","OA","Morning","27/10/24","2",7.27272727272727,1.09090909090909,FALSE,46.9090909090909,-7.81818181818182,FALSE
"Sub057_ToD_Online","OA","Morning","27/10/24","3",9.15384615384615,3.30769230769231,FALSE,63.1538461538462,-32.2307692307692,FALSE
"Sub057_ToD_Online","OA","Morning","27/10/24","Overall",9.92307692307692,2.8974358974359,FALSE,52.9487179487179,-14.0769230769231,FALSE
"Sub058_ToD_Online","OA","Morning","27/10/24","1",95.1333333333333,-52.8666666666667,TRUE,88.4666666666667,-78.8666666666667,FALSE
"Sub058_ToD_Online","OA","Morning","27/10/24","2",91.5,-30.5,TRUE,77.5625,-11.6875,FALSE
"Sub058_ToD_Online","OA","Morning","27/10/24","3",98.3157894736842,12.5263157894737,TRUE,72.5789473684211,-15.7368421052632,FALSE
"Sub058_ToD_Online","OA","Morning","27/10/24","Overall",95.18,-20.86,TRUE,78.94,-33.38,FALSE
"Sub059_ToD_Online","OA","Morning","27/10/24","1",4.36842105263158,-2.78947368421053,FALSE,5.21052631578947,-0.0526315789473684,FALSE
"Sub059_ToD_Online","OA","Morning","27/10/24","2",2.85,-0.35,FALSE,7.15,-0.55,FALSE
"Sub059_ToD_Online","OA","Morning","27/10/24","3",4.7,0,FALSE,6.05,-0.95,FALSE
"Sub059_ToD_Online","OA","Morning","27/10/24","Overall",3.96610169491525,-1.01694915254237,FALSE,6.15254237288136,-0.525423728813559,FALSE
"Sub060_ToD_Online","OA","Morning","28/10/24","1",7.11764705882353,-1.23529411764706,FALSE,63.0588235294118,-27.6470588235294,FALSE
"Sub060_ToD_Online","OA","Morning","28/10/24","2",12.2631578947368,-1.63157894736842,FALSE,43.4736842105263,13.4736842105263,FALSE
"Sub060_ToD_Online","OA","Morning","28/10/24","3",7.63157894736842,2.47368421052632,FALSE,47.8421052631579,-30.7894736842105,FALSE
"Sub060_ToD_Online","OA","Morning","28/10/24","Overall",9.07272727272727,-0.0909090909090909,FALSE,51.0363636363636,-14.5272727272727,FALSE
"Sub061_ToD_Online","YA","Morning","28/10/24","1",5.75,-5.375,FALSE,14.4375,-0.0625,FALSE
"Sub061_ToD_Online","YA","Morning","28/10/24","2",8.0625,0.6875,FALSE,33.6875,-5.1875,FALSE
"Sub061_ToD_Online","YA","Morning","28/10/24","3",4.76470588235294,0.647058823529412,FALSE,29.0588235294118,1.17647058823529,FALSE
"Sub061_ToD_Online","YA","Morning","28/10/24","Overall",6.16326530612245,-1.30612244897959,FALSE,25.7959183673469,-1.30612244897959,FALSE
"Sub062_ToD_Online","YA","Night","28/10/24","1",4.68421052631579,0.789473684210526,FALSE,25.4736842105263,8.63157894736842,FALSE
"Sub062_ToD_Online","YA","Night","28/10/24","2",6.8125,-0.5625,FALSE,35.875,0.5,FALSE
"Sub062_ToD_Online","YA","Night","28/10/24","3",6.76923076923077,-4.92307692307692,FALSE,20.2307692307692,3.92307692307692,FALSE
"Sub062_ToD_Online","YA","Night","28/10/24","Overall",5.95833333333333,-1.20833333333333,FALSE,27.5208333333333,4.64583333333333,FALSE
"Sub063_ToD_Online","YA","Night","28/10/24","1",6.11764705882353,0.470588235294118,FALSE,30.9411764705882,-2,FALSE
"Sub063_ToD_Online","YA","Night","28/10/24","2",4.76923076923077,0.923076923076923,FALSE,12.7692307692308,9.53846153846154,FALSE
"Sub063_ToD_Online","YA","Night","28/10/24","3",4.69230769230769,1.30769230769231,FALSE,21.6153846153846,-13.7692307692308,FALSE
"Sub063_ToD_Online","YA","Night","28/10/24","Overall",5.27906976744186,0.86046511627907,FALSE,22.6279069767442,-2.06976744186047,FALSE
"Sub064_ToD_Online","YA","Night","28/10/24","1",7.1875,0.4375,FALSE,55.3125,-21.9375,FALSE
"Sub064_ToD_Online","YA","Night","28/10/24","2",5.26666666666667,1.13333333333333,FALSE,55.0666666666667,22.4,FALSE
"Sub064_ToD_Online","YA","Night","28/10/24","3",10.6153846153846,6.30769230769231,FALSE,34.3846153846154,3.15384615384615,FALSE
"Sub064_ToD_Online","YA","Night","28/10/24","Overall",7.54545454545455,2.40909090909091,FALSE,49.0454545454545,0.590909090909091,FALSE
"Sub065_ToD_Online","YA","Night","28/10/24","1",11.4210526315789,-2.57894736842105,FALSE,42.0526315789474,-14.3684210526316,FALSE
"Sub065_ToD_Online","YA","Night","28/10/24","2",5.38888888888889,3.38888888888889,FALSE,59.6111111111111,0.0555555555555556,FALSE
"Sub065_ToD_Online","YA","Night","28/10/24","3",6.9375,-2.6875,FALSE,54.0625,15.9375,FALSE
"Sub065_ToD_Online","YA","Night","28/10/24","Overall",8.0188679245283,-0.584905660377358,FALSE,51.6415094339623,-0.320754716981132,FALSE
"Sub066_ToD_Online","YA","Night","28/10/24","1",6.45,3.15,FALSE,54.45,13.75,FALSE
"Sub066_ToD_Online","YA","Night","28/10/24","2",5.94736842105263,0.473684210526316,FALSE,62.7368421052632,41.4736842105263,FALSE
"Sub066_ToD_Online","YA","Night","28/10/24","3",7.61111111111111,0.5,FALSE,36.5,3.16666666666667,FALSE
"Sub066_ToD_Online","YA","Night","28/10/24","Overall",6.64912280701754,1.42105263157895,FALSE,51.5438596491228,19.6491228070175,FALSE
"Sub068_ToD_Online","OA","Night","28/10/24","1",7.9375,-3.6875,FALSE,37.875,10,FALSE
"Sub068_ToD_Online","OA","Night","28/10/24","2",6.11111111111111,1.22222222222222,FALSE,53.0555555555556,-1.61111111111111,FALSE
"Sub068_ToD_Online","OA","Night","28/10/24","3",6.36842105263158,-0.368421052631579,FALSE,35.2631578947368,19.5789473684211,FALSE
"Sub068_ToD_Online","OA","Night","28/10/24","Overall",6.75471698113208,-0.830188679245283,FALSE,42.0943396226415,9.49056603773585,FALSE
"Sub069_ToD_Online","OA","Night","28/10/24","1",8.47058823529412,-1.41176470588235,FALSE,98.2352941176471,6.94117647058824,FALSE
"Sub069_ToD_Online","OA","Night","28/10/24","2",9.7,-0.7,FALSE,75,35.7,FALSE
"Sub069_ToD_Online","OA","Night","28/10/24","3",7.95,3.55,FALSE,96.7,-33.2,FALSE
"Sub069_ToD_Online","OA","Night","28/10/24","Overall",8.71929824561403,0.578947368421053,FALSE,89.5438596491228,2.94736842105263,FALSE
"Sub070_ToD_Online","OA","Night","28/10/24","1",10.8888888888889,1,FALSE,64.2222222222222,-0.555555555555556,FALSE
"Sub070_ToD_Online","OA","Night","28/10/24","2",8.77777777777778,-3.66666666666667,FALSE,68,-30.1111111111111,FALSE
"Sub070_ToD_Online","OA","Night","28/10/24","3",7,5,FALSE,102.777777777778,3.22222222222222,FALSE
"Sub070_ToD_Online","OA","Night","28/10/24","Overall",9.26666666666667,-0.0666666666666667,FALSE,73.4444444444444,-11.6222222222222,FALSE
"Sub071_ToD_Online","OA","Night","28/10/24","1",4.58333333333333,-1.41666666666667,FALSE,48.4166666666667,11.0833333333333,FALSE
"Sub071_ToD_Online","OA","Night","28/10/24","2",3.94444444444444,-0.611111111111111,FALSE,33.6111111111111,-0.388888888888889,FALSE
"Sub071_ToD_Online","OA","Night","28/10/24","3",16.3846153846154,13.4615384615385,FALSE,37.9230769230769,10.6923076923077,FALSE
"Sub071_ToD_Online","OA","Night","28/10/24","Overall",7.88372093023256,3.41860465116279,FALSE,39.046511627907,6.16279069767442,FALSE
"Sub072_ToD_Online","OA","Night","28/10/24","1",9.78947368421053,-3.15789473684211,FALSE,28.1578947368421,0.263157894736842,FALSE
"Sub072_ToD_Online","OA","Night","28/10/24","2",14.1111111111111,-4.44444444444444,FALSE,34.2222222222222,-6.22222222222222,FALSE
"Sub072_ToD_Online","OA","Night","28/10/24","3",16,6.84210526315789,FALSE,21,-7.42105263157895,FALSE
"Sub072_ToD_Online","OA","Night","28/10/24","Overall",13.2857142857143,-0.178571428571429,FALSE,27.6785714285714,-4.42857142857143,FALSE
"Sub073_ToD_Online","OA","Night","28/10/24","1",6.42105263157895,-2,FALSE,44.6842105263158,-3.42105263157895,FALSE
"Sub073_ToD_Online","OA","Night","28/10/24","2",6,0,FALSE,18,-5.89473684210526,FALSE
"Sub073_ToD_Online","OA","Night","28/10/24","3",3.9,-2.6,FALSE,16.75,-9.65,FALSE
"Sub073_ToD_Online","OA","Night","28/10/24","Overall",5.41379310344828,-1.55172413793103,FALSE,26.3103448275862,-6.37931034482759,FALSE
"Sub074_ToD_Online","OA","Night","6/11/2024","1",12.6111111111111,0.611111111111111,FALSE,38.4444444444444,32.1111111111111,FALSE
"Sub074_ToD_Online","OA","Night","6/11/2024","2",20.1578947368421,7.42105263157895,FALSE,34.8421052631579,-4.63157894736842,FALSE
"Sub074_ToD_Online","OA","Night","6/11/2024","3",13.2,3.4,FALSE,12.9,-0.8,FALSE
"Sub074_ToD_Online","OA","Night","6/11/2024","Overall",15.3333333333333,3.85964912280702,FALSE,28.280701754386,8.31578947368421,FALSE
"Sub075_ToD_Online","OA","Night","6/11/2024","1",7.31578947368421,-0.157894736842105,FALSE,68.3157894736842,-16,FALSE
"Sub075_ToD_Online","OA","Night","6/11/2024","2",4.94117647058824,-1.52941176470588,FALSE,34.5294117647059,-0.647058823529412,FALSE
"Sub075_ToD_Online","OA","Night","6/11/2024","3",4.52941176470588,0.176470588235294,FALSE,50.1764705882353,-10.7647058823529,FALSE
"Sub075_ToD_Online","OA","Night","6/11/2024","Overall",5.66037735849057,-0.490566037735849,FALSE,51.6603773584906,-9.39622641509434,FALSE
"Sub076_ToD_Online","OA","Night","6/11/2024","1",4.84615384615385,-0.538461538461538,FALSE,23.7692307692308,10.8461538461538,FALSE
"Sub076_ToD_Online","OA","Night","6/11/2024","2",5.6875,-0.4375,FALSE,61.0625,18.6875,FALSE
"Sub076_ToD_Online","OA","Night","6/11/2024","3",4.14285714285714,-1.14285714285714,FALSE,29.9285714285714,-15.6428571428571,FALSE
"Sub076_ToD_Online","OA","Night","6/11/2024","Overall",4.93023255813953,-0.697674418604651,FALSE,39.6511627906977,5.13953488372093,FALSE
"Sub077_ToD_Online","OA","Night","6/11/2024","1",10.875,3.375,FALSE,36.75,2.5,FALSE
"Sub077_ToD_Online","OA","Night","6/11/2024","2",9.27272727272727,-0.727272727272727,FALSE,57.8181818181818,-4,FALSE
"Sub077_ToD_Online","OA","Night","6/11/2024","3",9.9375,3.8125,FALSE,51,13.5,FALSE
"Sub077_ToD_Online","OA","Night","6/11/2024","Overall",9.94285714285714,2.28571428571429,FALSE,49.8857142857143,5.48571428571429,FALSE
"Sub078_ToD_Online","OA","Night","6/11/2024","1",9,-0.411764705882353,FALSE,66.4705882352941,-53.4117647058824,FALSE
"Sub078_ToD_Online","OA","Night","6/11/2024","2",5.26315789473684,1.78947368421053,FALSE,60.7894736842105,6.26315789473684,FALSE
"Sub078_ToD_Online","OA","Night","6/11/2024","3",5.27777777777778,-0.944444444444444,FALSE,67.6111111111111,0.5,FALSE
"Sub078_ToD_Online","OA","Night","6/11/2024","Overall",6.44444444444444,0.185185185185185,FALSE,64.8518518518518,-14.4444444444444,FALSE
"Sub079_ToD_Online","OA","Night","6/11/2024","1",5.38461538461539,-3.23076923076923,FALSE,29.3076923076923,6.53846153846154,FALSE
"Sub079_ToD_Online","OA","Night","6/11/2024","2",6.15384615384615,1.23076923076923,FALSE,69.3076923076923,3.61538461538462,FALSE
"Sub079_ToD_Online","OA","Night","6/11/2024","3",5.2,2.2,FALSE,37.9,1.9,FALSE
"Sub079_ToD_Online","OA","Night","6/11/2024","Overall",5.61111111111111,-0.111111111111111,FALSE,46.1388888888889,4.19444444444444,FALSE
"Sub080_ToD_Online","YA","Night","6/11/2024","1",6.90909090909091,-0.363636363636364,FALSE,42,2.18181818181818,FALSE
"Sub080_ToD_Online","YA","Night","6/11/2024","2",3.7,2.7,FALSE,27.6,2.8,FALSE
"Sub080_ToD_Online","YA","Night","6/11/2024","3",4,2.85714285714286,FALSE,41.3571428571429,2.64285714285714,FALSE
"Sub080_ToD_Online","YA","Night","6/11/2024","Overall",4.82857142857143,1.8,FALSE,37.6285714285714,2.54285714285714,FALSE
"Sub081_ToD_Online","YA","Night","6/11/2024","1",3.94444444444444,-0.5,FALSE,22.9444444444444,16.7222222222222,FALSE
"Sub081_ToD_Online","YA","Night","6/11/2024","2",2.875,0.75,FALSE,15.8125,-8.6875,FALSE
"Sub081_ToD_Online","YA","Night","6/11/2024","3",4.31578947368421,1.57894736842105,FALSE,28.6315789473684,-4.31578947368421,FALSE
"Sub081_ToD_Online","YA","Night","6/11/2024","Overall",3.75471698113208,0.622641509433962,FALSE,22.8301886792453,1.50943396226415,FALSE
"Sub082_ToD_Online","YA","Night","6/11/2024","1",6.4375,1.0625,FALSE,52.5625,-23.6875,FALSE
"Sub082_ToD_Online","YA","Night","6/11/2024","2",6.66666666666667,4.16666666666667,FALSE,69.1666666666667,65.6666666666667,FALSE
"Sub082_ToD_Online","YA","Night","6/11/2024","3",15.7857142857143,-4.07142857142857,FALSE,73.2142857142857,13.3571428571429,FALSE
"Sub082_ToD_Online","YA","Night","6/11/2024","Overall",9.61904761904762,0.238095238095238,FALSE,64.1904761904762,14.1904761904762,FALSE
"Sub083_ToD_Online","YA","Night","6/11/2024","1",6.47058823529412,-4.58823529411765,FALSE,51.2352941176471,4.52941176470588,FALSE
"Sub083_ToD_Online","YA","Night","6/11/2024","2",21.5,-7.94444444444444,FALSE,68.7777777777778,11.6666666666667,FALSE
"Sub083_ToD_Online","YA","Night","6/11/2024","3",6.9375,-3.9375,FALSE,59.5625,-23.9375,FALSE
"Sub083_ToD_Online","YA","Night","6/11/2024","Overall",11.921568627451,-5.56862745098039,FALSE,60.0392156862745,-1.88235294117647,FALSE
"Sub084_ToD_Online","YA","Night","6/11/2024","1",8,-2.63157894736842,FALSE,45.8421052631579,2.57894736842105,FALSE
"Sub084_ToD_Online","YA","Night","6/11/2024","2",7.26666666666667,1.4,FALSE,75,-7.53333333333333,FALSE
"Sub084_ToD_Online","YA","Night","6/11/2024","3",6.73333333333333,1.53333333333333,FALSE,33.8,18.7333333333333,FALSE
"Sub084_ToD_Online","YA","Night","6/11/2024","Overall",7.38775510204082,-0.122448979591837,FALSE,51.0816326530612,4.42857142857143,FALSE
"Sub085_ToD_Online","YA","Night","6/11/2024","1",6.5,-1.38888888888889,FALSE,33.0555555555556,0.833333333333333,FALSE
"Sub085_ToD_Online","YA","Night","6/11/2024","2",10.0625,-4.9375,FALSE,34,-27,FALSE
"Sub085_ToD_Online","YA","Night","6/11/2024","3",4,-0.4,FALSE,22.6,-8.8,FALSE
"Sub085_ToD_Online","YA","Night","6/11/2024","Overall",6.62962962962963,-2.07407407407407,FALSE,29.462962962963,-10.9814814814815,FALSE
"Sub086_ToD_Online","YA","Night","6/11/2024","1",6.52941176470588,-1.23529411764706,FALSE,39,1.23529411764706,FALSE
"Sub086_ToD_Online","YA","Night","6/11/2024","2",7.66666666666667,0,FALSE,67.25,19.25,FALSE
"Sub086_ToD_Online","YA","Night","6/11/2024","3",6.94117647058824,-0.823529411764706,FALSE,35.8235294117647,-3.47058823529412,FALSE
"Sub086_ToD_Online","YA","Night","6/11/2024","Overall",6.97826086956522,-0.760869565217391,FALSE,45.195652173913,4.19565217391304,FALSE
"Sub087_ToD_Online","YA","Morning","6/11/2024","1",3.90909090909091,-0.272727272727273,FALSE,44.1818181818182,9.63636363636364,FALSE
"Sub087_ToD_Online","YA","Morning","6/11/2024","2",4.66666666666667,-1.55555555555556,FALSE,14.5555555555556,-13.6666666666667,FALSE
"Sub087_ToD_Online","YA","Morning","6/11/2024","3",5,1.75,FALSE,62.5625,11.3125,FALSE
"Sub087_ToD_Online","YA","Morning","6/11/2024","Overall",4.58333333333333,0.305555555555556,FALSE,44.9444444444444,4.55555555555556,FALSE
"Sub088_ToD_Online","YA","Morning","6/12/2024","1",31.1,-1.9,FALSE,56.3,14.9,FALSE
"Sub088_ToD_Online","YA","Morning","6/12/2024","2",9.44444444444444,5.88888888888889,FALSE,39.8888888888889,12.1111111111111,FALSE
"Sub088_ToD_Online","YA","Morning","6/12/2024","3",11,3.92307692307692,FALSE,43.2307692307692,-20.4615384615385,FALSE
"Sub088_ToD_Online","YA","Morning","6/12/2024","Overall",16.84375,2.65625,FALSE,46.375,-0.25,FALSE
"Sub089_ToD_Online","YA","Morning","6/13/2024","1",3.46666666666667,0.4,FALSE,19.4,13.6666666666667,FALSE
"Sub089_ToD_Online","YA","Morning","6/13/2024","2",15.6,6.1,FALSE,31.5,-10.8,FALSE
"Sub089_ToD_Online","YA","Morning","6/13/2024","3",4.6875,-1.4375,FALSE,13.875,-8.875,FALSE
"Sub089_ToD_Online","YA","Morning","6/13/2024","Overall",8.6078431372549,2.05882352941176,FALSE,22.4117647058824,-3,FALSE
"Sub090_ToD_Online","OA","Morning","6/12/2024","1",7.8,-0.8,FALSE,44.1,11.5,FALSE
"Sub090_ToD_Online","OA","Morning","6/12/2024","2",5.5,-5.5,FALSE,49.3333333333333,-10.3333333333333,FALSE
"Sub090_ToD_Online","OA","Morning","6/12/2024","3",9.75,2.75,FALSE,78.75,-29.75,FALSE
"Sub090_ToD_Online","OA","Morning","6/12/2024","Overall",7.875,-0.791666666666667,FALSE,56.9583333333333,-7.70833333333333,FALSE
"Sub091_ToD_Online","OA","Morning","6/12/2024","1",10.4666666666667,2.86666666666667,FALSE,48.3333333333333,-5.13333333333333,FALSE
"Sub091_ToD_Online","OA","Morning","6/12/2024","2",9.66666666666667,1.88888888888889,FALSE,20.4444444444444,12,FALSE
"Sub091_ToD_Online","OA","Morning","6/12/2024","3",10.5,-5.5,FALSE,74.75,-52.25,FALSE
"Sub091_ToD_Online","OA","Morning","6/12/2024","Overall",10.1219512195122,0.804878048780488,FALSE,41.2439024390244,-6.80487804878049,FALSE
"Sub092_ToD_Online","YA","Morning","6/13/2024","1",6.92857142857143,0.928571428571429,FALSE,76.3571428571429,-0.642857142857143,FALSE
"Sub092_ToD_Online","YA","Morning","6/13/2024","2",25,-20.1428571428571,FALSE,43.5714285714286,3.57142857142857,FALSE
"Sub092_ToD_Online","YA","Morning","6/13/2024","3",4,-0.444444444444444,FALSE,96.8888888888889,-4.44444444444444,FALSE
"Sub092_ToD_Online","YA","Morning","6/13/2024","Overall",10.2666666666667,-4.4,FALSE,74.8666666666667,-0.8,FALSE
