"sub_id","AgeGroup","ToD_Condition","Date","block","absavg_recall","minavg_recall","outlier_Recall_Age"
"Sub001_ToD_Online","YA","Morning","23/10/24","Overall",92.7857142857143,3.21428571428571,FALSE
"Sub001_ToD_Online","YA","Morning","23/10/24","1",72.5714285714286,-4,FALSE
"Sub001_ToD_Online","YA","Morning","23/10/24","2",133.25,62.75,TRUE
"Sub001_ToD_Online","YA","Morning","23/10/24","3",86,-59.3333333333333,FALSE
"Sub002_ToD_Online","YA","Morning","23/10/24","Overall",73.0882352941177,0.735294117647059,FALSE
"Sub002_ToD_Online","YA","Morning","23/10/24","1",62.9375,-12.6875,FALSE
"Sub002_ToD_Online","YA","Morning","23/10/24","2",70.2727272727273,43.9090909090909,FALSE
"Sub002_ToD_Online","YA","Morning","23/10/24","3",100.714285714286,-36.4285714285714,FALSE
"Sub003_ToD_Online","OA","Night","23/10/24","Overall",29.4259259259259,-2.12962962962963,FALSE
"Sub003_ToD_Online","OA","Night","23/10/24","1",44.6428571428571,-1.5,FALSE
"Sub003_ToD_Online","OA","Night","23/10/24","2",33.6,0.9,FALSE
"Sub003_ToD_Online","OA","Night","23/10/24","3",14.6,-5.6,FALSE
"Sub004_ToD_Online","OA","Night","23/10/24","Overall",42.2857142857143,-5.42857142857143,FALSE
"Sub004_ToD_Online","OA","Night","23/10/24","1",43,7.83333333333333,FALSE
"Sub004_ToD_Online","OA","Night","23/10/24","2",54.4285714285714,6.28571428571429,FALSE
"Sub004_ToD_Online","OA","Night","23/10/24","3",31.125,-25.625,FALSE
"Sub005_ToD_Online","OA","Morning","24/10/24","Overall",15.1052631578947,-8.26315789473684,FALSE
"Sub005_ToD_Online","OA","Morning","24/10/24","1",16.2777777777778,-9.38888888888889,FALSE
"Sub005_ToD_Online","OA","Morning","24/10/24","2",16.7894736842105,-12.2631578947368,FALSE
"Sub005_ToD_Online","OA","Morning","24/10/24","3",12.45,-3.45,FALSE
"Sub006_ToD_Online","OA","Morning","24/10/24","Overall",46.7586206896552,-12.8275862068966,FALSE
"Sub006_ToD_Online","OA","Morning","24/10/24","1",37.5,-12.5,FALSE
"Sub006_ToD_Online","OA","Morning","24/10/24","2",46,-11.6666666666667,FALSE
"Sub006_ToD_Online","OA","Morning","24/10/24","3",52.6363636363636,-14.2727272727273,FALSE
"Sub007_ToD_Online","OA","Morning","24/10/24","Overall",68.0833333333333,-14.0416666666667,FALSE
"Sub007_ToD_Online","OA","Morning","24/10/24","1",51.2777777777778,-22.1666666666667,FALSE
"Sub007_ToD_Online","OA","Morning","24/10/24","2",81.1176470588235,-27.5882352941176,FALSE
"Sub007_ToD_Online","OA","Morning","24/10/24","3",74.3076923076923,14.9230769230769,FALSE
"Sub008_ToD_Online","YA","Night","23/10/24","Overall",46.6363636363636,-0.227272727272727,FALSE
"Sub008_ToD_Online","YA","Night","23/10/24","1",37.2307692307692,5.07692307692308,FALSE
"Sub008_ToD_Online","YA","Night","23/10/24","2",51,3,FALSE
"Sub008_ToD_Online","YA","Night","23/10/24","3",50.2777777777778,-6.38888888888889,FALSE
"Sub009_ToD_Online","YA","Night","23/10/24","Overall",34.9722222222222,0.861111111111111,FALSE
"Sub009_ToD_Online","YA","Night","23/10/24","1",28.2666666666667,2.66666666666667,FALSE
"Sub009_ToD_Online","YA","Night","23/10/24","2",39.3846153846154,11.2307692307692,FALSE
"Sub009_ToD_Online","YA","Night","23/10/24","3",40.375,-19.375,FALSE
"Sub010_ToD_Online","YA","Morning","24/10/24","Overall",32.8,-0.545454545454545,FALSE
"Sub010_ToD_Online","YA","Morning","24/10/24","1",34.3888888888889,-7.5,FALSE
"Sub010_ToD_Online","YA","Morning","24/10/24","2",28.8947368421053,3.94736842105263,FALSE
"Sub010_ToD_Online","YA","Morning","24/10/24","3",35.3333333333333,1.66666666666667,FALSE
"Sub011_ToD_Online","YA","Morning","24/10/24","Overall",60.3478260869565,-16.2608695652174,FALSE
"Sub011_ToD_Online","YA","Morning","24/10/24","1",56.6,-36.4666666666667,FALSE
"Sub011_ToD_Online","YA","Morning","24/10/24","2",72.2941176470588,24.4117647058824,FALSE
"Sub011_ToD_Online","YA","Morning","24/10/24","3",49.8571428571429,-44,FALSE
"Sub012_ToD_Online","YA","Night","24/10/24","Overall",20.3620689655172,7.18965517241379,FALSE
"Sub012_ToD_Online","YA","Night","24/10/24","1",8.25,-2.75,FALSE
"Sub012_ToD_Online","YA","Night","24/10/24","2",24.1,4.1,FALSE
"Sub012_ToD_Online","YA","Night","24/10/24","3",29.6666666666667,21.6666666666667,FALSE
"Sub013_ToD_Online","YA","Night","24/10/24","Overall",56.9795918367347,-6.04081632653061,FALSE
"Sub013_ToD_Online","YA","Night","24/10/24","1",46.25,-10.875,FALSE
"Sub013_ToD_Online","YA","Night","24/10/24","2",61.7647058823529,18.8235294117647,FALSE
"Sub013_ToD_Online","YA","Night","24/10/24","3",62.625,-27.625,FALSE
"Sub014_ToD_Online","YA","Night","24/10/24","Overall",27.22,-6.66,FALSE
"Sub014_ToD_Online","YA","Night","24/10/24","1",23.8947368421053,2.84210526315789,FALSE
"Sub014_ToD_Online","YA","Night","24/10/24","2",24.7058823529412,-8.11764705882353,FALSE
"Sub014_ToD_Online","YA","Night","24/10/24","3",34.7857142857143,-17.7857142857143,FALSE
"Sub015_ToD_Online","YA","Night","24/10/24","Overall",64,3.77272727272727,FALSE
"Sub015_ToD_Online","YA","Night","24/10/24","1",68.8571428571429,-23.5714285714286,FALSE
"Sub015_ToD_Online","YA","Night","24/10/24","2",78.5882352941177,17.5294117647059,FALSE
"Sub015_ToD_Online","YA","Night","24/10/24","3",39.6923076923077,15.2307692307692,FALSE
"Sub016_ToD_Online","OA","Night","24/10/24","Overall",51.02,-2.42,FALSE
"Sub016_ToD_Online","OA","Night","24/10/24","1",35.125,11,FALSE
"Sub016_ToD_Online","OA","Night","24/10/24","2",49.8125,-17.5625,FALSE
"Sub016_ToD_Online","OA","Night","24/10/24","3",66.2222222222222,-0.888888888888889,FALSE
"Sub017_ToD_Online","OA","Night","24/10/24","Overall",18.7241379310345,4.20689655172414,FALSE
"Sub017_ToD_Online","OA","Night","24/10/24","1",18.9444444444444,2.94444444444444,FALSE
"Sub017_ToD_Online","OA","Night","24/10/24","2",21.95,9.35,FALSE
"Sub017_ToD_Online","OA","Night","24/10/24","3",15.3,0.2,FALSE
"Sub018_ToD_Online","OA","Night","24/10/24","Overall",59,-15.0714285714286,FALSE
"Sub018_ToD_Online","OA","Night","24/10/24","1",74.5,-71.5,FALSE
"Sub018_ToD_Online","OA","Night","24/10/24","2",44.3,-2.9,FALSE
"Sub018_ToD_Online","OA","Night","24/10/24","3",63.5,3,FALSE
"Sub019_ToD_Online","OA","Night","24/10/24","Overall",32.2553191489362,4.59574468085106,FALSE
"Sub019_ToD_Online","OA","Night","24/10/24","1",29.0588235294118,8.70588235294118,FALSE
"Sub019_ToD_Online","OA","Night","24/10/24","2",46.5833333333333,4.41666666666667,FALSE
"Sub019_ToD_Online","OA","Night","24/10/24","3",25.7222222222222,0.833333333333333,FALSE
"Sub020_ToD_Online","YA","Morning","25/10/24","Overall",27.2631578947368,9.12280701754386,FALSE
"Sub020_ToD_Online","YA","Morning","25/10/24","1",22.7,-0.5,FALSE
"Sub020_ToD_Online","YA","Morning","25/10/24","2",31.4444444444444,12.7777777777778,FALSE
"Sub020_ToD_Online","YA","Morning","25/10/24","3",28.1052631578947,15.7894736842105,FALSE
"Sub021_ToD_Online","YA","Morning","25/10/24","Overall",31.1228070175439,-3.2280701754386,FALSE
"Sub021_ToD_Online","YA","Morning","25/10/24","1",51.3888888888889,-5.27777777777778,FALSE
"Sub021_ToD_Online","YA","Morning","25/10/24","2",33.6,-7.2,FALSE
"Sub021_ToD_Online","YA","Morning","25/10/24","3",9.31578947368421,2.89473684210526,FALSE
"Sub022_ToD_Online","YA","Morning","25/10/24","Overall",37.5,-0.852941176470588,FALSE
"Sub022_ToD_Online","YA","Morning","25/10/24","1",21.3333333333333,-1.46666666666667,FALSE
"Sub022_ToD_Online","YA","Morning","25/10/24","2",66.2,0.2,FALSE
"Sub022_ToD_Online","YA","Morning","25/10/24","3",32.5555555555556,-1,FALSE
"Sub023_ToD_Online","YA","Morning","25/10/24","Overall",35.1463414634146,1.63414634146341,FALSE
"Sub023_ToD_Online","YA","Morning","25/10/24","1",13.7692307692308,-2.07692307692308,FALSE
"Sub023_ToD_Online","YA","Morning","25/10/24","2",44.2307692307692,-10.3846153846154,FALSE
"Sub023_ToD_Online","YA","Morning","25/10/24","3",45.8,15.2666666666667,FALSE
"Sub024_ToD_Online","YA","Night","25/10/24","Overall",20.5,3.15384615384615,FALSE
"Sub024_ToD_Online","YA","Night","25/10/24","1",29.1,22.4,FALSE
"Sub024_ToD_Online","YA","Night","25/10/24","2",13.8333333333333,-4.61111111111111,FALSE
"Sub024_ToD_Online","YA","Night","25/10/24","3",16.7857142857143,-14.3571428571429,FALSE
"Sub025_ToD_Online","YA","Night","25/10/24","Overall",13.3728813559322,1.91525423728814,FALSE
"Sub025_ToD_Online","YA","Night","25/10/24","1",13.5263157894737,2.68421052631579,FALSE
"Sub025_ToD_Online","YA","Night","25/10/24","2",13.7,3.1,FALSE
"Sub025_ToD_Online","YA","Night","25/10/24","3",12.9,0,FALSE
"Sub026_ToD_Online","YA","Night","25/10/24","Overall",72.6060606060606,2.48484848484848,FALSE
"Sub026_ToD_Online","YA","Night","25/10/24","1",86.3636363636364,7.27272727272727,FALSE
"Sub026_ToD_Online","YA","Night","25/10/24","2",61.4615384615385,14.3846153846154,FALSE
"Sub026_ToD_Online","YA","Night","25/10/24","3",71.8888888888889,-20.5555555555556,FALSE
"Sub027_ToD_Online","YA","Morning","26/10/24","Overall",15.4565217391304,-3.41304347826087,FALSE
"Sub027_ToD_Online","YA","Morning","26/10/24","1",19,1.33333333333333,FALSE
"Sub027_ToD_Online","YA","Morning","26/10/24","2",9.625,-1.875,FALSE
"Sub027_ToD_Online","YA","Morning","26/10/24","3",17.9166666666667,-12.5833333333333,FALSE
"Sub028_ToD_Online","YA","Morning","26/10/34","Overall",67.5277777777778,-4.63888888888889,FALSE
"Sub028_ToD_Online","YA","Morning","26/10/34","1",54.9090909090909,-33.6363636363636,FALSE
"Sub028_ToD_Online","YA","Morning","26/10/34","2",57.5384615384615,33.0769230769231,FALSE
"Sub028_ToD_Online","YA","Morning","26/10/34","3",89.9166666666667,-18.9166666666667,FALSE
"Sub029_ToD_Online","YA","Morning","26/10/24","Overall",38.6279069767442,-5.37209302325581,FALSE
"Sub029_ToD_Online","YA","Morning","26/10/24","1",50.4705882352941,-9.64705882352941,FALSE
"Sub029_ToD_Online","YA","Morning","26/10/24","2",27.5,-4.25,FALSE
"Sub029_ToD_Online","YA","Morning","26/10/24","3",36.3,0.1,FALSE
"Sub030_ToD_Online","YA","Morning","27/10/24","Overall",101.969696969697,-3.42424242424242,FALSE
"Sub030_ToD_Online","YA","Morning","27/10/24","1",96,-26.6,FALSE
"Sub030_ToD_Online","YA","Morning","27/10/24","2",107.583333333333,0.916666666666667,FALSE
"Sub030_ToD_Online","YA","Morning","27/10/24","3",101.272727272727,12.9090909090909,FALSE
"Sub031_ToD_Online","YA","Morning","27/10/24","Overall",86.5957446808511,-23.4042553191489,FALSE
"Sub031_ToD_Online","YA","Morning","27/10/24","1",83.2,6.4,FALSE
"Sub031_ToD_Online","YA","Morning","27/10/24","2",81.6875,-3.6875,FALSE
"Sub031_ToD_Online","YA","Morning","27/10/24","3",94.6875,-71.0625,FALSE
"Sub032_ToD_Online","YA","Morning","27/10/24","Overall",73.8285714285714,-3.6,FALSE
"Sub032_ToD_Online","YA","Morning","27/10/24","1",61.2,13.8,FALSE
"Sub032_ToD_Online","YA","Morning","27/10/24","2",78.0769230769231,-1.15384615384615,FALSE
"Sub032_ToD_Online","YA","Morning","27/10/24","3",79.75,-20.75,FALSE
"Sub033_ToD_Online","YA","Morning","27/10/24","Overall",59.304347826087,3.47826086956522,FALSE
"Sub033_ToD_Online","YA","Morning","27/10/24","1",79.3846153846154,9.53846153846154,FALSE
"Sub033_ToD_Online","YA","Morning","27/10/24","2",51.6470588235294,-9.64705882352941,FALSE
"Sub033_ToD_Online","YA","Morning","27/10/24","3",51.125,12.5,FALSE
"Sub034_ToD_Online","YA","Morning","27/10/24","Overall",19.0344827586207,-3.06896551724138,FALSE
"Sub034_ToD_Online","YA","Morning","27/10/24","1",25.1052631578947,-3,FALSE
"Sub034_ToD_Online","YA","Morning","27/10/24","2",21.4210526315789,-4.68421052631579,FALSE
"Sub034_ToD_Online","YA","Morning","27/10/24","3",11,-1.6,FALSE
"Sub035_ToD_Online","YA","Morning","27/10/24","Overall",31.8846153846154,-8.80769230769231,FALSE
"Sub035_ToD_Online","YA","Morning","27/10/24","1",21.7647058823529,-3.76470588235294,FALSE
"Sub035_ToD_Online","YA","Morning","27/10/24","2",39.6470588235294,-17.7647058823529,FALSE
"Sub035_ToD_Online","YA","Morning","27/10/24","3",34.1111111111111,-5.11111111111111,FALSE
"Sub036_ToD_Online","YA","Morning","27/10/24","Overall",60.3,10.95,FALSE
"Sub036_ToD_Online","YA","Morning","27/10/24","1",68,1.23076923076923,FALSE
"Sub036_ToD_Online","YA","Morning","27/10/24","2",58,7.6,FALSE
"Sub036_ToD_Online","YA","Morning","27/10/24","3",54.8333333333333,25.6666666666667,FALSE
"Sub037_ToD_Online","YA","Morning","28/10/24","Overall",30.5869565217391,2.28260869565217,FALSE
"Sub037_ToD_Online","YA","Morning","28/10/24","1",20.0666666666667,14.3333333333333,FALSE
"Sub037_ToD_Online","YA","Morning","28/10/24","2",36.625,9.75,FALSE
"Sub037_ToD_Online","YA","Morning","28/10/24","3",34.6666666666667,-17.7333333333333,FALSE
"Sub038_ToD_Online","YA","Morning","28/10/24","Overall",7.52631578947368,3.59649122807018,FALSE
"Sub038_ToD_Online","YA","Morning","28/10/24","1",7.64705882352941,3.05882352941176,FALSE
"Sub038_ToD_Online","YA","Morning","28/10/24","2",9.55,5.45,FALSE
"Sub038_ToD_Online","YA","Morning","28/10/24","3",5.4,2.2,FALSE
"Sub039_ToD_Online","YA","Morning","28/10/24","Overall",74.0222222222222,0.333333333333333,FALSE
"Sub039_ToD_Online","YA","Morning","28/10/24","1",47.8125,5.3125,FALSE
"Sub039_ToD_Online","YA","Morning","28/10/24","2",104.785714285714,19.2142857142857,FALSE
"Sub039_ToD_Online","YA","Morning","28/10/24","3",73.2666666666667,-22.6,FALSE
"Sub040_ToD_Online","OA","Morning","25/10/24","Overall",87,-6.51351351351351,FALSE
"Sub040_ToD_Online","OA","Morning","25/10/24","1",77.625,-3.375,FALSE
"Sub040_ToD_Online","OA","Morning","25/10/24","2",114.777777777778,-29.4444444444444,FALSE
"Sub040_ToD_Online","OA","Morning","25/10/24","3",78.6666666666667,6.5,FALSE
"Sub041_ToD_Online","OA","Morning","25/10/24","Overall",52.5,-9.13157894736842,FALSE
"Sub041_ToD_Online","OA","Morning","25/10/24","1",77.4545454545455,5.27272727272727,FALSE
"Sub041_ToD_Online","OA","Morning","25/10/24","2",36.1875,5.4375,FALSE
"Sub041_ToD_Online","OA","Morning","25/10/24","3",51.2727272727273,-44.7272727272727,FALSE
"Sub042_ToD_Online","OA","Morning","25/10/24","Overall",20.4230769230769,-0.115384615384615,FALSE
"Sub042_ToD_Online","OA","Morning","25/10/24","1",24.4,-3.2,FALSE
"Sub042_ToD_Online","OA","Morning","25/10/24","2",12.5263157894737,2.73684210526316,FALSE
"Sub042_ToD_Online","OA","Morning","25/10/24","3",25.4444444444444,-0.555555555555556,FALSE
"Sub043_ToD_Online","OA","Morning","25/10/24","Overall",20.2241379310345,-2.91379310344828,FALSE
"Sub043_ToD_Online","OA","Morning","25/10/24","1",16.6315789473684,1.57894736842105,FALSE
"Sub043_ToD_Online","OA","Morning","25/10/24","2",17.9473684210526,-1.31578947368421,FALSE
"Sub043_ToD_Online","OA","Morning","25/10/24","3",25.8,-8.7,FALSE
"Sub044_ToD_Online","OA","Morning","25/10/24","Overall",86.7884615384615,-16.9807692307692,FALSE
"Sub044_ToD_Online","OA","Morning","25/10/24","1",100.5,-53.2142857142857,FALSE
"Sub044_ToD_Online","OA","Morning","25/10/24","2",67.5,-35.8333333333333,FALSE
"Sub044_ToD_Online","OA","Morning","25/10/24","3",94.55,25.35,FALSE
"Sub045_ToD_Online","OA","Morning","25/10/24","Overall",12.8135593220339,2.40677966101695,FALSE
"Sub045_ToD_Online","OA","Morning","25/10/24","1",13.6,-5.4,FALSE
"Sub045_ToD_Online","OA","Morning","25/10/24","2",7,1.2,FALSE
"Sub045_ToD_Online","OA","Morning","25/10/24","3",18.1052631578947,11.8947368421053,FALSE
"Sub046_ToD_Online","OA","Night","25/10/24","Overall",38.8333333333333,-6.45833333333333,FALSE
"Sub046_ToD_Online","OA","Night","25/10/24","1",34.8125,-2.0625,FALSE
"Sub046_ToD_Online","OA","Night","25/10/24","2",40.1176470588235,-14.8235294117647,FALSE
"Sub046_ToD_Online","OA","Night","25/10/24","3",41.6666666666667,-1.66666666666667,FALSE
"Sub047_ToD_Online","OA","Night","25/10/24","Overall",83.9512195121951,-22.2926829268293,FALSE
"Sub047_ToD_Online","OA","Night","25/10/24","1",89.5333333333333,-25.9333333333333,FALSE
"Sub047_ToD_Online","OA","Night","25/10/24","2",81.0714285714286,-39.7857142857143,FALSE
"Sub047_ToD_Online","OA","Night","25/10/24","3",80.3333333333333,2.66666666666667,FALSE
"Sub048_ToD_Online","OA","Night","25/10/24","Overall",88.8222222222222,5.31111111111111,FALSE
"Sub048_ToD_Online","OA","Night","25/10/24","1",64.75,-15.5833333333333,FALSE
"Sub048_ToD_Online","OA","Night","25/10/24","2",112,17.2,FALSE
"Sub048_ToD_Online","OA","Night","25/10/24","3",85.5555555555556,9.33333333333333,FALSE
"Sub049_ToD_Online","OA","Morning","26/10/24","Overall",60.5348837209302,-5.69767441860465,FALSE
"Sub049_ToD_Online","OA","Morning","26/10/24","1",64.5714285714286,-5.71428571428571,FALSE
"Sub049_ToD_Online","OA","Morning","26/10/24","2",51.9230769230769,-6.69230769230769,FALSE
"Sub049_ToD_Online","OA","Morning","26/10/24","3",64,-4.875,FALSE
"Sub050_ToD_Online","OA","Morning","26/10/24","Overall",30.5,-3.98148148148148,FALSE
"Sub050_ToD_Online","OA","Morning","26/10/24","1",24.6315789473684,-3.78947368421053,FALSE
"Sub050_ToD_Online","OA","Morning","26/10/24","2",56.4375,-9.4375,FALSE
"Sub050_ToD_Online","OA","Morning","26/10/24","3",14.5263157894737,0.421052631578947,FALSE
"Sub051_ToD_Online","OA","Morning","26/10/24","Overall",29.6792452830189,-8.32075471698113,FALSE
"Sub051_ToD_Online","OA","Morning","26/10/24","1",18.5789473684211,-4.47368421052632,FALSE
"Sub051_ToD_Online","OA","Morning","26/10/24","2",49.5294117647059,-22.3529411764706,FALSE
"Sub051_ToD_Online","OA","Morning","26/10/24","3",22.2352941176471,1.41176470588235,FALSE
"Sub052_ToD_Online","OA","Morning","26/10/24","Overall",41.825,0.275,FALSE
"Sub052_ToD_Online","OA","Morning","26/10/24","1",49.875,-9.375,FALSE
"Sub052_ToD_Online","OA","Morning","26/10/24","2",43.1818181818182,25.1818181818182,FALSE
"Sub052_ToD_Online","OA","Morning","26/10/24","3",30.7692307692308,-8.92307692307692,FALSE
"Sub053_ToD_Online","OA","Morning","26/10/24","Overall",56.8409090909091,-3.11363636363636,FALSE
"Sub053_ToD_Online","OA","Morning","26/10/24","1",31.6923076923077,16.9230769230769,FALSE
"Sub053_ToD_Online","OA","Morning","26/10/24","2",73.2307692307692,16.1538461538462,FALSE
"Sub053_ToD_Online","OA","Morning","26/10/24","3",63.1666666666667,-31.5,FALSE
"Sub054_ToD_Online","OA","Morning","26/10/24","Overall",63.2333333333333,-3.96666666666667,FALSE
"Sub054_ToD_Online","OA","Morning","26/10/24","1",60.2,0.5,FALSE
"Sub054_ToD_Online","OA","Morning","26/10/24","2",69.9,7.7,FALSE
"Sub054_ToD_Online","OA","Morning","26/10/24","3",59.6,-20.1,FALSE
"Sub055_ToD_Online","OA","Morning","27/10/24","Overall",94.9607843137255,-2.25490196078431,FALSE
"Sub055_ToD_Online","OA","Morning","27/10/24","1",98.3333333333333,-24.8666666666667,FALSE
"Sub055_ToD_Online","OA","Morning","27/10/24","2",96.4375,28.1875,FALSE
"Sub055_ToD_Online","OA","Morning","27/10/24","3",91.25,-9.65,FALSE
"Sub056_ToD_Online","OA","Morning","27/10/24","Overall",81.7,-2.34,FALSE
"Sub056_ToD_Online","OA","Morning","27/10/24","1",55.0769230769231,-18,FALSE
"Sub056_ToD_Online","OA","Morning","27/10/24","2",103,9.33333333333333,FALSE
"Sub056_ToD_Online","OA","Morning","27/10/24","3",79.7368421052632,-2.68421052631579,FALSE
"Sub057_ToD_Online","OA","Morning","27/10/24","Overall",52.9487179487179,-14.0769230769231,FALSE
"Sub057_ToD_Online","OA","Morning","27/10/24","1",48.5333333333333,-2.93333333333333,FALSE
"Sub057_ToD_Online","OA","Morning","27/10/24","2",46.9090909090909,-7.81818181818182,FALSE
"Sub057_ToD_Online","OA","Morning","27/10/24","3",63.1538461538462,-32.2307692307692,FALSE
"Sub058_ToD_Online","OA","Morning","27/10/24","Overall",78.94,-33.38,FALSE
"Sub058_ToD_Online","OA","Morning","27/10/24","1",88.4666666666667,-78.8666666666667,FALSE
"Sub058_ToD_Online","OA","Morning","27/10/24","2",77.5625,-11.6875,FALSE
"Sub058_ToD_Online","OA","Morning","27/10/24","3",72.5789473684211,-15.7368421052632,FALSE
"Sub059_ToD_Online","OA","Morning","27/10/24","Overall",6.15254237288136,-0.525423728813559,FALSE
"Sub059_ToD_Online","OA","Morning","27/10/24","1",5.21052631578947,-0.0526315789473684,FALSE
"Sub059_ToD_Online","OA","Morning","27/10/24","2",7.15,-0.55,FALSE
"Sub059_ToD_Online","OA","Morning","27/10/24","3",6.05,-0.95,FALSE
"Sub060_ToD_Online","OA","Morning","28/10/24","Overall",51.0363636363636,-14.5272727272727,FALSE
"Sub060_ToD_Online","OA","Morning","28/10/24","1",63.0588235294118,-27.6470588235294,FALSE
"Sub060_ToD_Online","OA","Morning","28/10/24","2",43.4736842105263,13.4736842105263,FALSE
"Sub060_ToD_Online","OA","Morning","28/10/24","3",47.8421052631579,-30.7894736842105,FALSE
"Sub061_ToD_Online","YA","Morning","28/10/24","Overall",25.7959183673469,-1.30612244897959,FALSE
"Sub061_ToD_Online","YA","Morning","28/10/24","1",14.4375,-0.0625,FALSE
"Sub061_ToD_Online","YA","Morning","28/10/24","2",33.6875,-5.1875,FALSE
"Sub061_ToD_Online","YA","Morning","28/10/24","3",29.0588235294118,1.17647058823529,FALSE
"Sub062_ToD_Online","YA","Night","28/10/24","Overall",27.5208333333333,4.64583333333333,FALSE
"Sub062_ToD_Online","YA","Night","28/10/24","1",25.4736842105263,8.63157894736842,FALSE
"Sub062_ToD_Online","YA","Night","28/10/24","2",35.875,0.5,FALSE
"Sub062_ToD_Online","YA","Night","28/10/24","3",20.2307692307692,3.92307692307692,FALSE
"Sub063_ToD_Online","YA","Night","28/10/24","Overall",22.6279069767442,-2.06976744186047,FALSE
"Sub063_ToD_Online","YA","Night","28/10/24","1",30.9411764705882,-2,FALSE
"Sub063_ToD_Online","YA","Night","28/10/24","2",12.7692307692308,9.53846153846154,FALSE
"Sub063_ToD_Online","YA","Night","28/10/24","3",21.6153846153846,-13.7692307692308,FALSE
"Sub064_ToD_Online","YA","Night","28/10/24","Overall",49.0454545454545,0.590909090909091,FALSE
"Sub064_ToD_Online","YA","Night","28/10/24","1",55.3125,-21.9375,FALSE
"Sub064_ToD_Online","YA","Night","28/10/24","2",55.0666666666667,22.4,FALSE
"Sub064_ToD_Online","YA","Night","28/10/24","3",34.3846153846154,3.15384615384615,FALSE
"Sub065_ToD_Online","YA","Night","28/10/24","Overall",51.6415094339623,-0.320754716981132,FALSE
"Sub065_ToD_Online","YA","Night","28/10/24","1",42.0526315789474,-14.3684210526316,FALSE
"Sub065_ToD_Online","YA","Night","28/10/24","2",59.6111111111111,0.0555555555555556,FALSE
"Sub065_ToD_Online","YA","Night","28/10/24","3",54.0625,15.9375,FALSE
"Sub066_ToD_Online","YA","Night","28/10/24","Overall",51.5438596491228,19.6491228070175,FALSE
"Sub066_ToD_Online","YA","Night","28/10/24","1",54.45,13.75,FALSE
"Sub066_ToD_Online","YA","Night","28/10/24","2",62.7368421052632,41.4736842105263,FALSE
"Sub066_ToD_Online","YA","Night","28/10/24","3",36.5,3.16666666666667,FALSE
"Sub068_ToD_Online","OA","Night","28/10/24","Overall",42.0943396226415,9.49056603773585,FALSE
"Sub068_ToD_Online","OA","Night","28/10/24","1",37.875,10,FALSE
"Sub068_ToD_Online","OA","Night","28/10/24","2",53.0555555555556,-1.61111111111111,FALSE
"Sub068_ToD_Online","OA","Night","28/10/24","3",35.2631578947368,19.5789473684211,FALSE
"Sub069_ToD_Online","OA","Night","28/10/24","Overall",89.5438596491228,2.94736842105263,FALSE
"Sub069_ToD_Online","OA","Night","28/10/24","1",98.2352941176471,6.94117647058824,FALSE
"Sub069_ToD_Online","OA","Night","28/10/24","2",75,35.7,FALSE
"Sub069_ToD_Online","OA","Night","28/10/24","3",96.7,-33.2,FALSE
"Sub070_ToD_Online","OA","Night","28/10/24","Overall",73.4444444444444,-11.6222222222222,FALSE
"Sub070_ToD_Online","OA","Night","28/10/24","1",64.2222222222222,-0.555555555555556,FALSE
"Sub070_ToD_Online","OA","Night","28/10/24","2",68,-30.1111111111111,FALSE
"Sub070_ToD_Online","OA","Night","28/10/24","3",102.777777777778,3.22222222222222,FALSE
"Sub071_ToD_Online","OA","Night","28/10/24","Overall",39.046511627907,6.16279069767442,FALSE
"Sub071_ToD_Online","OA","Night","28/10/24","1",48.4166666666667,11.0833333333333,FALSE
"Sub071_ToD_Online","OA","Night","28/10/24","2",33.6111111111111,-0.388888888888889,FALSE
"Sub071_ToD_Online","OA","Night","28/10/24","3",37.9230769230769,10.6923076923077,FALSE
"Sub072_ToD_Online","OA","Night","28/10/24","Overall",27.6785714285714,-4.42857142857143,FALSE
"Sub072_ToD_Online","OA","Night","28/10/24","1",28.1578947368421,0.263157894736842,FALSE
"Sub072_ToD_Online","OA","Night","28/10/24","2",34.2222222222222,-6.22222222222222,FALSE
"Sub072_ToD_Online","OA","Night","28/10/24","3",21,-7.42105263157895,FALSE
"Sub073_ToD_Online","OA","Night","28/10/24","Overall",26.3103448275862,-6.37931034482759,FALSE
"Sub073_ToD_Online","OA","Night","28/10/24","1",44.6842105263158,-3.42105263157895,FALSE
"Sub073_ToD_Online","OA","Night","28/10/24","2",18,-5.89473684210526,FALSE
"Sub073_ToD_Online","OA","Night","28/10/24","3",16.75,-9.65,FALSE
"Sub074_ToD_Online","OA","Night","6/11/2024","Overall",28.280701754386,8.31578947368421,FALSE
"Sub074_ToD_Online","OA","Night","6/11/2024","1",38.4444444444444,32.1111111111111,FALSE
"Sub074_ToD_Online","OA","Night","6/11/2024","2",34.8421052631579,-4.63157894736842,FALSE
"Sub074_ToD_Online","OA","Night","6/11/2024","3",12.9,-0.8,FALSE
"Sub075_ToD_Online","OA","Night","6/11/2024","Overall",51.6603773584906,-9.39622641509434,FALSE
"Sub075_ToD_Online","OA","Night","6/11/2024","1",68.3157894736842,-16,FALSE
"Sub075_ToD_Online","OA","Night","6/11/2024","2",34.5294117647059,-0.647058823529412,FALSE
"Sub075_ToD_Online","OA","Night","6/11/2024","3",50.1764705882353,-10.7647058823529,FALSE
"Sub076_ToD_Online","OA","Night","6/11/2024","Overall",39.6511627906977,5.13953488372093,FALSE
"Sub076_ToD_Online","OA","Night","6/11/2024","1",23.7692307692308,10.8461538461538,FALSE
"Sub076_ToD_Online","OA","Night","6/11/2024","2",61.0625,18.6875,FALSE
"Sub076_ToD_Online","OA","Night","6/11/2024","3",29.9285714285714,-15.6428571428571,FALSE
"Sub077_ToD_Online","OA","Night","6/11/2024","Overall",49.8857142857143,5.48571428571429,FALSE
"Sub077_ToD_Online","OA","Night","6/11/2024","1",36.75,2.5,FALSE
"Sub077_ToD_Online","OA","Night","6/11/2024","2",57.8181818181818,-4,FALSE
"Sub077_ToD_Online","OA","Night","6/11/2024","3",51,13.5,FALSE
"Sub078_ToD_Online","OA","Night","6/11/2024","Overall",64.8518518518518,-14.4444444444444,FALSE
"Sub078_ToD_Online","OA","Night","6/11/2024","1",66.4705882352941,-53.4117647058824,FALSE
"Sub078_ToD_Online","OA","Night","6/11/2024","2",60.7894736842105,6.26315789473684,FALSE
"Sub078_ToD_Online","OA","Night","6/11/2024","3",67.6111111111111,0.5,FALSE
"Sub079_ToD_Online","OA","Night","6/11/2024","Overall",46.1388888888889,4.19444444444444,FALSE
"Sub079_ToD_Online","OA","Night","6/11/2024","1",29.3076923076923,6.53846153846154,FALSE
"Sub079_ToD_Online","OA","Night","6/11/2024","2",69.3076923076923,3.61538461538462,FALSE
"Sub079_ToD_Online","OA","Night","6/11/2024","3",37.9,1.9,FALSE
"Sub080_ToD_Online","YA","Night","6/11/2024","Overall",37.6285714285714,2.54285714285714,FALSE
"Sub080_ToD_Online","YA","Night","6/11/2024","1",42,2.18181818181818,FALSE
"Sub080_ToD_Online","YA","Night","6/11/2024","2",27.6,2.8,FALSE
"Sub080_ToD_Online","YA","Night","6/11/2024","3",41.3571428571429,2.64285714285714,FALSE
"Sub081_ToD_Online","YA","Night","6/11/2024","Overall",22.8301886792453,1.50943396226415,FALSE
"Sub081_ToD_Online","YA","Night","6/11/2024","1",22.9444444444444,16.7222222222222,FALSE
"Sub081_ToD_Online","YA","Night","6/11/2024","2",15.8125,-8.6875,FALSE
"Sub081_ToD_Online","YA","Night","6/11/2024","3",28.6315789473684,-4.31578947368421,FALSE
"Sub082_ToD_Online","YA","Night","6/11/2024","Overall",64.1904761904762,14.1904761904762,FALSE
"Sub082_ToD_Online","YA","Night","6/11/2024","1",52.5625,-23.6875,FALSE
"Sub082_ToD_Online","YA","Night","6/11/2024","2",69.1666666666667,65.6666666666667,FALSE
"Sub082_ToD_Online","YA","Night","6/11/2024","3",73.2142857142857,13.3571428571429,FALSE
"Sub083_ToD_Online","YA","Night","6/11/2024","Overall",60.0392156862745,-1.88235294117647,FALSE
"Sub083_ToD_Online","YA","Night","6/11/2024","1",51.2352941176471,4.52941176470588,FALSE
"Sub083_ToD_Online","YA","Night","6/11/2024","2",68.7777777777778,11.6666666666667,FALSE
"Sub083_ToD_Online","YA","Night","6/11/2024","3",59.5625,-23.9375,FALSE
"Sub084_ToD_Online","YA","Night","6/11/2024","Overall",51.0816326530612,4.42857142857143,FALSE
"Sub084_ToD_Online","YA","Night","6/11/2024","1",45.8421052631579,2.57894736842105,FALSE
"Sub084_ToD_Online","YA","Night","6/11/2024","2",75,-7.53333333333333,FALSE
"Sub084_ToD_Online","YA","Night","6/11/2024","3",33.8,18.7333333333333,FALSE
"Sub085_ToD_Online","YA","Night","6/11/2024","Overall",29.462962962963,-10.9814814814815,FALSE
"Sub085_ToD_Online","YA","Night","6/11/2024","1",33.0555555555556,0.833333333333333,FALSE
"Sub085_ToD_Online","YA","Night","6/11/2024","2",34,-27,FALSE
"Sub085_ToD_Online","YA","Night","6/11/2024","3",22.6,-8.8,FALSE
"Sub086_ToD_Online","YA","Night","6/11/2024","Overall",45.195652173913,4.19565217391304,FALSE
"Sub086_ToD_Online","YA","Night","6/11/2024","1",39,1.23529411764706,FALSE
"Sub086_ToD_Online","YA","Night","6/11/2024","2",67.25,19.25,FALSE
"Sub086_ToD_Online","YA","Night","6/11/2024","3",35.8235294117647,-3.47058823529412,FALSE
"Sub087_ToD_Online","YA","Morning","6/11/2024","Overall",44.9444444444444,4.55555555555556,FALSE
"Sub087_ToD_Online","YA","Morning","6/11/2024","1",44.1818181818182,9.63636363636364,FALSE
"Sub087_ToD_Online","YA","Morning","6/11/2024","2",14.5555555555556,-13.6666666666667,FALSE
"Sub087_ToD_Online","YA","Morning","6/11/2024","3",62.5625,11.3125,FALSE
"Sub088_ToD_Online","YA","Morning","6/12/2024","Overall",46.375,-0.25,FALSE
"Sub088_ToD_Online","YA","Morning","6/12/2024","1",56.3,14.9,FALSE
"Sub088_ToD_Online","YA","Morning","6/12/2024","2",39.8888888888889,12.1111111111111,FALSE
"Sub088_ToD_Online","YA","Morning","6/12/2024","3",43.2307692307692,-20.4615384615385,FALSE
"Sub089_ToD_Online","YA","Morning","6/13/2024","Overall",22.4117647058824,-3,FALSE
"Sub089_ToD_Online","YA","Morning","6/13/2024","1",19.4,13.6666666666667,FALSE
"Sub089_ToD_Online","YA","Morning","6/13/2024","2",31.5,-10.8,FALSE
"Sub089_ToD_Online","YA","Morning","6/13/2024","3",13.875,-8.875,FALSE
"Sub090_ToD_Online","OA","Morning","6/12/2024","Overall",56.9583333333333,-7.70833333333333,FALSE
"Sub090_ToD_Online","OA","Morning","6/12/2024","1",44.1,11.5,FALSE
"Sub090_ToD_Online","OA","Morning","6/12/2024","2",49.3333333333333,-10.3333333333333,FALSE
"Sub090_ToD_Online","OA","Morning","6/12/2024","3",78.75,-29.75,FALSE
"Sub091_ToD_Online","OA","Morning","6/12/2024","Overall",41.2439024390244,-6.80487804878049,FALSE
"Sub091_ToD_Online","OA","Morning","6/12/2024","1",48.3333333333333,-5.13333333333333,FALSE
"Sub091_ToD_Online","OA","Morning","6/12/2024","2",20.4444444444444,12,FALSE
"Sub091_ToD_Online","OA","Morning","6/12/2024","3",74.75,-52.25,FALSE
"Sub092_ToD_Online","YA","Morning","6/13/2024","Overall",74.8666666666667,-0.8,FALSE
"Sub092_ToD_Online","YA","Morning","6/13/2024","1",76.3571428571429,-0.642857142857143,FALSE
"Sub092_ToD_Online","YA","Morning","6/13/2024","2",43.5714285714286,3.57142857142857,FALSE
"Sub092_ToD_Online","YA","Morning","6/13/2024","3",96.8888888888889,-4.44444444444444,FALSE
