"sub_id","AgeGroup","ToD_Condition","Date","absavg_recall_blockOverall","absavg_recall_block1","absavg_recall_block2","absavg_recall_block3","minavg_recall_blockOverall","minavg_recall_block1","minavg_recall_block2","minavg_recall_block3","absavg_learning_blockOverall","absavg_learning_block1","absavg_learning_block2","absavg_learning_block3","minavg_learning_blockOverall","minavg_learning_block1","minavg_learning_block2","minavg_learning_block3","CorrectRecallOld_block1","CorrectRecallOld_block2","CorrectRecallOld_block3","CorrectRecallOld_blockOverall","ForgetRecallOld_block1","ForgetRecallOld_block2","ForgetRecallOld_block3","ForgetRecallOld_blockOverall","CorrectRecallNew_block1","CorrectRecallNew_block2","CorrectRecallNew_block3","CorrectRecallNew_blockOverall","NewRecallOld_block1","NewRecallOld_block2","NewRecallOld_block3","NewRecallOld_blockOverall"
"Sub001_ToD_Online","YA","Morning","23/10/24",92.7857142857143,72.5714285714286,133.25,86,3.21428571428571,-4,62.75,-59.3333333333333,107.5,88.8571428571429,129.25,122,13.7857142857143,34,-41.75,40.6666666666667,7,4,3,14,13,16,17,46,8,8,6,22,0,0,2,2
"Sub002_ToD_Online","YA","Morning","23/10/24",73.0882352941177,62.9375,70.2727272727273,100.714285714286,0.735294117647059,-12.6875,43.9090909090909,-36.4285714285714,5.14705882352941,6.375,4.09090909090909,4,-0.205882352941176,1.25,-2.81818181818182,0.571428571428571,16,11,7,34,4,9,13,26,8,8,5,21,0,1,2,3
"Sub003_ToD_Online","OA","Night","23/10/24",29.4259259259259,44.6428571428571,33.6,14.6,-2.12962962962963,-1.5,0.9,-5.6,6.92592592592593,6,7,7.5,0.592592592592593,0.714285714285714,-0.6,1.7,14,20,20,54,6,0,0,6,8,8,7,23,0,0,1,1
"Sub004_ToD_Online","OA","Night","23/10/24",42.2857142857143,43,54.4285714285714,31.125,-5.42857142857143,7.83333333333333,6.28571428571429,-25.625,6.26190476190476,6.41666666666667,7.78571428571429,4.8125,-0.404761904761905,0.0833333333333333,2.35714285714286,-3.1875,12,14,16,42,7,6,4,17,8,8,8,24,0,0,0,0
"Sub005_ToD_Online","OA","Morning","24/10/24",15.1052631578947,16.2777777777778,16.7894736842105,12.45,-8.26315789473684,-9.38888888888889,-12.2631578947368,-3.45,7.14035087719298,6.38888888888889,7.21052631578947,7.75,-0.859649122807018,-0.944444444444444,-0.789473684210526,-0.85,18,19,20,57,2,1,0,3,6,9,7,22,1,0,0,1
"Sub006_ToD_Online","OA","Morning","24/10/24",46.7586206896552,37.5,46,52.6363636363636,-12.8275862068966,-12.5,-11.6666666666667,-14.2727272727273,7.10344827586207,3.33333333333333,9.5,6.54545454545455,-1.79310344827586,1,-5,0.181818181818182,6,12,11,29,12,8,9,29,6,9,7,22,1,0,0,1
"Sub007_ToD_Online","OA","Morning","24/10/24",68.0833333333333,51.2777777777778,81.1176470588235,74.3076923076923,-14.0416666666667,-22.1666666666667,-27.5882352941176,14.9230769230769,35.8958333333333,8.05555555555556,40.8235294117647,68,13.1458333333333,1.27777777777778,9.52941176470588,34.3076923076923,18,17,13,48,2,3,7,12,7,9,6,22,0,0,1,1
"Sub008_ToD_Online","YA","Night","23/10/24",46.6363636363636,37.2307692307692,51,50.2777777777778,-0.227272727272727,5.07692307692308,3,-6.38888888888889,11.3863636363636,9.23076923076923,6.53846153846154,16.4444444444444,-4.38636363636364,-4,-0.230769230769231,-7.66666666666667,13,13,18,44,7,7,2,16,8,7,7,22,0,1,1,2
"Sub009_ToD_Online","YA","Night","23/10/24",34.9722222222222,28.2666666666667,39.3846153846154,40.375,0.861111111111111,2.66666666666667,11.2307692307692,-19.375,5.25,5.13333333333333,6.07692307692308,4.125,-1.47222222222222,-2.33333333333333,-0.0769230769230769,-2.125,15,13,8,36,5,7,12,24,7,9,7,23,0,0,0,0
"Sub010_ToD_Online","YA","Morning","24/10/24",32.8,34.3888888888889,28.8947368421053,35.3333333333333,-0.545454545454545,-7.5,3.94736842105263,1.66666666666667,20.1818181818182,15.2222222222222,18.3157894736842,27.1111111111111,-1.85454545454545,-1.22222222222222,-4.31578947368421,0.111111111111111,18,19,18,55,2,1,2,5,8,7,6,21,0,1,2,3
"Sub011_ToD_Online","YA","Morning","24/10/24",60.3478260869565,56.6,72.2941176470588,49.8571428571429,-16.2608695652174,-36.4666666666667,24.4117647058824,-44,8.28260869565217,8.26666666666667,10.1764705882353,6,1.3695652173913,4,-0.294117647058824,0.571428571428571,15,17,14,46,4,3,6,13,8,7,8,23,0,1,0,1
"Sub012_ToD_Online","YA","Night","24/10/24",20.3620689655172,8.25,24.1,29.6666666666667,7.18965517241379,-2.75,4.1,21.6666666666667,4.13793103448276,4.4,3.45,4.61111111111111,0.586206896551724,0.3,-0.25,1.83333333333333,20,20,18,58,0,0,2,2,8,8,8,24,0,0,0,0
"Sub013_ToD_Online","YA","Night","24/10/24",56.9795918367347,46.25,61.7647058823529,62.625,-6.04081632653061,-10.875,18.8235294117647,-27.625,11.1428571428571,7.0625,19.2352941176471,6.625,3.79591836734694,-4.5625,14.5294117647059,0.75,16,17,16,49,4,3,4,11,6,9,7,22,1,0,0,1
"Sub014_ToD_Online","YA","Night","24/10/24",27.22,23.8947368421053,24.7058823529412,34.7857142857143,-6.66,2.84210526315789,-8.11764705882353,-17.7857142857143,6.12,6.73684210526316,5,6.64285714285714,0.04,0.842105263157895,0.529411764705882,-1.64285714285714,19,17,14,50,1,3,6,10,8,8,8,24,0,0,0,0
"Sub015_ToD_Online","YA","Night","24/10/24",64,68.8571428571429,78.5882352941177,39.6923076923077,3.77272727272727,-23.5714285714286,17.5294117647059,15.2307692307692,8.47727272727273,9.42857142857143,10,5.46153846153846,-0.295454545454545,4.71428571428571,-2.82352941176471,-2.38461538461538,14,17,13,44,6,3,7,16,8,8,8,24,0,0,0,0
"Sub016_ToD_Online","OA","Night","24/10/24",51.02,35.125,49.8125,66.2222222222222,-2.42,11,-17.5625,-0.888888888888889,11.1,9,12.1875,12,3.82,1.5,8.5625,1.66666666666667,16,16,18,50,4,4,2,10,8,8,8,24,0,0,0,0
"Sub017_ToD_Online","OA","Night","24/10/24",18.7241379310345,18.9444444444444,21.95,15.3,4.20689655172414,2.94444444444444,9.35,0.2,6.25862068965517,4.72222222222222,6.45,7.45,-1.87931034482759,-3.61111111111111,0.55,-2.75,18,20,20,58,2,0,0,2,8,9,7,24,0,0,0,0
"Sub018_ToD_Online","OA","Night","24/10/24",59,74.5,44.3,63.5,-15.0714285714286,-71.5,-2.9,3,9.46428571428571,11.8333333333333,8.8,8.83333333333333,-5.53571428571429,-3.83333333333333,-6.4,-5.66666666666667,6,10,12,28,12,10,8,30,8,8,6,22,0,0,2,2
"Sub019_ToD_Online","OA","Night","24/10/24",32.2553191489362,29.0588235294118,46.5833333333333,25.7222222222222,4.59574468085106,8.70588235294118,4.41666666666667,0.833333333333333,7.80851063829787,6.94117647058824,6.58333333333333,9.44444444444444,0.659574468085106,-0.470588235294118,3.58333333333333,-0.222222222222222,17,12,18,47,3,8,2,13,8,9,6,23,0,0,1,1
"Sub020_ToD_Online","YA","Morning","25/10/24",27.2631578947368,22.7,31.4444444444444,28.1052631578947,9.12280701754386,-0.5,12.7777777777778,15.7894736842105,6.71929824561404,3.85,5.16666666666667,11.2105263157895,2.08771929824561,-1.35,-1.61111111111111,9.21052631578947,20,18,19,57,0,2,1,3,8,9,6,23,0,0,1,1
"Sub021_ToD_Online","YA","Morning","25/10/24",31.1228070175439,51.3888888888889,33.6,9.31578947368421,-3.2280701754386,-5.27777777777778,-7.2,2.89473684210526,4.50877192982456,4.27777777777778,4.4,4.84210526315789,1.35087719298246,2.05555555555556,0.5,1.57894736842105,18,20,19,57,2,0,1,3,8,8,8,24,0,0,0,0
"Sub022_ToD_Online","YA","Morning","25/10/24",37.5,21.3333333333333,66.2,32.5555555555556,-0.852941176470588,-1.46666666666667,0.2,-1,8.11764705882353,5.13333333333333,15.8,4.55555555555556,4.94117647058824,3,9.8,2.77777777777778,15,10,9,34,5,10,11,26,8,9,7,24,0,0,0,0
"Sub023_ToD_Online","YA","Morning","25/10/24",35.1463414634146,13.7692307692308,44.2307692307692,45.8,1.63414634146341,-2.07692307692308,-10.3846153846154,15.2666666666667,6.53658536585366,7.30769230769231,8.53846153846154,4.13333333333333,0.146341463414634,-0.0769230769230769,1.46153846153846,-0.8,13,13,15,41,7,7,5,19,8,7,7,22,0,2,0,2
"Sub024_ToD_Online","YA","Night","25/10/24",20.5,29.1,13.8333333333333,16.7857142857143,3.15384615384615,22.4,-4.61111111111111,-14.3571428571429,4,3.8,4.88888888888889,3.14285714285714,-0.115384615384615,-1.9,1.44444444444444,0.428571428571429,20,18,14,52,0,2,6,8,7,8,7,22,1,1,0,2
"Sub025_ToD_Online","YA","Night","25/10/24",13.3728813559322,13.5263157894737,13.7,12.9,1.91525423728814,2.68421052631579,3.1,0,12.7118644067797,12.3157894736842,14.8,11,3.28813559322034,-0.315789473684211,7.1,2.9,19,20,20,59,1,0,0,1,8,8,8,24,0,0,0,0
"Sub026_ToD_Online","YA","Night","25/10/24",72.6060606060606,86.3636363636364,61.4615384615385,71.8888888888889,2.48484848484848,7.27272727272727,14.3846153846154,-20.5555555555556,4.75757575757576,5.27272727272727,4.76923076923077,4.11111111111111,0.818181818181818,2,0.615384615384615,-0.333333333333333,11,13,9,33,8,7,11,26,7,6,7,20,0,2,1,3
"Sub027_ToD_Online","YA","Morning","26/10/24",15.4565217391304,19,9.625,17.9166666666667,-3.41304347826087,1.33333333333333,-1.875,-12.5833333333333,2.91304347826087,2.05555555555556,4.375,2.25,-1.26086956521739,-0.388888888888889,-3.25,0.0833333333333333,18,16,12,46,2,4,8,14,8,8,8,24,0,0,0,0
"Sub028_ToD_Online","YA","Morning","26/10/34",67.5277777777778,54.9090909090909,57.5384615384615,89.9166666666667,-4.63888888888889,-33.6363636363636,33.0769230769231,-18.9166666666667,7.91666666666667,6,7.92307692307692,9.66666666666667,-1.97222222222222,-3.63636363636364,-2.53846153846154,0.166666666666667,11,13,12,36,9,7,8,24,8,8,7,23,0,0,1,1
"Sub029_ToD_Online","YA","Morning","26/10/24",38.6279069767442,50.4705882352941,27.5,36.3,-5.37209302325581,-9.64705882352941,-4.25,0.1,8.34883720930233,9.41176470588235,8.0625,7,-1.7906976744186,0.470588235294118,-3.9375,-2.2,17,16,10,43,3,4,10,17,7,8,8,23,1,0,0,1
"Sub030_ToD_Online","YA","Morning","27/10/24",101.969696969697,96,107.583333333333,101.272727272727,-3.42424242424242,-26.6,0.916666666666667,12.9090909090909,13.4848484848485,19.4,12.8333333333333,8.81818181818182,-5.48484848484848,-10.8,-7.16666666666667,1.18181818181818,10,12,11,33,6,8,9,23,5,8,7,20,1,1,0,2
"Sub031_ToD_Online","YA","Morning","27/10/24",86.5957446808511,83.2,81.6875,94.6875,-23.4042553191489,6.4,-3.6875,-71.0625,8.14893617021277,4.13333333333333,7.375,12.6875,4.06382978723404,1.33333333333333,5.375,5.3125,15,16,16,47,5,4,4,13,7,8,5,20,1,1,2,4
"Sub032_ToD_Online","YA","Morning","27/10/24",73.8285714285714,61.2,78.0769230769231,79.75,-3.6,13.8,-1.15384615384615,-20.75,6.62857142857143,6.3,7.07692307692308,6.41666666666667,0.742857142857143,0.3,3.07692307692308,-1.41666666666667,10,13,12,35,10,7,8,25,8,9,7,24,0,0,0,0
"Sub033_ToD_Online","YA","Morning","27/10/24",59.304347826087,79.3846153846154,51.6470588235294,51.125,3.47826086956522,9.53846153846154,-9.64705882352941,12.5,6.23913043478261,6.61538461538461,5.64705882352941,6.5625,-0.673913043478261,-3.23076923076923,-1.41176470588235,2.1875,13,17,16,46,7,3,4,14,7,8,8,23,1,0,0,1
"Sub034_ToD_Online","YA","Morning","27/10/24",19.0344827586207,25.1052631578947,21.4210526315789,11,-3.06896551724138,-3,-4.68421052631579,-1.6,6.32758620689655,5.10526315789474,7.78947368421053,6.1,2.46551724137931,2.26315789473684,3.78947368421053,1.4,19,19,20,58,1,1,0,2,8,9,7,24,0,0,0,0
"Sub035_ToD_Online","YA","Morning","27/10/24",31.8846153846154,21.7647058823529,39.6470588235294,34.1111111111111,-8.80769230769231,-3.76470588235294,-17.7647058823529,-5.11111111111111,10.8653846153846,11.0588235294118,12.6470588235294,9,0.826923076923077,-2.82352941176471,0.294117647058824,4.77777777777778,17,17,18,52,3,3,2,8,7,8,8,23,0,0,0,0
"Sub036_ToD_Online","YA","Morning","27/10/24",60.3,68,58,54.8333333333333,10.95,1.23076923076923,7.6,25.6666666666667,8.75,8.76923076923077,7.66666666666667,10.0833333333333,-0.8,-3.07692307692308,1.4,-1.08333333333333,13,15,12,40,7,5,8,20,5,9,7,21,1,0,0,1
"Sub037_ToD_Online","YA","Morning","28/10/24",30.5869565217391,20.0666666666667,36.625,34.6666666666667,2.28260869565217,14.3333333333333,9.75,-17.7333333333333,11.3478260869565,14.3333333333333,8.6875,11.2,-1.69565217391304,-2.06666666666667,-3.5625,0.666666666666667,15,16,15,46,5,4,5,14,8,8,8,24,0,0,0,0
"Sub038_ToD_Online","YA","Morning","28/10/24",7.52631578947368,7.64705882352941,9.55,5.4,3.59649122807018,3.05882352941176,5.45,2.2,5.63157894736842,5.76470588235294,7.1,4.05,0.964912280701754,-2.11764705882353,2.2,2.35,17,20,20,57,3,0,0,3,8,8,8,24,0,0,0,0
"Sub039_ToD_Online","YA","Morning","28/10/24",74.0222222222222,47.8125,104.785714285714,73.2666666666667,0.333333333333333,5.3125,19.2142857142857,-22.6,9.84444444444444,10.375,9,10.0666666666667,0.111111111111111,2.25,-3.85714285714286,1.53333333333333,16,14,15,45,4,6,5,15,8,9,7,24,0,0,0,0
"Sub040_ToD_Online","OA","Morning","25/10/24",87,77.625,114.777777777778,78.6666666666667,-6.51351351351351,-3.375,-29.4444444444444,6.5,27.4324324324324,32.9375,11.2222222222222,32.25,-2.08108108108108,1.5625,-4.33333333333333,-5.25,16,9,12,37,4,11,8,23,8,7,5,20,0,1,3,4
"Sub041_ToD_Online","OA","Morning","25/10/24",52.5,77.4545454545455,36.1875,51.2727272727273,-9.13157894736842,5.27272727272727,5.4375,-44.7272727272727,10.6578947368421,13.5454545454545,11.75,6.18181818181818,3.13157894736842,7.36363636363636,3.375,-1.45454545454545,11,16,11,38,9,4,9,22,8,8,6,22,0,1,1,2
"Sub042_ToD_Online","OA","Morning","25/10/24",20.4230769230769,24.4,12.5263157894737,25.4444444444444,-0.115384615384615,-3.2,2.73684210526316,-0.555555555555556,7.76923076923077,8,9.1578947368421,6.11111111111111,0.730769230769231,0.666666666666667,-0.947368421052632,2.55555555555556,15,19,18,52,5,1,2,8,8,8,8,24,0,0,0,0
"Sub043_ToD_Online","OA","Morning","25/10/24",20.2241379310345,16.6315789473684,17.9473684210526,25.8,-2.91379310344828,1.57894736842105,-1.31578947368421,-8.7,4.96551724137931,7.52631578947368,3.89473684210526,3.55,0.0689655172413793,0.894736842105263,0.210526315789474,-0.85,19,19,20,58,1,1,0,2,8,9,7,24,0,0,0,0
"Sub044_ToD_Online","OA","Morning","25/10/24",86.7884615384615,100.5,67.5,94.55,-16.9807692307692,-53.2142857142857,-35.8333333333333,25.35,9.30769230769231,10.5714285714286,9.94444444444444,7.85,-0.538461538461538,1.85714285714286,0.0555555555555556,-2.75,14,18,20,52,6,2,0,8,7,8,7,22,0,0,1,1
"Sub045_ToD_Online","OA","Morning","25/10/24",12.8135593220339,13.6,7,18.1052631578947,2.40677966101695,-5.4,1.2,11.8947368421053,5.55932203389831,5.7,5.05,5.94736842105263,1.05084745762712,-1.3,3.75,0.684210526315789,20,20,19,59,0,0,1,1,8,9,7,24,0,0,0,0
"Sub046_ToD_Online","OA","Night","25/10/24",38.8333333333333,34.8125,40.1176470588235,41.6666666666667,-6.45833333333333,-2.0625,-14.8235294117647,-1.66666666666667,7.70833333333333,7.1875,7.94117647058824,8,-0.416666666666667,1.5625,1.35294117647059,-4.53333333333333,16,17,15,48,4,3,5,12,8,8,8,24,0,0,0,0
"Sub047_ToD_Online","OA","Night","25/10/24",83.9512195121951,89.5333333333333,81.0714285714286,80.3333333333333,-22.2926829268293,-25.9333333333333,-39.7857142857143,2.66666666666667,10.8292682926829,13.5333333333333,11.6428571428571,6.5,-4.73170731707317,-10.7333333333333,-2.92857142857143,0.666666666666667,15,14,12,41,5,6,8,19,7,9,7,23,1,0,0,1
"Sub048_ToD_Online","OA","Night","25/10/24",88.8222222222222,64.75,112,85.5555555555556,5.31111111111111,-15.5833333333333,17.2,9.33333333333333,10.7333333333333,11.5833333333333,8.26666666666667,12.2222222222222,-1.35555555555556,3.91666666666667,-0.933333333333333,-5.22222222222222,12,15,18,45,8,5,2,15,5,8,4,17,3,1,3,7
"Sub049_ToD_Online","OA","Morning","26/10/24",60.5348837209302,64.5714285714286,51.9230769230769,64,-5.69767441860465,-5.71428571428571,-6.69230769230769,-4.875,13.046511627907,19.5,7.69230769230769,11.75,-3.27906976744186,-9.21428571428571,-1.23076923076923,0.25,14,13,16,43,6,7,4,17,8,8,8,24,0,0,0,0
"Sub050_ToD_Online","OA","Morning","26/10/24",30.5,24.6315789473684,56.4375,14.5263157894737,-3.98148148148148,-3.78947368421053,-9.4375,0.421052631578947,8.33333333333333,6.84210526315789,8,10.1052631578947,-1.51851851851852,-2.31578947368421,0.375,-2.31578947368421,19,16,19,54,1,4,1,6,8,9,7,24,0,0,0,0
"Sub051_ToD_Online","OA","Morning","26/10/24",29.6792452830189,18.5789473684211,49.5294117647059,22.2352941176471,-8.32075471698113,-4.47368421052632,-22.3529411764706,1.41176470588235,5.86792452830189,6.57894736842105,4.88235294117647,6.05882352941176,-0.39622641509434,-2.78947368421053,-0.529411764705882,2.41176470588235,19,17,17,53,1,3,3,7,8,8,8,24,0,0,0,0
"Sub052_ToD_Online","OA","Morning","26/10/24",41.825,49.875,43.1818181818182,30.7692307692308,0.275,-9.375,25.1818181818182,-8.92307692307692,4.375,3.8125,2.90909090909091,6.30769230769231,1.625,2.6875,2.18181818181818,-0.153846153846154,16,11,13,40,4,9,7,20,7,8,7,22,1,0,1,2
"Sub053_ToD_Online","OA","Morning","26/10/24",56.8409090909091,31.6923076923077,73.2307692307692,63.1666666666667,-3.11363636363636,16.9230769230769,16.1538461538462,-31.5,5.45454545454545,3.92307692307692,5.30769230769231,6.66666666666667,0.590909090909091,-0.384615384615385,2.07692307692308,0.222222222222222,13,13,18,44,7,7,2,16,8,8,8,24,0,0,0,0
"Sub054_ToD_Online","OA","Morning","26/10/24",63.2333333333333,60.2,69.9,59.6,-3.96666666666667,0.5,7.7,-20.1,88.75,104.05,81.1,81.1,4.25,39.55,3,-29.8,20,20,20,60,0,0,0,0,8,8,7,23,0,1,0,1
"Sub055_ToD_Online","OA","Morning","27/10/24",94.9607843137255,98.3333333333333,96.4375,91.25,-2.25490196078431,-24.8666666666667,28.1875,-9.65,9.37254901960784,12.8,6.0625,9.45,3.76470588235294,7.33333333333333,-0.4375,4.45,15,16,20,51,5,4,0,9,8,9,7,24,0,0,0,0
"Sub056_ToD_Online","OA","Morning","27/10/24",81.7,55.0769230769231,103,79.7368421052632,-2.34,-18,9.33333333333333,-2.68421052631579,2.3,3.07692307692308,2.66666666666667,1.42105263157895,0.1,1.84615384615385,-0.888888888888889,-0.157894736842105,13,18,19,50,6,2,1,9,6,7,7,20,1,2,0,3
"Sub057_ToD_Online","OA","Morning","27/10/24",52.9487179487179,48.5333333333333,46.9090909090909,63.1538461538462,-14.0769230769231,-2.93333333333333,-7.81818181818182,-32.2307692307692,9.92307692307692,12.5333333333333,7.27272727272727,9.15384615384615,2.8974358974359,3.86666666666667,1.09090909090909,3.30769230769231,15,11,13,39,5,9,7,21,8,7,8,23,0,1,0,1
"Sub058_ToD_Online","OA","Morning","27/10/24",78.94,88.4666666666667,77.5625,72.5789473684211,-33.38,-78.8666666666667,-11.6875,-15.7368421052632,95.18,95.1333333333333,91.5,98.3157894736842,-20.86,-52.8666666666667,-30.5,12.5263157894737,15,16,19,50,5,4,1,10,8,8,8,24,0,0,0,0
"Sub059_ToD_Online","OA","Morning","27/10/24",6.15254237288136,5.21052631578947,7.15,6.05,-0.525423728813559,-0.0526315789473684,-0.55,-0.95,3.96610169491525,4.36842105263158,2.85,4.7,-1.01694915254237,-2.78947368421053,-0.35,0,19,20,20,59,1,0,0,1,8,8,8,24,0,0,0,0
"Sub060_ToD_Online","OA","Morning","28/10/24",51.0363636363636,63.0588235294118,43.4736842105263,47.8421052631579,-14.5272727272727,-27.6470588235294,13.4736842105263,-30.7894736842105,9.07272727272727,7.11764705882353,12.2631578947368,7.63157894736842,-0.0909090909090909,-1.23529411764706,-1.63157894736842,2.47368421052632,17,19,19,55,3,1,1,5,8,8,8,24,0,0,0,0
"Sub061_ToD_Online","YA","Morning","28/10/24",25.7959183673469,14.4375,33.6875,29.0588235294118,-1.30612244897959,-0.0625,-5.1875,1.17647058823529,6.16326530612245,5.75,8.0625,4.76470588235294,-1.30612244897959,-5.375,0.6875,0.647058823529412,16,16,17,49,3,4,3,10,8,9,7,24,0,0,0,0
"Sub062_ToD_Online","YA","Night","28/10/24",27.5208333333333,25.4736842105263,35.875,20.2307692307692,4.64583333333333,8.63157894736842,0.5,3.92307692307692,5.95833333333333,4.68421052631579,6.8125,6.76923076923077,-1.20833333333333,0.789473684210526,-0.5625,-4.92307692307692,19,16,13,48,1,4,7,12,8,8,7,23,0,1,0,1
"Sub063_ToD_Online","YA","Night","28/10/24",22.6279069767442,30.9411764705882,12.7692307692308,21.6153846153846,-2.06976744186047,-2,9.53846153846154,-13.7692307692308,5.27906976744186,6.11764705882353,4.76923076923077,4.69230769230769,0.86046511627907,0.470588235294118,0.923076923076923,1.30769230769231,17,13,13,43,3,7,7,17,7,9,7,23,1,0,0,1
"Sub064_ToD_Online","YA","Night","28/10/24",49.0454545454545,55.3125,55.0666666666667,34.3846153846154,0.590909090909091,-21.9375,22.4,3.15384615384615,7.54545454545455,7.1875,5.26666666666667,10.6153846153846,2.40909090909091,0.4375,1.13333333333333,6.30769230769231,16,15,13,44,4,5,7,16,8,9,7,24,0,0,0,0
"Sub065_ToD_Online","YA","Night","28/10/24",51.6415094339623,42.0526315789474,59.6111111111111,54.0625,-0.320754716981132,-14.3684210526316,0.0555555555555556,15.9375,8.0188679245283,11.4210526315789,5.38888888888889,6.9375,-0.584905660377358,-2.57894736842105,3.38888888888889,-2.6875,19,18,16,53,1,2,4,7,7,8,7,22,1,1,0,2
"Sub066_ToD_Online","YA","Night","28/10/24",51.5438596491228,54.45,62.7368421052632,36.5,19.6491228070175,13.75,41.4736842105263,3.16666666666667,6.64912280701754,6.45,5.94736842105263,7.61111111111111,1.42105263157895,3.15,0.473684210526316,0.5,20,19,18,57,0,1,2,3,8,7,6,21,0,2,1,3
"Sub068_ToD_Online","OA","Night","28/10/24",42.0943396226415,37.875,53.0555555555556,35.2631578947368,9.49056603773585,10,-1.61111111111111,19.5789473684211,6.75471698113208,7.9375,6.11111111111111,6.36842105263158,-0.830188679245283,-3.6875,1.22222222222222,-0.368421052631579,16,18,19,53,4,2,1,7,7,9,7,23,1,0,0,1
"Sub069_ToD_Online","OA","Night","28/10/24",89.5438596491228,98.2352941176471,75,96.7,2.94736842105263,6.94117647058824,35.7,-33.2,8.71929824561403,8.47058823529412,9.7,7.95,0.578947368421053,-1.41176470588235,-0.7,3.55,17,20,20,57,3,0,0,3,5,2,3,10,3,6,5,14
"Sub070_ToD_Online","OA","Night","28/10/24",73.4444444444444,64.2222222222222,68,102.777777777778,-11.6222222222222,-0.555555555555556,-30.1111111111111,3.22222222222222,9.26666666666667,10.8888888888889,8.77777777777778,7,-0.0666666666666667,1,-3.66666666666667,5,18,18,9,45,2,2,11,15,8,9,7,24,0,0,0,0
"Sub071_ToD_Online","OA","Night","28/10/24",39.046511627907,48.4166666666667,33.6111111111111,37.9230769230769,6.16279069767442,11.0833333333333,-0.388888888888889,10.6923076923077,7.88372093023256,4.58333333333333,3.94444444444444,16.3846153846154,3.41860465116279,-1.41666666666667,-0.611111111111111,13.4615384615385,12,18,13,43,8,2,7,17,6,7,7,20,0,1,1,2
"Sub072_ToD_Online","OA","Night","28/10/24",27.6785714285714,28.1578947368421,34.2222222222222,21,-4.42857142857143,0.263157894736842,-6.22222222222222,-7.42105263157895,13.2857142857143,9.78947368421053,14.1111111111111,16,-0.178571428571429,-3.15789473684211,-4.44444444444444,6.84210526315789,19,18,19,56,1,2,1,4,8,9,7,24,0,0,0,0
"Sub073_ToD_Online","OA","Night","28/10/24",26.3103448275862,44.6842105263158,18,16.75,-6.37931034482759,-3.42105263157895,-5.89473684210526,-9.65,5.41379310344828,6.42105263157895,6,3.9,-1.55172413793103,-2,0,-2.6,19,19,20,58,1,1,0,2,8,9,6,23,0,0,1,1
"Sub074_ToD_Online","OA","Night","6/11/2024",28.280701754386,38.4444444444444,34.8421052631579,12.9,8.31578947368421,32.1111111111111,-4.63157894736842,-0.8,15.3333333333333,12.6111111111111,20.1578947368421,13.2,3.85964912280702,0.611111111111111,7.42105263157895,3.4,18,19,20,57,2,1,0,3,7,9,7,23,0,0,0,0
"Sub075_ToD_Online","OA","Night","6/11/2024",51.6603773584906,68.3157894736842,34.5294117647059,50.1764705882353,-9.39622641509434,-16,-0.647058823529412,-10.7647058823529,5.66037735849057,7.31578947368421,4.94117647058824,4.52941176470588,-0.490566037735849,-0.157894736842105,-1.52941176470588,0.176470588235294,19,17,17,53,1,3,3,7,8,7,7,22,0,1,1,2
"Sub076_ToD_Online","OA","Night","6/11/2024",39.6511627906977,23.7692307692308,61.0625,29.9285714285714,5.13953488372093,10.8461538461538,18.6875,-15.6428571428571,4.93023255813953,4.84615384615385,5.6875,4.14285714285714,-0.697674418604651,-0.538461538461538,-0.4375,-1.14285714285714,13,16,14,43,7,4,6,17,8,9,5,22,0,0,2,2
"Sub077_ToD_Online","OA","Night","6/11/2024",49.8857142857143,36.75,57.8181818181818,51,5.48571428571429,2.5,-4,13.5,9.94285714285714,10.875,9.27272727272727,9.9375,2.28571428571429,3.375,-0.727272727272727,3.8125,8,11,16,35,10,9,4,23,8,9,7,24,0,0,0,0
"Sub078_ToD_Online","OA","Night","6/11/2024",64.8518518518518,66.4705882352941,60.7894736842105,67.6111111111111,-14.4444444444444,-53.4117647058824,6.26315789473684,0.5,6.44444444444444,9,5.26315789473684,5.27777777777778,0.185185185185185,-0.411764705882353,1.78947368421053,-0.944444444444444,17,19,18,54,3,1,2,6,6,3,6,15,2,5,2,9
"Sub079_ToD_Online","OA","Night","6/11/2024",46.1388888888889,29.3076923076923,69.3076923076923,37.9,4.19444444444444,6.53846153846154,3.61538461538462,1.9,5.61111111111111,5.38461538461539,6.15384615384615,5.2,-0.111111111111111,-3.23076923076923,1.23076923076923,2.2,13,13,10,36,7,7,10,24,8,7,8,23,0,1,0,1
"Sub080_ToD_Online","YA","Night","6/11/2024",37.6285714285714,42,27.6,41.3571428571429,2.54285714285714,2.18181818181818,2.8,2.64285714285714,4.82857142857143,6.90909090909091,3.7,4,1.8,-0.363636363636364,2.7,2.85714285714286,11,10,14,35,9,10,6,25,8,8,8,24,0,0,0,0
"Sub081_ToD_Online","YA","Night","6/11/2024",22.8301886792453,22.9444444444444,15.8125,28.6315789473684,1.50943396226415,16.7222222222222,-8.6875,-4.31578947368421,3.75471698113208,3.94444444444444,2.875,4.31578947368421,0.622641509433962,-0.5,0.75,1.57894736842105,18,16,19,53,2,4,1,7,8,8,8,24,0,0,0,0
"Sub082_ToD_Online","YA","Night","6/11/2024",64.1904761904762,52.5625,69.1666666666667,73.2142857142857,14.1904761904762,-23.6875,65.6666666666667,13.3571428571429,9.61904761904762,6.4375,6.66666666666667,15.7857142857143,0.238095238095238,1.0625,4.16666666666667,-4.07142857142857,16,12,14,42,4,8,6,18,8,9,6,23,0,0,1,1
"Sub083_ToD_Online","YA","Night","6/11/2024",60.0392156862745,51.2352941176471,68.7777777777778,59.5625,-1.88235294117647,4.52941176470588,11.6666666666667,-23.9375,11.921568627451,6.47058823529412,21.5,6.9375,-5.56862745098039,-4.58823529411765,-7.94444444444444,-3.9375,17,18,16,51,3,2,4,9,8,8,5,21,0,1,2,3
"Sub084_ToD_Online","YA","Night","6/11/2024",51.0816326530612,45.8421052631579,75,33.8,4.42857142857143,2.57894736842105,-7.53333333333333,18.7333333333333,7.38775510204082,8,7.26666666666667,6.73333333333333,-0.122448979591837,-2.63157894736842,1.4,1.53333333333333,19,15,15,49,1,5,5,11,8,9,7,24,0,0,0,0
"Sub085_ToD_Online","YA","Night","6/11/2024",29.462962962963,33.0555555555556,34,22.6,-10.9814814814815,0.833333333333333,-27,-8.8,6.62962962962963,6.5,10.0625,4,-2.07407407407407,-1.38888888888889,-4.9375,-0.4,18,16,20,54,2,4,0,6,8,9,7,24,0,0,0,0
"Sub086_ToD_Online","YA","Night","6/11/2024",45.195652173913,39,67.25,35.8235294117647,4.19565217391304,1.23529411764706,19.25,-3.47058823529412,6.97826086956522,6.52941176470588,7.66666666666667,6.94117647058824,-0.760869565217391,-1.23529411764706,0,-0.823529411764706,17,12,17,46,3,8,3,14,8,8,8,24,0,0,0,0
"Sub087_ToD_Online","YA","Morning","6/11/2024",44.9444444444444,44.1818181818182,14.5555555555556,62.5625,4.55555555555556,9.63636363636364,-13.6666666666667,11.3125,4.58333333333333,3.90909090909091,4.66666666666667,5,0.305555555555556,-0.272727272727273,-1.55555555555556,1.75,11,9,16,36,9,11,4,24,8,8,8,24,0,0,0,0
"Sub088_ToD_Online","YA","Morning","6/12/2024",46.375,56.3,39.8888888888889,43.2307692307692,-0.25,14.9,12.1111111111111,-20.4615384615385,16.84375,31.1,9.44444444444444,11,2.65625,-1.9,5.88888888888889,3.92307692307692,10,9,13,32,10,11,7,28,7,9,7,23,0,0,0,0
"Sub089_ToD_Online","YA","Morning","6/13/2024",22.4117647058824,19.4,31.5,13.875,-3,13.6666666666667,-10.8,-8.875,8.6078431372549,3.46666666666667,15.6,4.6875,2.05882352941176,0.4,6.1,-1.4375,15,20,16,51,4,0,4,8,8,9,5,22,0,0,2,2
"Sub090_ToD_Online","OA","Morning","6/12/2024",56.9583333333333,44.1,49.3333333333333,78.75,-7.70833333333333,11.5,-10.3333333333333,-29.75,7.875,7.8,5.5,9.75,-0.791666666666667,-0.8,-5.5,2.75,10,6,8,24,10,14,12,36,8,8,8,24,0,0,0,0
"Sub091_ToD_Online","OA","Morning","6/12/2024",41.2439024390244,48.3333333333333,20.4444444444444,74.75,-6.80487804878049,-5.13333333333333,12,-52.25,10.1219512195122,10.4666666666667,9.66666666666667,10.5,0.804878048780488,2.86666666666667,1.88888888888889,-5.5,15,18,8,41,4,2,12,18,8,6,8,22,0,2,0,2
"Sub092_ToD_Online","YA","Morning","6/13/2024",74.8666666666667,76.3571428571429,43.5714285714286,96.8888888888889,-0.8,-0.642857142857143,3.57142857142857,-4.44444444444444,10.2666666666667,6.92857142857143,25,4,-4.4,0.928571428571429,-20.1428571428571,-0.444444444444444,14,7,9,30,6,13,11,30,8,7,5,20,0,1,3,4
