"SubID","absavg_learning","minavg_learning","outlier_Learning_Age","absavg_recall","minavg_recall","outlier_Recall_Age","block","CorrectRecallOld","ForgetRecallOld","CorrectRecallNew","NewRecallOld","AgeGroup","ToD_Condition","Date","z_CorrectRecallOld","z_ForgetRecallOld","z_CorrectRecallNew","z_NewRecallOld","Outlier_Block_CorrectRecallOld","Outlier_Block_ForgetRecallOld","Outlier_Block_CorrectRecallNew","Outlier_Block_NewRecallOld","Outlier_Block_Any","Chance_CorrectRecallOverall","HitRate","FalseAlarmRate","RecognitionScore","z_HitRate","z_FalseAlarmRate","z_RecognitionScore","HR_outlier","FA_outlier","Rec_outlier"
"Sub002_ToD_Online",5.14705882352941,-0.205882352941176,FALSE,73.0882352941177,0.735294117647059,FALSE,"Overall",34,26,21,3,"YA","Morning","23/10/24",-1.32901809002881,1.37490053476297,-0.767039783240352,0.879820059598513,FALSE,FALSE,FALSE,FALSE,FALSE,FALSE,0.566666666666667,0.125,0.441666666666667,-1.19985323124361,1.6259250894792,-1.56384540371793,FALSE,FALSE,FALSE
"Sub003_ToD_Online",6.92592592592593,0.592592592592593,FALSE,29.4259259259259,-2.12962962962963,FALSE,"Overall",54,6,23,1,"OA","Night","23/10/24",0.826786654937712,-0.822043252127817,0.189133097237346,-0.102555712468538,FALSE,FALSE,FALSE,FALSE,FALSE,FALSE,0.9,0.0416666666666667,0.858333333333333,0.699962193036925,-0.167301122939874,0.674725358206428,FALSE,FALSE,FALSE
"Sub004_ToD_Online",6.26190476190476,-0.404761904761905,FALSE,42.2857142857143,-5.42857142857143,FALSE,"Overall",42,17,24,0,"OA","Night","23/10/24",-0.466696192042204,0.386275830662117,0.667219537476195,-0.593743598502064,FALSE,FALSE,FALSE,FALSE,FALSE,FALSE,0.711864406779661,0,0.711864406779661,-0.566205116189158,-0.545069094657253,-0.13229752130853,FALSE,FALSE,FALSE
"Sub005_ToD_Online",7.14035087719298,-0.859649122807018,FALSE,15.1052631578947,-8.26315789473684,FALSE,"Overall",57,3,22,1,"OA","Morning","24/10/24",1.15015736668269,-1.15158482016143,-0.288953343001503,-0.102555712468538,FALSE,FALSE,FALSE,FALSE,FALSE,FALSE,0.95,0.0434782608695652,0.906521739130435,1.03646611756097,-0.150876428517379,0.940236596123239,FALSE,FALSE,FALSE
"Sub006_ToD_Online",7.10344827586207,-1.79310344827586,FALSE,46.7586206896552,-12.8275862068966,FALSE,"Overall",29,29,22,1,"OA","Morning","24/10/24",-1.86796927627045,1.70444210279659,-0.288953343001503,-0.102555712468538,FALSE,FALSE,FALSE,FALSE,FALSE,TRUE,0.5,0.0434782608695652,0.456521739130435,-1.99206920315547,-0.150876428517379,-1.53919917449842,FALSE,FALSE,FALSE
"Sub007_ToD_Online",35.8958333333333,13.1458333333333,FALSE,68.0833333333333,-14.0416666666667,FALSE,"Overall",48,12,22,1,"OA","Morning","24/10/24",0.180045231447754,-0.16296011606058,-0.288953343001503,-0.102555712468538,FALSE,FALSE,FALSE,FALSE,FALSE,FALSE,0.8,0.0434782608695652,0.756521739130435,0.0269543439888272,-0.150876428517379,0.113758005916021,FALSE,FALSE,FALSE
"Sub008_ToD_Online",11.3863636363636,-4.38636363636364,FALSE,46.6363636363636,-0.227272727272727,FALSE,"Overall",44,16,22,2,"YA","Night","23/10/24",-0.251115717545551,0.276428641317577,-0.288953343001503,0.388632173564987,FALSE,FALSE,FALSE,FALSE,FALSE,FALSE,0.733333333333333,0.0833333333333333,0.65,-0.130568820492633,0.809081317499091,-0.356975547118418,FALSE,FALSE,FALSE
"Sub009_ToD_Online",5.25,-1.47222222222222,FALSE,34.9722222222222,0.861111111111111,FALSE,"Overall",36,24,23,0,"YA","Night","23/10/24",-1.11343761553216,1.15520615607389,0.189133097237346,-0.593743598502064,FALSE,FALSE,FALSE,FALSE,FALSE,FALSE,0.6,0,0.6,-0.985996349093414,-0.824606226461121,-0.6466243127023,FALSE,FALSE,FALSE
"Sub010_ToD_Online",20.1818181818182,-1.85454545454545,FALSE,32.8,-0.545454545454545,FALSE,"Overall",55,5,21,3,"YA","Morning","24/10/24",0.934576892186038,-0.931890441472356,-0.767039783240352,0.879820059598513,FALSE,FALSE,FALSE,FALSE,FALSE,FALSE,0.916666666666667,0.125,0.791666666666667,1.04564403133344,1.6259250894792,0.463695955369249,FALSE,FALSE,FALSE
"Sub011_ToD_Online",8.28260869565217,1.3695652173913,FALSE,60.3478260869565,-16.2608695652174,FALSE,"Overall",46,13,23,1,"YA","Morning","24/10/24",-0.0355352430488987,-0.053112926716041,0.189133097237346,-0.102555712468538,FALSE,FALSE,FALSE,FALSE,FALSE,FALSE,0.779661016949153,0.0416666666666667,0.737994350282486,0.16665599876696,-0.00776245448101521,0.152773551635139,FALSE,FALSE,FALSE
"Sub012_ToD_Online",4.13793103448276,0.586206896551724,FALSE,20.3620689655172,7.18965517241379,FALSE,"Overall",58,2,24,0,"YA","Night","24/10/24",1.25794760393102,-1.26143200950597,0.667219537476195,-0.593743598502064,FALSE,FALSE,FALSE,FALSE,FALSE,FALSE,0.966666666666667,0,0.966666666666667,1.36642935455873,-0.824606226461121,1.47746663491284,FALSE,FALSE,FALSE
"Sub013_ToD_Online",11.1428571428571,3.79591836734694,FALSE,56.9795918367347,-6.04081632653061,FALSE,"Overall",49,11,22,1,"YA","Night","24/10/24",0.28783546869608,-0.27280730540512,-0.288953343001503,-0.102555712468538,FALSE,FALSE,FALSE,FALSE,FALSE,FALSE,0.816666666666667,0.0434782608695652,0.773188405797101,0.404073384882855,0.0277524921268155,0.356651846349119,FALSE,FALSE,FALSE
"Sub014_ToD_Online",6.12,0.04,FALSE,27.22,-6.66,FALSE,"Overall",50,10,24,0,"YA","Night","24/10/24",0.395625705944407,-0.382654494749659,0.667219537476195,-0.593743598502064,FALSE,FALSE,FALSE,FALSE,FALSE,FALSE,0.833333333333333,0,0.833333333333333,0.511001825957953,-0.824606226461121,0.705069926689151,FALSE,FALSE,FALSE
"Sub015_ToD_Online",8.47727272727273,-0.295454545454545,FALSE,64,3.77272727272727,FALSE,"Overall",44,16,24,0,"YA","Night","24/10/24",-0.251115717545551,0.276428641317577,0.667219537476195,-0.593743598502064,FALSE,FALSE,FALSE,FALSE,FALSE,FALSE,0.733333333333333,0,0.733333333333333,-0.130568820492633,-0.824606226461121,0.125772395521386,FALSE,FALSE,FALSE
"Sub016_ToD_Online",11.1,3.82,FALSE,51.02,-2.42,FALSE,"Overall",50,10,24,0,"OA","Night","24/10/24",0.395625705944407,-0.382654494749659,0.667219537476195,-0.593743598502064,FALSE,FALSE,FALSE,FALSE,FALSE,FALSE,0.833333333333333,0,0.833333333333333,0.251290293671526,-0.545069094657253,0.536978926505225,FALSE,FALSE,FALSE
"Sub017_ToD_Online",6.25862068965517,-1.87931034482759,FALSE,18.7241379310345,4.20689655172414,FALSE,"Overall",58,2,24,0,"OA","Night","24/10/24",1.25794760393102,-1.26143200950597,0.667219537476195,-0.593743598502064,FALSE,FALSE,FALSE,FALSE,FALSE,FALSE,0.966666666666667,0,0.966666666666667,1.14863409240232,-0.545069094657253,1.27162656224497,FALSE,FALSE,FALSE
"Sub018_ToD_Online",9.46428571428571,-5.53571428571429,FALSE,59,-15.0714285714286,FALSE,"Overall",28,30,22,2,"OA","Night","24/10/24",-1.97575951351877,1.81428929214113,-0.288953343001503,0.388632173564987,FALSE,FALSE,FALSE,FALSE,FALSE,TRUE,0.482758620689655,0.0833333333333333,0.399425287356322,-2.10810503919824,0.210466848777505,-1.85379247428577,FALSE,FALSE,FALSE
"Sub019_ToD_Online",7.80851063829787,0.659574468085106,FALSE,32.2553191489362,4.59574468085106,FALSE,"Overall",47,13,23,1,"OA","Night","24/10/24",0.0722549941994277,-0.053112926716041,0.189133097237346,-0.102555712468538,FALSE,FALSE,FALSE,FALSE,FALSE,FALSE,0.783333333333333,0.0416666666666667,0.741666666666667,-0.0852136308525229,-0.167301122939874,0.0319086769341468,FALSE,FALSE,FALSE
"Sub020_ToD_Online",6.71929824561404,2.08771929824561,FALSE,27.2631578947368,9.12280701754386,FALSE,"Overall",57,3,23,1,"YA","Morning","25/10/24",1.15015736668269,-1.15158482016143,0.189133097237346,-0.102555712468538,FALSE,FALSE,FALSE,FALSE,FALSE,FALSE,0.95,0.0416666666666667,0.908333333333333,1.25950091348364,-0.00776245448101521,1.13954307506497,FALSE,FALSE,FALSE
"Sub021_ToD_Online",4.50877192982456,1.35087719298246,FALSE,31.1228070175439,-3.2280701754386,FALSE,"Overall",57,3,24,0,"YA","Morning","25/10/24",1.15015736668269,-1.15158482016143,0.667219537476195,-0.593743598502064,FALSE,FALSE,FALSE,FALSE,FALSE,FALSE,0.95,0,0.95,1.25950091348364,-0.824606226461121,1.38091704638488,FALSE,FALSE,FALSE
"Sub022_ToD_Online",8.11764705882353,4.94117647058824,FALSE,37.5,-0.852941176470588,FALSE,"Overall",34,26,24,0,"YA","Morning","25/10/24",-1.32901809002881,1.37490053476297,0.667219537476195,-0.593743598502064,FALSE,FALSE,FALSE,FALSE,FALSE,FALSE,0.566666666666667,0,0.566666666666667,-1.19985323124361,-0.824606226461121,-0.839723489758221,FALSE,FALSE,FALSE
"Sub023_ToD_Online",6.53658536585366,0.146341463414634,FALSE,35.1463414634146,1.63414634146341,FALSE,"Overall",41,19,22,2,"YA","Morning","25/10/24",-0.57448642929053,0.605970209351195,-0.288953343001503,0.388632173564987,FALSE,FALSE,FALSE,FALSE,FALSE,FALSE,0.683333333333333,0.0833333333333333,0.6,-0.451354143717926,0.809081317499091,-0.6466243127023,FALSE,FALSE,FALSE
"Sub024_ToD_Online",4,-0.115384615384615,FALSE,20.5,3.15384615384615,FALSE,"Overall",52,8,22,2,"YA","Night","25/10/24",0.611206180441059,-0.602348873438738,-0.288953343001503,0.388632173564987,FALSE,FALSE,FALSE,FALSE,FALSE,FALSE,0.866666666666667,0.0833333333333333,0.783333333333333,0.724858708108148,0.809081317499091,0.415421161105269,FALSE,FALSE,FALSE
"Sub025_ToD_Online",12.7118644067797,3.28813559322034,FALSE,13.3728813559322,1.91525423728814,FALSE,"Overall",59,1,24,0,"YA","Night","25/10/24",1.36573784117934,-1.37127919885051,0.667219537476195,-0.593743598502064,FALSE,FALSE,FALSE,FALSE,FALSE,FALSE,0.983333333333333,0,0.983333333333333,1.47335779563383,-0.824606226461121,1.5740162234408,FALSE,FALSE,FALSE
"Sub026_ToD_Online",4.75757575757576,0.818181818181818,FALSE,72.6060606060606,2.48484848484848,FALSE,"Overall",33,26,20,3,"YA","Night","25/10/24",-1.43680832727714,1.37490053476297,-1.2451262234792,0.879820059598513,FALSE,FALSE,FALSE,FALSE,FALSE,FALSE,0.559322033898305,0.130434782608696,0.428887251289609,-1.24697423917501,1.73246992930269,-1.63787624149489,FALSE,FALSE,FALSE
"Sub027_ToD_Online",2.91304347826087,-1.26086956521739,FALSE,15.4565217391304,-3.41304347826087,FALSE,"Overall",46,14,24,0,"YA","Morning","26/10/24",-0.0355352430488987,0.0567342626284984,0.667219537476195,-0.593743598502064,FALSE,FALSE,FALSE,FALSE,FALSE,FALSE,0.766666666666667,0,0.766666666666667,0.0832880616575625,-0.824606226461121,0.318871572577308,FALSE,FALSE,FALSE
"Sub028_ToD_Online",7.91666666666667,-1.97222222222222,FALSE,67.5277777777778,-4.63888888888889,FALSE,"Overall",36,24,23,1,"YA","Morning","26/10/34",-1.11343761553216,1.15520615607389,0.189133097237346,-0.102555712468538,FALSE,FALSE,FALSE,FALSE,FALSE,FALSE,0.6,0.0416666666666667,0.558333333333333,-0.985996349093414,-0.00776245448101521,-0.887998284022201,FALSE,FALSE,FALSE
"Sub029_ToD_Online",8.34883720930233,-1.7906976744186,FALSE,38.6279069767442,-5.37209302325581,FALSE,"Overall",43,17,23,1,"YA","Morning","26/10/24",-0.358905954793878,0.386275830662117,0.189133097237346,-0.102555712468538,FALSE,FALSE,FALSE,FALSE,FALSE,FALSE,0.716666666666667,0.0416666666666667,0.675,-0.237497261567731,-0.00776245448101521,-0.212151164326476,FALSE,FALSE,FALSE
"Sub030_ToD_Online",13.4848484848485,-5.48484848484848,FALSE,101.969696969697,-3.42424242424242,FALSE,"Overall",33,23,20,2,"YA","Morning","27/10/24",-1.43680832727714,1.04535896672935,-1.2451262234792,0.388632173564987,FALSE,FALSE,FALSE,FALSE,FALSE,FALSE,0.589285714285714,0.0909090909090909,0.498376623376623,-1.05473606121312,0.957598366950019,-1.23532602457084,FALSE,FALSE,FALSE
"Sub031_ToD_Online",8.14893617021277,4.06382978723404,FALSE,86.5957446808511,-23.4042553191489,FALSE,"Overall",47,13,20,4,"YA","Morning","27/10/24",0.0722549941994277,-0.053112926716041,-1.2451262234792,1.37100794563204,FALSE,FALSE,FALSE,FALSE,FALSE,FALSE,0.783333333333333,0.166666666666667,0.616666666666667,0.19021650273266,2.4427688614593,-0.550074724174338,FALSE,FALSE,FALSE
"Sub032_ToD_Online",6.62857142857143,0.742857142857143,FALSE,73.8285714285714,-3.6,FALSE,"Overall",35,25,24,0,"YA","Morning","27/10/24",-1.22122785278049,1.26505334541843,0.667219537476195,-0.593743598502064,FALSE,FALSE,FALSE,FALSE,FALSE,FALSE,0.583333333333333,0,0.583333333333333,-1.09292479016851,-0.824606226461121,-0.74317390123026,FALSE,FALSE,FALSE
"Sub033_ToD_Online",6.23913043478261,-0.673913043478261,FALSE,59.304347826087,3.47826086956522,FALSE,"Overall",46,14,23,1,"YA","Morning","27/10/24",-0.0355352430488987,0.0567342626284984,0.189133097237346,-0.102555712468538,FALSE,FALSE,FALSE,FALSE,FALSE,FALSE,0.766666666666667,0.0416666666666667,0.725,0.0832880616575625,-0.00776245448101521,0.0774976012574067,FALSE,FALSE,FALSE
"Sub034_ToD_Online",6.32758620689655,2.46551724137931,FALSE,19.0344827586207,-3.06896551724138,FALSE,"Overall",58,2,24,0,"YA","Morning","27/10/24",1.25794760393102,-1.26143200950597,0.667219537476195,-0.593743598502064,FALSE,FALSE,FALSE,FALSE,FALSE,FALSE,0.966666666666667,0,0.966666666666667,1.36642935455873,-0.824606226461121,1.47746663491284,FALSE,FALSE,FALSE
"Sub035_ToD_Online",10.8653846153846,0.826923076923077,FALSE,31.8846153846154,-8.80769230769231,FALSE,"Overall",52,8,23,0,"YA","Morning","27/10/24",0.611206180441059,-0.602348873438738,0.189133097237346,-0.593743598502064,FALSE,FALSE,FALSE,FALSE,FALSE,FALSE,0.866666666666667,0,0.866666666666667,0.724858708108148,-0.824606226461121,0.898169103745073,FALSE,FALSE,FALSE
"Sub036_ToD_Online",8.75,-0.8,FALSE,60.3,10.95,FALSE,"Overall",40,20,21,1,"YA","Morning","27/10/24",-0.682276666538857,0.715817398695735,-0.767039783240352,-0.102555712468538,FALSE,FALSE,FALSE,FALSE,FALSE,FALSE,0.666666666666667,0.0454545454545455,0.621212121212121,-0.558282584793024,0.066496070244449,-0.523743018212168,FALSE,FALSE,FALSE
"Sub037_ToD_Online",11.3478260869565,-1.69565217391304,FALSE,30.5869565217391,2.28260869565217,FALSE,"Overall",46,14,24,0,"YA","Morning","28/10/24",-0.0355352430488987,0.0567342626284984,0.667219537476195,-0.593743598502064,FALSE,FALSE,FALSE,FALSE,FALSE,FALSE,0.766666666666667,0,0.766666666666667,0.0832880616575625,-0.824606226461121,0.318871572577308,FALSE,FALSE,FALSE
"Sub038_ToD_Online",5.63157894736842,0.964912280701754,FALSE,7.52631578947368,3.59649122807018,FALSE,"Overall",57,3,24,0,"YA","Morning","28/10/24",1.15015736668269,-1.15158482016143,0.667219537476195,-0.593743598502064,FALSE,FALSE,FALSE,FALSE,FALSE,FALSE,0.95,0,0.95,1.25950091348364,-0.824606226461121,1.38091704638488,FALSE,FALSE,FALSE
"Sub039_ToD_Online",9.84444444444444,0.111111111111111,FALSE,74.0222222222222,0.333333333333333,FALSE,"Overall",45,15,24,0,"YA","Morning","28/10/24",-0.143325480297225,0.166581451973038,0.667219537476195,-0.593743598502064,FALSE,FALSE,FALSE,FALSE,FALSE,FALSE,0.75,0,0.75,-0.0236403794175355,-0.824606226461121,0.222321984049347,FALSE,FALSE,FALSE
"Sub040_ToD_Online",27.4324324324324,-2.08108108108108,FALSE,87,-6.51351351351351,FALSE,"Overall",37,23,20,4,"OA","Morning","25/10/24",-1.00564737828384,1.04535896672935,-1.2451262234792,1.37100794563204,FALSE,FALSE,FALSE,FALSE,FALSE,FALSE,0.616666666666667,0.166666666666667,0.45,-1.20689337926602,0.966002792212263,-1.57513302624656,FALSE,FALSE,FALSE
"Sub041_ToD_Online",10.6578947368421,3.13157894736842,FALSE,52.5,-9.13157894736842,FALSE,"Overall",38,22,22,2,"OA","Morning","25/10/24",-0.89785714103551,0.935511777384814,-0.288953343001503,0.388632173564987,FALSE,FALSE,FALSE,FALSE,FALSE,FALSE,0.633333333333333,0.0833333333333333,0.55,-1.09472540442467,0.210466848777505,-1.02414729944174,FALSE,FALSE,FALSE
"Sub042_ToD_Online",7.76923076923077,0.730769230769231,FALSE,20.4230769230769,-0.115384615384615,FALSE,"Overall",52,8,24,0,"OA","Morning","25/10/24",0.611206180441059,-0.602348873438738,0.667219537476195,-0.593743598502064,FALSE,FALSE,FALSE,FALSE,FALSE,FALSE,0.866666666666667,0,0.866666666666667,0.475626243354226,-0.545069094657253,0.720640835440162,FALSE,FALSE,FALSE
"Sub043_ToD_Online",4.96551724137931,0.0689655172413793,FALSE,20.2241379310345,-2.91379310344828,FALSE,"Overall",58,2,24,0,"OA","Morning","25/10/24",1.25794760393102,-1.26143200950597,0.667219537476195,-0.593743598502064,FALSE,FALSE,FALSE,FALSE,FALSE,FALSE,0.966666666666667,0,0.966666666666667,1.14863409240232,-0.545069094657253,1.27162656224497,FALSE,FALSE,FALSE
"Sub044_ToD_Online",9.30769230769231,-0.538461538461538,FALSE,86.7884615384615,-16.9807692307692,FALSE,"Overall",52,8,22,1,"OA","Morning","25/10/24",0.611206180441059,-0.602348873438738,-0.288953343001503,-0.102555712468538,FALSE,FALSE,FALSE,FALSE,FALSE,FALSE,0.866666666666667,0.0434782608695652,0.823188405797102,0.475626243354226,-0.150876428517379,0.481081823785896,FALSE,FALSE,FALSE
"Sub045_ToD_Online",5.55932203389831,1.05084745762712,FALSE,12.8135593220339,2.40677966101695,FALSE,"Overall",59,1,24,0,"OA","Morning","25/10/24",1.36573784117934,-1.37127919885051,0.667219537476195,-0.593743598502064,FALSE,FALSE,FALSE,FALSE,FALSE,FALSE,0.983333333333333,0,0.983333333333333,1.26080206724367,-0.545069094657253,1.36345751671244,FALSE,FALSE,FALSE
"Sub046_ToD_Online",7.70833333333333,-0.416666666666667,FALSE,38.8333333333333,-6.45833333333333,FALSE,"Overall",48,12,24,0,"OA","Night","25/10/24",0.180045231447754,-0.16296011606058,0.667219537476195,-0.593743598502064,FALSE,FALSE,FALSE,FALSE,FALSE,FALSE,0.8,0,0.8,0.0269543439888272,-0.545069094657253,0.353317017570287,FALSE,FALSE,FALSE
"Sub047_ToD_Online",10.8292682926829,-4.73170731707317,FALSE,83.9512195121951,-22.2926829268293,FALSE,"Overall",41,19,23,1,"OA","Night","25/10/24",-0.57448642929053,0.605970209351195,0.189133097237346,-0.102555712468538,FALSE,FALSE,FALSE,FALSE,FALSE,FALSE,0.683333333333333,0.0416666666666667,0.641666666666667,-0.758221479900621,-0.167301122939874,-0.519077049870665,FALSE,FALSE,FALSE
"Sub048_ToD_Online",10.7333333333333,-1.35555555555556,FALSE,88.8222222222222,5.31111111111111,FALSE,"Overall",45,15,17,7,"OA","Night","25/10/24",-0.143325480297225,0.166581451973038,-2.67938554419575,2.84457160373262,FALSE,FALSE,FALSE,FALSE,FALSE,FALSE,0.75,0.291666666666667,0.458333333333333,-0.309549580535222,2.0993067073644,-1.52921754901282,FALSE,FALSE,FALSE
"Sub049_ToD_Online",13.046511627907,-3.27906976744186,FALSE,60.5348837209302,-5.69767441860465,FALSE,"Overall",43,17,24,0,"OA","Morning","26/10/24",-0.358905954793878,0.386275830662117,0.667219537476195,-0.593743598502064,FALSE,FALSE,FALSE,FALSE,FALSE,FALSE,0.716666666666667,0,0.716666666666667,-0.533885530217922,-0.545069094657253,-0.105837754767056,FALSE,FALSE,FALSE
"Sub050_ToD_Online",8.33333333333333,-1.51851851851852,FALSE,30.5,-3.98148148148148,FALSE,"Overall",54,6,24,0,"OA","Morning","26/10/24",0.826786654937712,-0.822043252127817,0.667219537476195,-0.593743598502064,FALSE,FALSE,FALSE,FALSE,FALSE,FALSE,0.9,0,0.9,0.699962193036925,-0.545069094657253,0.904302744375099,FALSE,FALSE,FALSE
"Sub051_ToD_Online",5.86792452830189,-0.39622641509434,FALSE,29.6792452830189,-8.32075471698113,FALSE,"Overall",53,7,24,0,"OA","Morning","26/10/24",0.718996417689386,-0.712196062783277,0.667219537476195,-0.593743598502064,FALSE,FALSE,FALSE,FALSE,FALSE,FALSE,0.883333333333333,0,0.883333333333333,0.587794218195575,-0.545069094657253,0.81247178990763,FALSE,FALSE,FALSE
"Sub052_ToD_Online",4.375,1.625,FALSE,41.825,0.275,FALSE,"Overall",40,20,22,2,"OA","Morning","26/10/24",-0.682276666538857,0.715817398695735,-0.288953343001503,0.388632173564987,FALSE,FALSE,FALSE,FALSE,FALSE,FALSE,0.666666666666667,0.0833333333333333,0.583333333333333,-0.870389454741971,0.210466848777505,-0.840485390506806,FALSE,FALSE,FALSE
"Sub053_ToD_Online",5.45454545454545,0.590909090909091,FALSE,56.8409090909091,-3.11363636363636,FALSE,"Overall",44,16,24,0,"OA","Morning","26/10/24",-0.251115717545551,0.276428641317577,0.667219537476195,-0.593743598502064,FALSE,FALSE,FALSE,FALSE,FALSE,FALSE,0.733333333333333,0,0.733333333333333,-0.421717555376572,-0.545069094657253,-0.014006800299588,FALSE,FALSE,FALSE
"Sub055_ToD_Online",9.37254901960784,3.76470588235294,FALSE,94.9607843137255,-2.25490196078431,FALSE,"Overall",51,9,24,0,"OA","Morning","27/10/24",0.503415943192733,-0.492501684094199,0.667219537476195,-0.593743598502064,FALSE,FALSE,FALSE,FALSE,FALSE,FALSE,0.85,0,0.85,0.363458268512876,-0.545069094657253,0.628809880972693,FALSE,FALSE,FALSE
"Sub056_ToD_Online",2.3,0.1,FALSE,81.7,-2.34,FALSE,"Overall",50,9,20,3,"OA","Morning","27/10/24",0.395625705944407,-0.492501684094199,-1.2451262234792,0.879820059598513,FALSE,FALSE,FALSE,FALSE,FALSE,FALSE,0.847457627118644,0.130434782608696,0.717022844509948,0.34634789946928,0.637508903762368,-0.103875265688533,FALSE,FALSE,FALSE
"Sub057_ToD_Online",9.92307692307692,2.8974358974359,FALSE,52.9487179487179,-14.0769230769231,FALSE,"Overall",39,21,23,1,"OA","Morning","27/10/24",-0.790066903787183,0.825664588040274,0.189133097237346,-0.102555712468538,FALSE,FALSE,FALSE,FALSE,FALSE,FALSE,0.65,0.0416666666666667,0.608333333333333,-0.98255742958332,-0.167301122939874,-0.702738958805603,FALSE,FALSE,FALSE
"Sub059_ToD_Online",3.96610169491525,-1.01694915254237,FALSE,6.15254237288136,-0.525423728813559,FALSE,"Overall",59,1,24,0,"OA","Morning","27/10/24",1.36573784117934,-1.37127919885051,0.667219537476195,-0.593743598502064,FALSE,FALSE,FALSE,FALSE,FALSE,FALSE,0.983333333333333,0,0.983333333333333,1.26080206724367,-0.545069094657253,1.36345751671244,FALSE,FALSE,FALSE
"Sub060_ToD_Online",9.07272727272727,-0.0909090909090909,FALSE,51.0363636363636,-14.5272727272727,FALSE,"Overall",55,5,24,0,"OA","Morning","28/10/24",0.934576892186038,-0.931890441472356,0.667219537476195,-0.593743598502064,FALSE,FALSE,FALSE,FALSE,FALSE,FALSE,0.916666666666667,0,0.916666666666667,0.812130167878275,-0.545069094657253,0.996133698842568,FALSE,FALSE,FALSE
"Sub061_ToD_Online",6.16326530612245,-1.30612244897959,FALSE,25.7959183673469,-1.30612244897959,FALSE,"Overall",49,10,24,0,"YA","Morning","28/10/24",0.28783546869608,-0.382654494749659,0.667219537476195,-0.593743598502064,FALSE,FALSE,FALSE,FALSE,FALSE,FALSE,0.830508474576271,0,0.830508474576271,0.492878361368953,-0.824606226461121,0.688705589650514,FALSE,FALSE,FALSE
"Sub062_ToD_Online",5.95833333333333,-1.20833333333333,FALSE,27.5208333333333,4.64583333333333,FALSE,"Overall",48,12,23,1,"YA","Night","28/10/24",0.180045231447754,-0.16296011606058,0.189133097237346,-0.102555712468538,FALSE,FALSE,FALSE,FALSE,FALSE,FALSE,0.8,0.0416666666666667,0.758333333333333,0.297144943807758,-0.00776245448101521,0.270596778313328,FALSE,FALSE,FALSE
"Sub063_ToD_Online",5.27906976744186,0.86046511627907,FALSE,22.6279069767442,-2.06976744186047,FALSE,"Overall",43,17,23,1,"YA","Night","28/10/24",-0.358905954793878,0.386275830662117,0.189133097237346,-0.102555712468538,FALSE,FALSE,FALSE,FALSE,FALSE,FALSE,0.716666666666667,0.0416666666666667,0.675,-0.237497261567731,-0.00776245448101521,-0.212151164326476,FALSE,FALSE,FALSE
"Sub064_ToD_Online",7.54545454545455,2.40909090909091,FALSE,49.0454545454545,0.590909090909091,FALSE,"Overall",44,16,24,0,"YA","Night","28/10/24",-0.251115717545551,0.276428641317577,0.667219537476195,-0.593743598502064,FALSE,FALSE,FALSE,FALSE,FALSE,FALSE,0.733333333333333,0,0.733333333333333,-0.130568820492633,-0.824606226461121,0.125772395521386,FALSE,FALSE,FALSE
"Sub065_ToD_Online",8.0188679245283,-0.584905660377358,FALSE,51.6415094339623,-0.320754716981132,FALSE,"Overall",53,7,22,2,"YA","Night","28/10/24",0.718996417689386,-0.712196062783277,-0.288953343001503,0.388632173564987,FALSE,FALSE,FALSE,FALSE,FALSE,FALSE,0.883333333333333,0.0833333333333333,0.8,0.831787149183245,0.809081317499091,0.511970749633229,FALSE,FALSE,FALSE
"Sub066_ToD_Online",6.64912280701754,1.42105263157895,FALSE,51.5438596491228,19.6491228070175,FALSE,"Overall",57,3,21,3,"YA","Night","28/10/24",1.15015736668269,-1.15158482016143,-0.767039783240352,0.879820059598513,FALSE,FALSE,FALSE,FALSE,FALSE,FALSE,0.95,0.125,0.825,1.25950091348364,1.6259250894792,0.65679513242517,FALSE,FALSE,FALSE
"Sub068_ToD_Online",6.75471698113208,-0.830188679245283,FALSE,42.0943396226415,9.49056603773585,FALSE,"Overall",53,7,23,1,"OA","Night","28/10/24",0.718996417689386,-0.712196062783277,0.189133097237346,-0.102555712468538,FALSE,FALSE,FALSE,FALSE,FALSE,FALSE,0.883333333333333,0.0416666666666667,0.841666666666667,0.587794218195575,-0.167301122939874,0.582894403738959,FALSE,FALSE,FALSE
"Sub069_ToD_Online",8.71929824561403,0.578947368421053,FALSE,89.5438596491228,2.94736842105263,FALSE,"Overall",57,3,10,14,"OA","Night","28/10/24",1.15015736668269,-1.15158482016143,-6.02599062586769,6.2828868059673,FALSE,FALSE,TRUE,TRUE,TRUE,FALSE,0.95,0.583333333333333,0.366666666666667,1.03646611756097,4.74368250938605,-2.0342877985839,FALSE,TRUE,FALSE
"Sub070_ToD_Online",9.26666666666667,-0.0666666666666667,FALSE,73.4444444444444,-11.6222222222222,FALSE,"Overall",45,15,24,0,"OA","Night","28/10/24",-0.143325480297225,0.166581451973038,0.667219537476195,-0.593743598502064,FALSE,FALSE,FALSE,FALSE,FALSE,FALSE,0.75,0,0.75,-0.309549580535222,-0.545069094657253,0.077824154167881,FALSE,FALSE,FALSE
"Sub071_ToD_Online",7.88372093023256,3.41860465116279,FALSE,39.046511627907,6.16279069767442,FALSE,"Overall",43,17,20,2,"OA","Night","28/10/24",-0.358905954793878,0.386275830662117,-1.2451262234792,0.388632173564987,FALSE,FALSE,FALSE,FALSE,FALSE,FALSE,0.716666666666667,0.0909090909090909,0.625757575757576,-0.533885530217922,0.279151934544301,-0.606733870044158,FALSE,FALSE,FALSE
"Sub072_ToD_Online",13.2857142857143,-0.178571428571429,FALSE,27.6785714285714,-4.42857142857143,FALSE,"Overall",56,4,24,0,"OA","Night","28/10/24",1.04236712943436,-1.0417376308169,0.667219537476195,-0.593743598502064,FALSE,FALSE,FALSE,FALSE,FALSE,FALSE,0.933333333333333,0,0.933333333333333,0.924298142719625,-0.545069094657253,1.08796465331004,FALSE,FALSE,FALSE
"Sub073_ToD_Online",5.41379310344828,-1.55172413793103,FALSE,26.3103448275862,-6.37931034482759,FALSE,"Overall",58,2,23,1,"OA","Night","28/10/24",1.25794760393102,-1.26143200950597,0.189133097237346,-0.102555712468538,FALSE,FALSE,FALSE,FALSE,FALSE,FALSE,0.966666666666667,0.0416666666666667,0.925,1.14863409240232,-0.167301122939874,1.0420491760763,FALSE,FALSE,FALSE
"Sub074_ToD_Online",15.3333333333333,3.85964912280702,FALSE,28.280701754386,8.31578947368421,FALSE,"Overall",57,3,23,0,"OA","Night","6/11/2024",1.15015736668269,-1.15158482016143,0.189133097237346,-0.593743598502064,FALSE,FALSE,FALSE,FALSE,FALSE,FALSE,0.95,0,0.95,1.03646611756097,-0.545069094657253,1.17979560777751,FALSE,FALSE,FALSE
"Sub075_ToD_Online",5.66037735849057,-0.490566037735849,FALSE,51.6603773584906,-9.39622641509434,FALSE,"Overall",53,7,22,2,"OA","Night","6/11/2024",0.718996417689386,-0.712196062783277,-0.288953343001503,0.388632173564987,FALSE,FALSE,FALSE,FALSE,FALSE,FALSE,0.883333333333333,0.0833333333333333,0.8,0.587794218195575,0.210466848777505,0.353317017570287,FALSE,FALSE,FALSE
"Sub076_ToD_Online",4.93023255813953,-0.697674418604651,FALSE,39.6511627906977,5.13953488372093,FALSE,"Overall",43,17,22,2,"OA","Night","6/11/2024",-0.358905954793878,0.386275830662117,-0.288953343001503,0.388632173564987,FALSE,FALSE,FALSE,FALSE,FALSE,FALSE,0.716666666666667,0.0833333333333333,0.633333333333333,-0.533885530217922,0.210466848777505,-0.5649925271044,FALSE,FALSE,FALSE
"Sub077_ToD_Online",9.94285714285714,2.28571428571429,FALSE,49.8857142857143,5.48571428571429,FALSE,"Overall",35,23,24,0,"OA","Night","6/11/2024",-1.22122785278049,1.04535896672935,0.667219537476195,-0.593743598502064,FALSE,FALSE,FALSE,FALSE,FALSE,FALSE,0.603448275862069,0,0.603448275862069,-1.29585418689881,-0.545069094657253,-0.729654928218482,FALSE,FALSE,FALSE
"Sub078_ToD_Online",6.44444444444444,0.185185185185185,FALSE,64.8518518518518,-14.4444444444444,FALSE,"Overall",54,6,15,9,"OA","Night","6/11/2024",0.826786654937712,-0.822043252127817,-3.63555842467345,3.82694737579967,FALSE,FALSE,TRUE,TRUE,TRUE,FALSE,0.9,0.375,0.525,0.699962193036925,2.85484265079916,-1.16189373114295,FALSE,FALSE,FALSE
"Sub079_ToD_Online",5.61111111111111,-0.111111111111111,FALSE,46.1388888888889,4.19444444444444,FALSE,"Overall",36,24,23,1,"OA","Night","6/11/2024",-1.11343761553216,1.15520615607389,0.189133097237346,-0.102555712468538,FALSE,FALSE,FALSE,FALSE,FALSE,FALSE,0.6,0.0416666666666667,0.558333333333333,-1.31906135410737,-0.167301122939874,-0.978231822208009,FALSE,FALSE,FALSE
"Sub080_ToD_Online",4.82857142857143,1.8,FALSE,37.6285714285714,2.54285714285714,FALSE,"Overall",35,25,24,0,"YA","Night","6/11/2024",-1.22122785278049,1.26505334541843,0.667219537476195,-0.593743598502064,FALSE,FALSE,FALSE,FALSE,FALSE,FALSE,0.583333333333333,0,0.583333333333333,-1.09292479016851,-0.824606226461121,-0.74317390123026,FALSE,FALSE,FALSE
"Sub081_ToD_Online",3.75471698113208,0.622641509433962,FALSE,22.8301886792453,1.50943396226415,FALSE,"Overall",53,7,24,0,"YA","Night","6/11/2024",0.718996417689386,-0.712196062783277,0.667219537476195,-0.593743598502064,FALSE,FALSE,FALSE,FALSE,FALSE,FALSE,0.883333333333333,0,0.883333333333333,0.831787149183245,-0.824606226461121,0.994718692273033,FALSE,FALSE,FALSE
"Sub082_ToD_Online",9.61904761904762,0.238095238095238,FALSE,64.1904761904762,14.1904761904762,FALSE,"Overall",42,18,23,1,"YA","Night","6/11/2024",-0.466696192042204,0.496123020006656,0.189133097237346,-0.102555712468538,FALSE,FALSE,FALSE,FALSE,FALSE,FALSE,0.7,0.0416666666666667,0.658333333333333,-0.344425702642829,-0.00776245448101521,-0.308700752854437,FALSE,FALSE,FALSE
"Sub083_ToD_Online",11.921568627451,-5.56862745098039,FALSE,60.0392156862745,-1.88235294117647,FALSE,"Overall",51,9,21,3,"YA","Night","6/11/2024",0.503415943192733,-0.492501684094199,-0.767039783240352,0.879820059598513,FALSE,FALSE,FALSE,FALSE,FALSE,FALSE,0.85,0.125,0.725,0.61793026703305,1.6259250894792,0.0774976012574061,FALSE,FALSE,FALSE
"Sub084_ToD_Online",7.38775510204082,-0.122448979591837,FALSE,51.0816326530612,4.42857142857143,FALSE,"Overall",49,11,24,0,"YA","Night","6/11/2024",0.28783546869608,-0.27280730540512,0.667219537476195,-0.593743598502064,FALSE,FALSE,FALSE,FALSE,FALSE,FALSE,0.816666666666667,0,0.816666666666667,0.404073384882855,-0.824606226461121,0.60852033816119,FALSE,FALSE,FALSE
"Sub085_ToD_Online",6.62962962962963,-2.07407407407407,FALSE,29.462962962963,-10.9814814814815,FALSE,"Overall",54,6,24,0,"YA","Night","6/11/2024",0.826786654937712,-0.822043252127817,0.667219537476195,-0.593743598502064,FALSE,FALSE,FALSE,FALSE,FALSE,FALSE,0.9,0,0.9,0.938715590258343,-0.824606226461121,1.09126828080099,FALSE,FALSE,FALSE
"Sub086_ToD_Online",6.97826086956522,-0.760869565217391,FALSE,45.195652173913,4.19565217391304,FALSE,"Overall",46,14,24,0,"YA","Night","6/11/2024",-0.0355352430488987,0.0567342626284984,0.667219537476195,-0.593743598502064,FALSE,FALSE,FALSE,FALSE,FALSE,FALSE,0.766666666666667,0,0.766666666666667,0.0832880616575625,-0.824606226461121,0.318871572577308,FALSE,FALSE,FALSE
"Sub087_ToD_Online",4.58333333333333,0.305555555555556,FALSE,44.9444444444444,4.55555555555556,FALSE,"Overall",36,24,24,0,"YA","Morning","6/11/2024",-1.11343761553216,1.15520615607389,0.667219537476195,-0.593743598502064,FALSE,FALSE,FALSE,FALSE,FALSE,FALSE,0.6,0,0.6,-0.985996349093414,-0.824606226461121,-0.6466243127023,FALSE,FALSE,FALSE
"Sub088_ToD_Online",16.84375,2.65625,FALSE,46.375,-0.25,FALSE,"Overall",32,28,23,0,"YA","Morning","6/12/2024",-1.54459856452547,1.59459491345205,0.189133097237346,-0.593743598502064,FALSE,FALSE,FALSE,FALSE,FALSE,FALSE,0.533333333333333,0,0.533333333333333,-1.41371011339381,-0.824606226461121,-1.03282266681414,FALSE,FALSE,FALSE
"Sub089_ToD_Online",8.6078431372549,2.05882352941176,FALSE,22.4117647058824,-3,FALSE,"Overall",51,8,22,2,"YA","Morning","6/13/2024",0.503415943192733,-0.602348873438738,-0.288953343001503,0.388632173564987,FALSE,FALSE,FALSE,FALSE,FALSE,FALSE,0.864406779661017,0.0833333333333333,0.781073446327684,0.710359936436949,0.809081317499091,0.402329691474359,FALSE,FALSE,FALSE
"Sub090_ToD_Online",7.875,-0.791666666666667,FALSE,56.9583333333333,-7.70833333333333,FALSE,"Overall",24,36,24,0,"OA","Morning","6/12/2024",-2.40692046251208,2.47337242820837,0.667219537476195,-0.593743598502064,FALSE,FALSE,FALSE,FALSE,FALSE,TRUE,0.4,0,0.4,-2.66507705220357,-0.545069094657253,-1.85062588964896,FALSE,FALSE,FALSE
"Sub091_ToD_Online",10.1219512195122,0.804878048780488,FALSE,41.2439024390244,-6.80487804878049,FALSE,"Overall",41,18,22,2,"OA","Morning","6/12/2024",-0.57448642929053,0.496123020006656,-0.288953343001503,0.388632173564987,FALSE,FALSE,FALSE,FALSE,FALSE,FALSE,0.694915254237288,0.0833333333333333,0.611581920903955,-0.680274243146463,0.210466848777505,-0.684839704968723,FALSE,FALSE,FALSE
"Sub092_ToD_Online",10.2666666666667,-4.4,FALSE,74.8666666666667,-0.8,FALSE,"Overall",30,30,20,4,"YA","Morning","6/13/2024",-1.76017903902212,1.81428929214113,-1.2451262234792,1.37100794563204,FALSE,FALSE,FALSE,FALSE,FALSE,TRUE,0.5,0.166666666666667,0.333333333333333,-1.627566995544,2.4427688614593,-2.19141772914967,FALSE,FALSE,FALSE
