block,CorrectRecallOld,ForgetRecallOld,CorrectRecallNew,NewRecallOld,SubID,AgeGroup,ToD_Condition,Date
1,16,4,8,0,Sub046_ToD_Online,OA,Night,25/10/24
2,17,3,8,0,Sub046_ToD_Online,OA,Night,25/10/24
3,15,5,8,0,Sub046_ToD_Online,OA,Night,25/10/24
Overall,48,12,24,0,Sub046_ToD_Online,OA,Night,25/10/24
1,19,1,8,0,Sub051_ToD_Online,OA,Morning,26/10/24
2,17,3,8,0,Sub051_ToD_Online,OA,Morning,26/10/24
3,17,3,8,0,Sub051_ToD_Online,OA,Morning,26/10/24
Overall,53,7,24,0,Sub051_ToD_Online,OA,Morning,26/10/24
1,10,10,8,0,Sub090_ToD_Online,OA,Morning,6/12/2024
2,6,14,8,0,Sub090_ToD_Online,OA,Morning,6/12/2024
3,8,12,8,0,Sub090_ToD_Online,OA,Morning,6/12/2024
Overall,24,36,24,0,Sub090_ToD_Online,OA,Morning,6/12/2024
1,16,4,8,0,Sub040_ToD_Online,OA,Morning,25/10/24
2,9,11,7,1,Sub040_ToD_Online,OA,Morning,25/10/24
3,12,8,5,3,Sub040_ToD_Online,OA,Morning,25/10/24
Overall,37,23,20,4,Sub040_ToD_Online,OA,Morning,25/10/24
1,13,7,8,0,Sub023_ToD_Online,YA,Morning,25/10/24
2,13,7,7,2,Sub023_ToD_Online,YA,Morning,25/10/24
3,15,5,7,0,Sub023_ToD_Online,YA,Morning,25/10/24
Overall,41,19,22,2,Sub023_ToD_Online,YA,Morning,25/10/24
1,14,6,8,0,Sub049_ToD_Online,OA,Morning,26/10/24
2,13,7,8,0,Sub049_ToD_Online,OA,Morning,26/10/24
3,16,4,8,0,Sub049_ToD_Online,OA,Morning,26/10/24
Overall,43,17,24,0,Sub049_ToD_Online,OA,Morning,26/10/24
1,18,2,6,1,Sub005_ToD_Online,OA,Morning,24/10/24
2,19,1,9,0,Sub005_ToD_Online,OA,Morning,24/10/24
3,20,0,7,0,Sub005_ToD_Online,OA,Morning,24/10/24
Overall,57,3,22,1,Sub005_ToD_Online,OA,Morning,24/10/24
1,12,8,6,0,Sub071_ToD_Online,OA,Night,28/10/24
2,18,2,7,1,Sub071_ToD_Online,OA,Night,28/10/24
3,13,7,7,1,Sub071_ToD_Online,OA,Night,28/10/24
Overall,43,17,20,2,Sub071_ToD_Online,OA,Night,28/10/24
1,15,5,7,1,Sub047_ToD_Online,OA,Night,25/10/24
2,14,6,9,0,Sub047_ToD_Online,OA,Night,25/10/24
3,12,8,7,0,Sub047_ToD_Online,OA,Night,25/10/24
Overall,41,19,23,1,Sub047_ToD_Online,OA,Night,25/10/24
1,16,4,8,0,Sub064_ToD_Online,YA,Night,28/10/24
2,15,5,9,0,Sub064_ToD_Online,YA,Night,28/10/24
3,13,7,7,0,Sub064_ToD_Online,YA,Night,28/10/24
Overall,44,16,24,0,Sub064_ToD_Online,YA,Night,28/10/24
1,18,2,7,1,Sub067_ToD_Online,OA,Night,28/10/24
2,11,9,8,0,Sub067_ToD_Online,OA,Night,28/10/24
3,11,9,7,1,Sub067_ToD_Online,OA,Night,28/10/24
Overall,40,20,22,2,Sub067_ToD_Online,OA,Night,28/10/24
1,19,1,8,0,Sub072_ToD_Online,OA,Night,28/10/24
2,18,2,9,0,Sub072_ToD_Online,OA,Night,28/10/24
3,19,1,7,0,Sub072_ToD_Online,OA,Night,28/10/24
Overall,56,4,24,0,Sub072_ToD_Online,OA,Night,28/10/24
1,15,4,8,0,Sub089_ToD_Online,YA,Morning,6/13/2024
2,20,0,9,0,Sub089_ToD_Online,YA,Morning,6/13/2024
3,16,4,5,2,Sub089_ToD_Online,YA,Morning,6/13/2024
Overall,51,8,22,2,Sub089_ToD_Online,YA,Morning,6/13/2024
1,16,4,8,0,Sub016_ToD_Online,OA,Night,24/10/24
2,16,4,8,0,Sub016_ToD_Online,OA,Night,24/10/24
3,18,2,8,0,Sub016_ToD_Online,OA,Night,24/10/24
Overall,50,10,24,0,Sub016_ToD_Online,OA,Night,24/10/24
1,19,1,8,0,Sub043_ToD_Online,OA,Morning,25/10/24
2,19,1,9,0,Sub043_ToD_Online,OA,Morning,25/10/24
3,20,0,7,0,Sub043_ToD_Online,OA,Morning,25/10/24
Overall,58,2,24,0,Sub043_ToD_Online,OA,Morning,25/10/24
1,11,9,8,0,Sub041_ToD_Online,OA,Morning,25/10/24
2,16,4,8,1,Sub041_ToD_Online,OA,Morning,25/10/24
3,11,9,6,1,Sub041_ToD_Online,OA,Morning,25/10/24
Overall,38,22,22,2,Sub041_ToD_Online,OA,Morning,25/10/24
1,15,5,8,0,Sub037_ToD_Online,YA,Morning,28/10/24
2,16,4,8,0,Sub037_ToD_Online,YA,Morning,28/10/24
3,15,5,8,0,Sub037_ToD_Online,YA,Morning,28/10/24
Overall,46,14,24,0,Sub037_ToD_Online,YA,Morning,28/10/24
1,20,0,8,0,Sub012_ToD_Online,YA,Night,24/10/24
2,20,0,8,0,Sub012_ToD_Online,YA,Night,24/10/24
3,18,2,8,0,Sub012_ToD_Online,YA,Night,24/10/24
Overall,58,2,24,0,Sub012_ToD_Online,YA,Night,24/10/24
1,15,5,8,0,Sub055_ToD_Online,OA,Morning,27/10/24
2,16,4,9,0,Sub055_ToD_Online,OA,Morning,27/10/24
3,20,0,7,0,Sub055_ToD_Online,OA,Morning,27/10/24
Overall,51,9,24,0,Sub055_ToD_Online,OA,Morning,27/10/24
1,6,12,8,0,Sub018_ToD_Online,OA,Night,24/10/24
2,10,10,8,0,Sub018_ToD_Online,OA,Night,24/10/24
3,12,8,6,2,Sub018_ToD_Online,OA,Night,24/10/24
Overall,28,30,22,2,Sub018_ToD_Online,OA,Night,24/10/24
1,20,0,8,0,Sub066_ToD_Online,YA,Night,28/10/24
2,19,1,7,2,Sub066_ToD_Online,YA,Night,28/10/24
3,18,2,6,1,Sub066_ToD_Online,YA,Night,28/10/24
Overall,57,3,21,3,Sub066_ToD_Online,YA,Night,28/10/24
1,18,2,8,0,Sub017_ToD_Online,OA,Night,24/10/24
2,20,0,9,0,Sub017_ToD_Online,OA,Night,24/10/24
3,20,0,7,0,Sub017_ToD_Online,OA,Night,24/10/24
Overall,58,2,24,0,Sub017_ToD_Online,OA,Night,24/10/24
1,17,3,8,0,Sub038_ToD_Online,YA,Morning,28/10/24
2,20,0,8,0,Sub038_ToD_Online,YA,Morning,28/10/24
3,20,0,8,0,Sub038_ToD_Online,YA,Morning,28/10/24
Overall,57,3,24,0,Sub038_ToD_Online,YA,Morning,28/10/24
1,18,2,8,0,Sub027_ToD_Online,YA,Morning,26/10/24
2,16,4,8,0,Sub027_ToD_Online,YA,Morning,26/10/24
3,12,8,8,0,Sub027_ToD_Online,YA,Morning,26/10/24
Overall,46,14,24,0,Sub027_ToD_Online,YA,Morning,26/10/24
1,18,2,7,0,Sub007_ToD_Online,OA,Morning,24/10/24
2,17,3,9,0,Sub007_ToD_Online,OA,Morning,24/10/24
3,13,7,6,1,Sub007_ToD_Online,OA,Morning,24/10/24
Overall,48,12,22,1,Sub007_ToD_Online,OA,Morning,24/10/24
1,17,3,8,0,Sub060_ToD_Online,OA,Morning,28/10/24
2,19,1,8,0,Sub060_ToD_Online,OA,Morning,28/10/24
3,19,1,8,0,Sub060_ToD_Online,OA,Morning,28/10/24
Overall,55,5,24,0,Sub060_ToD_Online,OA,Morning,28/10/24
1,8,10,8,0,Sub077_ToD_Online,OA,Night,6/11/2024
2,11,9,9,0,Sub077_ToD_Online,OA,Night,6/11/2024
3,16,4,7,0,Sub077_ToD_Online,OA,Night,6/11/2024
Overall,35,23,24,0,Sub077_ToD_Online,OA,Night,6/11/2024
1,15,5,8,0,Sub042_ToD_Online,OA,Morning,25/10/24
2,19,1,8,0,Sub042_ToD_Online,OA,Morning,25/10/24
3,18,2,8,0,Sub042_ToD_Online,OA,Morning,25/10/24
Overall,52,8,24,0,Sub042_ToD_Online,OA,Morning,25/10/24
1,14,6,8,0,Sub015_ToD_Online,YA,Night,24/10/24
2,17,3,8,0,Sub015_ToD_Online,YA,Night,24/10/24
3,13,7,8,0,Sub015_ToD_Online,YA,Night,24/10/24
Overall,44,16,24,0,Sub015_ToD_Online,YA,Night,24/10/24
1,18,2,8,0,Sub081_ToD_Online,YA,Night,6/11/2024
2,16,4,8,0,Sub081_ToD_Online,YA,Night,6/11/2024
3,19,1,8,0,Sub081_ToD_Online,YA,Night,6/11/2024
Overall,53,7,24,0,Sub081_ToD_Online,YA,Night,6/11/2024
1,17,3,7,1,Sub063_ToD_Online,YA,Night,28/10/24
2,13,7,9,0,Sub063_ToD_Online,YA,Night,28/10/24
3,13,7,7,0,Sub063_ToD_Online,YA,Night,28/10/24
Overall,43,17,23,1,Sub063_ToD_Online,YA,Night,28/10/24
1,20,0,8,0,Sub045_ToD_Online,OA,Morning,25/10/24
2,20,0,9,0,Sub045_ToD_Online,OA,Morning,25/10/24
3,19,1,7,0,Sub045_ToD_Online,OA,Morning,25/10/24
Overall,59,1,24,0,Sub045_ToD_Online,OA,Morning,25/10/24
1,19,1,8,0,Sub014_ToD_Online,YA,Night,24/10/24
2,17,3,8,0,Sub014_ToD_Online,YA,Night,24/10/24
3,14,6,8,0,Sub014_ToD_Online,YA,Night,24/10/24
Overall,50,10,24,0,Sub014_ToD_Online,YA,Night,24/10/24
1,17,3,8,0,Sub019_ToD_Online,OA,Night,24/10/24
2,12,8,9,0,Sub019_ToD_Online,OA,Night,24/10/24
3,18,2,6,1,Sub019_ToD_Online,OA,Night,24/10/24
Overall,47,13,23,1,Sub019_ToD_Online,OA,Night,24/10/24
1,11,8,7,0,Sub026_ToD_Online,YA,Night,25/10/24
2,13,7,6,2,Sub026_ToD_Online,YA,Night,25/10/24
3,9,11,7,1,Sub026_ToD_Online,YA,Night,25/10/24
Overall,33,26,20,3,Sub026_ToD_Online,YA,Night,25/10/24
1,10,10,8,0,Sub032_ToD_Online,YA,Morning,27/10/24
2,13,7,9,0,Sub032_ToD_Online,YA,Morning,27/10/24
3,12,8,7,0,Sub032_ToD_Online,YA,Morning,27/10/24
Overall,35,25,24,0,Sub032_ToD_Online,YA,Morning,27/10/24
1,13,7,8,0,Sub053_ToD_Online,OA,Morning,26/10/24
2,13,7,8,0,Sub053_ToD_Online,OA,Morning,26/10/24
3,18,2,8,0,Sub053_ToD_Online,OA,Morning,26/10/24
Overall,44,16,24,0,Sub053_ToD_Online,OA,Morning,26/10/24
1,14,6,8,0,Sub003_ToD_Online,OA,Night,23/10/24
2,20,0,8,0,Sub003_ToD_Online,OA,Night,23/10/24
3,20,0,7,1,Sub003_ToD_Online,OA,Night,23/10/24
Overall,54,6,23,1,Sub003_ToD_Online,OA,Night,23/10/24
1,18,2,8,0,Sub010_ToD_Online,YA,Morning,24/10/24
2,19,1,7,1,Sub010_ToD_Online,YA,Morning,24/10/24
3,18,2,6,2,Sub010_ToD_Online,YA,Morning,24/10/24
Overall,55,5,21,3,Sub010_ToD_Online,YA,Morning,24/10/24
1,13,7,8,0,Sub076_ToD_Online,OA,Night,6/11/2024
2,16,4,9,0,Sub076_ToD_Online,OA,Night,6/11/2024
3,14,6,5,2,Sub076_ToD_Online,OA,Night,6/11/2024
Overall,43,17,22,2,Sub076_ToD_Online,OA,Night,6/11/2024
1,18,2,8,0,Sub021_ToD_Online,YA,Morning,25/10/24
2,20,0,8,0,Sub021_ToD_Online,YA,Morning,25/10/24
3,19,1,8,0,Sub021_ToD_Online,YA,Morning,25/10/24
Overall,57,3,24,0,Sub021_ToD_Online,YA,Morning,25/10/24
1,16,3,8,0,Sub061_ToD_Online,YA,Morning,28/10/24
2,16,4,9,0,Sub061_ToD_Online,YA,Morning,28/10/24
3,17,3,7,0,Sub061_ToD_Online,YA,Morning,28/10/24
Overall,49,10,24,0,Sub061_ToD_Online,YA,Morning,28/10/24
1,15,5,7,0,Sub009_ToD_Online,YA,Night,23/10/24
2,13,7,9,0,Sub009_ToD_Online,YA,Night,23/10/24
3,8,12,7,0,Sub009_ToD_Online,YA,Night,23/10/24
Overall,36,24,23,0,Sub009_ToD_Online,YA,Night,23/10/24
1,13,7,7,1,Sub033_ToD_Online,YA,Morning,27/10/24
2,17,3,8,0,Sub033_ToD_Online,YA,Morning,27/10/24
3,16,4,8,0,Sub033_ToD_Online,YA,Morning,27/10/24
Overall,46,14,23,1,Sub033_ToD_Online,YA,Morning,27/10/24
1,19,1,8,0,Sub025_ToD_Online,YA,Night,25/10/24
2,20,0,8,0,Sub025_ToD_Online,YA,Night,25/10/24
3,20,0,8,0,Sub025_ToD_Online,YA,Night,25/10/24
Overall,59,1,24,0,Sub025_ToD_Online,YA,Night,25/10/24
1,15,5,8,0,Sub058_ToD_Online,OA,Morning,27/10/24
2,16,4,8,0,Sub058_ToD_Online,OA,Morning,27/10/24
3,19,1,8,0,Sub058_ToD_Online,OA,Morning,27/10/24
Overall,50,10,24,0,Sub058_ToD_Online,OA,Morning,27/10/24
1,17,3,5,3,Sub069_ToD_Online,OA,Night,28/10/24
2,20,0,2,6,Sub069_ToD_Online,OA,Night,28/10/24
3,20,0,3,5,Sub069_ToD_Online,OA,Night,28/10/24
Overall,57,3,10,14,Sub069_ToD_Online,OA,Night,28/10/24
1,15,5,8,0,Sub057_ToD_Online,OA,Morning,27/10/24
2,11,9,7,1,Sub057_ToD_Online,OA,Morning,27/10/24
3,13,7,8,0,Sub057_ToD_Online,OA,Morning,27/10/24
Overall,39,21,23,1,Sub057_ToD_Online,OA,Morning,27/10/24
1,19,1,8,0,Sub062_ToD_Online,YA,Night,28/10/24
2,16,4,8,1,Sub062_ToD_Online,YA,Night,28/10/24
3,13,7,7,0,Sub062_ToD_Online,YA,Night,28/10/24
Overall,48,12,23,1,Sub062_ToD_Online,YA,Night,28/10/24
1,19,1,8,0,Sub075_ToD_Online,OA,Night,6/11/2024
2,17,3,7,1,Sub075_ToD_Online,OA,Night,6/11/2024
3,17,3,7,1,Sub075_ToD_Online,OA,Night,6/11/2024
Overall,53,7,22,2,Sub075_ToD_Online,OA,Night,6/11/2024
1,15,4,8,0,Sub091_ToD_Online,OA,Morning,6/12/2024
2,18,2,6,2,Sub091_ToD_Online,OA,Morning,6/12/2024
3,8,12,8,0,Sub091_ToD_Online,OA,Morning,6/12/2024
Overall,41,18,22,2,Sub091_ToD_Online,OA,Morning,6/12/2024
1,12,8,5,3,Sub048_ToD_Online,OA,Night,25/10/24
2,15,5,8,1,Sub048_ToD_Online,OA,Night,25/10/24
3,18,2,4,3,Sub048_ToD_Online,OA,Night,25/10/24
Overall,45,15,17,7,Sub048_ToD_Online,OA,Night,25/10/24
1,13,6,6,1,Sub056_ToD_Online,OA,Morning,27/10/24
2,18,2,7,2,Sub056_ToD_Online,OA,Morning,27/10/24
3,19,1,7,0,Sub056_ToD_Online,OA,Morning,27/10/24
Overall,50,9,20,3,Sub056_ToD_Online,OA,Morning,27/10/24
1,19,1,8,0,Sub050_ToD_Online,OA,Morning,26/10/24
2,16,4,9,0,Sub050_ToD_Online,OA,Morning,26/10/24
3,19,1,7,0,Sub050_ToD_Online,OA,Morning,26/10/24
Overall,54,6,24,0,Sub050_ToD_Online,OA,Morning,26/10/24
1,15,4,8,0,Sub011_ToD_Online,YA,Morning,24/10/24
2,17,3,7,1,Sub011_ToD_Online,YA,Morning,24/10/24
3,14,6,8,0,Sub011_ToD_Online,YA,Morning,24/10/24
Overall,46,13,23,1,Sub011_ToD_Online,YA,Morning,24/10/24
1,18,2,7,0,Sub074_ToD_Online,OA,Night,6/11/2024
2,19,1,9,0,Sub074_ToD_Online,OA,Night,6/11/2024
3,20,0,7,0,Sub074_ToD_Online,OA,Night,6/11/2024
Overall,57,3,23,0,Sub074_ToD_Online,OA,Night,6/11/2024
1,18,2,8,0,Sub070_ToD_Online,OA,Night,28/10/24
2,18,2,9,0,Sub070_ToD_Online,OA,Night,28/10/24
3,9,11,7,0,Sub070_ToD_Online,OA,Night,28/10/24
Overall,45,15,24,0,Sub070_ToD_Online,OA,Night,28/10/24
1,17,3,8,0,Sub086_ToD_Online,YA,Night,6/11/2024
2,12,8,8,0,Sub086_ToD_Online,YA,Night,6/11/2024
3,17,3,8,0,Sub086_ToD_Online,YA,Night,6/11/2024
Overall,46,14,24,0,Sub086_ToD_Online,YA,Night,6/11/2024
1,17,3,6,2,Sub078_ToD_Online,OA,Night,6/11/2024
2,19,1,3,5,Sub078_ToD_Online,OA,Night,6/11/2024
3,18,2,6,2,Sub078_ToD_Online,OA,Night,6/11/2024
Overall,54,6,15,9,Sub078_ToD_Online,OA,Night,6/11/2024
1,6,12,6,1,Sub006_ToD_Online,OA,Morning,24/10/24
2,12,8,9,0,Sub006_ToD_Online,OA,Morning,24/10/24
3,11,9,7,0,Sub006_ToD_Online,OA,Morning,24/10/24
Overall,29,29,22,1,Sub006_ToD_Online,OA,Morning,24/10/24
1,13,7,5,1,Sub036_ToD_Online,YA,Morning,27/10/24
2,15,5,9,0,Sub036_ToD_Online,YA,Morning,27/10/24
3,12,8,7,0,Sub036_ToD_Online,YA,Morning,27/10/24
Overall,40,20,21,1,Sub036_ToD_Online,YA,Morning,27/10/24
1,7,13,8,0,Sub001_ToD_Online,YA,Morning,23/10/24
2,4,16,8,0,Sub001_ToD_Online,YA,Morning,23/10/24
3,3,17,6,2,Sub001_ToD_Online,YA,Morning,23/10/24
Overall,14,46,22,2,Sub001_ToD_Online,YA,Morning,23/10/24
1,15,5,8,0,Sub022_ToD_Online,YA,Morning,25/10/24
2,10,10,9,0,Sub022_ToD_Online,YA,Morning,25/10/24
3,9,11,7,0,Sub022_ToD_Online,YA,Morning,25/10/24
Overall,34,26,24,0,Sub022_ToD_Online,YA,Morning,25/10/24
1,19,1,8,0,Sub034_ToD_Online,YA,Morning,27/10/24
2,19,1,9,0,Sub034_ToD_Online,YA,Morning,27/10/24
3,20,0,7,0,Sub034_ToD_Online,YA,Morning,27/10/24
Overall,58,2,24,0,Sub034_ToD_Online,YA,Morning,27/10/24
1,20,0,8,0,Sub020_ToD_Online,YA,Morning,25/10/24
2,18,2,9,0,Sub020_ToD_Online,YA,Morning,25/10/24
3,19,1,6,1,Sub020_ToD_Online,YA,Morning,25/10/24
Overall,57,3,23,1,Sub020_ToD_Online,YA,Morning,25/10/24
1,17,3,7,1,Sub029_ToD_Online,YA,Morning,26/10/24
2,16,4,8,0,Sub029_ToD_Online,YA,Morning,26/10/24
3,10,10,8,0,Sub029_ToD_Online,YA,Morning,26/10/24
Overall,43,17,23,1,Sub029_ToD_Online,YA,Morning,26/10/24
1,20,0,7,1,Sub024_ToD_Online,YA,Night,25/10/24
2,18,2,8,1,Sub024_ToD_Online,YA,Night,25/10/24
3,14,6,7,0,Sub024_ToD_Online,YA,Night,25/10/24
Overall,52,8,22,2,Sub024_ToD_Online,YA,Night,25/10/24
1,13,7,8,0,Sub008_ToD_Online,YA,Night,23/10/24
2,13,7,7,1,Sub008_ToD_Online,YA,Night,23/10/24
3,18,2,7,1,Sub008_ToD_Online,YA,Night,23/10/24
Overall,44,16,22,2,Sub008_ToD_Online,YA,Night,23/10/24
1,10,10,7,0,Sub088_ToD_Online,YA,Morning,6/12/2024
2,9,11,9,0,Sub088_ToD_Online,YA,Morning,6/12/2024
3,13,7,7,0,Sub088_ToD_Online,YA,Morning,6/12/2024
Overall,32,28,23,0,Sub088_ToD_Online,YA,Morning,6/12/2024
1,16,4,7,1,Sub068_ToD_Online,OA,Night,28/10/24
2,18,2,9,0,Sub068_ToD_Online,OA,Night,28/10/24
3,19,1,7,0,Sub068_ToD_Online,OA,Night,28/10/24
Overall,53,7,23,1,Sub068_ToD_Online,OA,Night,28/10/24
1,12,7,8,0,Sub004_ToD_Online,OA,Night,23/10/24
2,14,6,8,0,Sub004_ToD_Online,OA,Night,23/10/24
3,16,4,8,0,Sub004_ToD_Online,OA,Night,23/10/24
Overall,42,17,24,0,Sub004_ToD_Online,OA,Night,23/10/24
1,11,9,8,0,Sub028_ToD_Online,YA,Morning,26/10/34
2,13,7,8,0,Sub028_ToD_Online,YA,Morning,26/10/34
3,12,8,7,1,Sub028_ToD_Online,YA,Morning,26/10/34
Overall,36,24,23,1,Sub028_ToD_Online,YA,Morning,26/10/34
1,16,4,8,0,Sub039_ToD_Online,YA,Morning,28/10/24
2,14,6,9,0,Sub039_ToD_Online,YA,Morning,28/10/24
3,15,5,7,0,Sub039_ToD_Online,YA,Morning,28/10/24
Overall,45,15,24,0,Sub039_ToD_Online,YA,Morning,28/10/24
1,14,6,8,0,Sub092_ToD_Online,YA,Morning,6/13/2024
2,7,13,7,1,Sub092_ToD_Online,YA,Morning,6/13/2024
3,9,11,5,3,Sub092_ToD_Online,YA,Morning,6/13/2024
Overall,30,30,20,4,Sub092_ToD_Online,YA,Morning,6/13/2024
1,17,3,7,0,Sub035_ToD_Online,YA,Morning,27/10/24
2,17,3,8,0,Sub035_ToD_Online,YA,Morning,27/10/24
3,18,2,8,0,Sub035_ToD_Online,YA,Morning,27/10/24
Overall,52,8,23,0,Sub035_ToD_Online,YA,Morning,27/10/24
1,11,9,8,0,Sub087_ToD_Online,YA,Morning,6/11/2024
2,9,11,8,0,Sub087_ToD_Online,YA,Morning,6/11/2024
3,16,4,8,0,Sub087_ToD_Online,YA,Morning,6/11/2024
Overall,36,24,24,0,Sub087_ToD_Online,YA,Morning,6/11/2024
1,15,5,7,1,Sub031_ToD_Online,YA,Morning,27/10/24
2,16,4,8,1,Sub031_ToD_Online,YA,Morning,27/10/24
3,16,4,5,2,Sub031_ToD_Online,YA,Morning,27/10/24
Overall,47,13,20,4,Sub031_ToD_Online,YA,Morning,27/10/24
1,19,1,8,0,Sub084_ToD_Online,YA,Night,6/11/2024
2,15,5,9,0,Sub084_ToD_Online,YA,Night,6/11/2024
3,15,5,7,0,Sub084_ToD_Online,YA,Night,6/11/2024
Overall,49,11,24,0,Sub084_ToD_Online,YA,Night,6/11/2024
1,20,0,8,0,Sub054_ToD_Online,OA,Morning,26/10/24
2,20,0,8,1,Sub054_ToD_Online,OA,Morning,26/10/24
3,20,0,7,0,Sub054_ToD_Online,OA,Morning,26/10/24
Overall,60,0,23,1,Sub054_ToD_Online,OA,Morning,26/10/24
1,16,4,8,0,Sub082_ToD_Online,YA,Night,6/11/2024
2,12,8,9,0,Sub082_ToD_Online,YA,Night,6/11/2024
3,14,6,6,1,Sub082_ToD_Online,YA,Night,6/11/2024
Overall,42,18,23,1,Sub082_ToD_Online,YA,Night,6/11/2024
1,13,7,8,0,Sub079_ToD_Online,OA,Night,6/11/2024
2,13,7,7,1,Sub079_ToD_Online,OA,Night,6/11/2024
3,10,10,8,0,Sub079_ToD_Online,OA,Night,6/11/2024
Overall,36,24,23,1,Sub079_ToD_Online,OA,Night,6/11/2024
1,16,4,6,1,Sub013_ToD_Online,YA,Night,24/10/24
2,17,3,9,0,Sub013_ToD_Online,YA,Night,24/10/24
3,16,4,7,0,Sub013_ToD_Online,YA,Night,24/10/24
Overall,49,11,22,1,Sub013_ToD_Online,YA,Night,24/10/24
1,19,1,8,0,Sub059_ToD_Online,OA,Morning,27/10/24
2,20,0,8,0,Sub059_ToD_Online,OA,Morning,27/10/24
3,20,0,8,0,Sub059_ToD_Online,OA,Morning,27/10/24
Overall,59,1,24,0,Sub059_ToD_Online,OA,Morning,27/10/24
1,19,1,8,0,Sub073_ToD_Online,OA,Night,28/10/24
2,19,1,9,0,Sub073_ToD_Online,OA,Night,28/10/24
3,20,0,6,1,Sub073_ToD_Online,OA,Night,28/10/24
Overall,58,2,23,1,Sub073_ToD_Online,OA,Night,28/10/24
1,14,6,7,0,Sub044_ToD_Online,OA,Morning,25/10/24
2,18,2,8,0,Sub044_ToD_Online,OA,Morning,25/10/24
3,20,0,7,1,Sub044_ToD_Online,OA,Morning,25/10/24
Overall,52,8,22,1,Sub044_ToD_Online,OA,Morning,25/10/24
1,16,4,7,1,Sub052_ToD_Online,OA,Morning,26/10/24
2,11,9,8,0,Sub052_ToD_Online,OA,Morning,26/10/24
3,13,7,7,1,Sub052_ToD_Online,OA,Morning,26/10/24
Overall,40,20,22,2,Sub052_ToD_Online,OA,Morning,26/10/24
1,18,2,8,0,Sub085_ToD_Online,YA,Night,6/11/2024
2,16,4,9,0,Sub085_ToD_Online,YA,Night,6/11/2024
3,20,0,7,0,Sub085_ToD_Online,YA,Night,6/11/2024
Overall,54,6,24,0,Sub085_ToD_Online,YA,Night,6/11/2024
1,16,4,8,0,Sub002_ToD_Online,YA,Morning,23/10/24
2,11,9,8,1,Sub002_ToD_Online,YA,Morning,23/10/24
3,7,13,5,2,Sub002_ToD_Online,YA,Morning,23/10/24
Overall,34,26,21,3,Sub002_ToD_Online,YA,Morning,23/10/24
1,10,6,5,1,Sub030_ToD_Online,YA,Morning,27/10/24
2,12,8,8,1,Sub030_ToD_Online,YA,Morning,27/10/24
3,11,9,7,0,Sub030_ToD_Online,YA,Morning,27/10/24
Overall,33,23,20,2,Sub030_ToD_Online,YA,Morning,27/10/24
1,19,1,7,1,Sub065_ToD_Online,YA,Night,28/10/24
2,18,2,8,1,Sub065_ToD_Online,YA,Night,28/10/24
3,16,4,7,0,Sub065_ToD_Online,YA,Night,28/10/24
Overall,53,7,22,2,Sub065_ToD_Online,YA,Night,28/10/24
1,17,3,8,0,Sub083_ToD_Online,YA,Night,6/11/2024
2,18,2,8,1,Sub083_ToD_Online,YA,Night,6/11/2024
3,16,4,5,2,Sub083_ToD_Online,YA,Night,6/11/2024
Overall,51,9,21,3,Sub083_ToD_Online,YA,Night,6/11/2024
1,11,9,8,0,Sub080_ToD_Online,YA,Night,6/11/2024
2,10,10,8,0,Sub080_ToD_Online,YA,Night,6/11/2024
3,14,6,8,0,Sub080_ToD_Online,YA,Night,6/11/2024
Overall,35,25,24,0,Sub080_ToD_Online,YA,Night,6/11/2024
