"SubID","absavg_learning","minavg_learning","outlier_Learning_Age","absavg_recall","minavg_recall","outlier_Recall_Age","block","CorrectRecallOld","ForgetRecallOld","CorrectRecallNew","NewRecallOld","AgeGroup","ToD_Condition","z_CorrectRecallOld","z_ForgetRecallOld","z_CorrectRecallNew","z_NewRecallOld","Outlier_Block_CorrectRecallOld","Outlier_Block_ForgetRecallOld","Outlier_Block_CorrectRecallNew","Outlier_Block_NewRecallOld","Outlier_Block_Any","Chance_CorrectRecallOverall","HitRate","FalseAlarmRate","RecognitionScore","z_HitRate","z_FalseAlarmRate","z_RecognitionScore","HR_outlier","FA_outlier","Rec_outlier","ExpFormat","collected_by"
"Sub002_ToD_Online",5.14705882352941,-0.205882352941176,FALSE,73.0882352941177,0.735294117647059,FALSE,"Overall",34,26,21,3,"YA","Morning",-1.32901809002881,1.37490053476297,-0.767039783240352,0.879820059598513,FALSE,FALSE,FALSE,FALSE,FALSE,FALSE,0.566666666666667,0.125,0.441666666666667,-1.19985323124361,1.6259250894792,-1.56384540371793,FALSE,FALSE,FALSE,"Non_Video","Julia"
"Sub003_ToD_Online",6.92592592592593,0.592592592592593,FALSE,29.4259259259259,-2.12962962962963,FALSE,"Overall",54,6,23,1,"OA","Night",0.826786654937712,-0.822043252127817,0.189133097237346,-0.102555712468538,FALSE,FALSE,FALSE,FALSE,FALSE,FALSE,0.9,0.0416666666666667,0.858333333333333,0.699962193036925,-0.167301122939874,0.674725358206428,FALSE,FALSE,FALSE,"Non_Video","Julia"
"Sub004_ToD_Online",6.26190476190476,-0.404761904761905,FALSE,42.2857142857143,-5.42857142857143,FALSE,"Overall",42,17,24,0,"OA","Night",-0.466696192042204,0.386275830662117,0.667219537476195,-0.593743598502064,FALSE,FALSE,FALSE,FALSE,FALSE,FALSE,0.711864406779661,0,0.711864406779661,-0.566205116189158,-0.545069094657253,-0.13229752130853,FALSE,FALSE,FALSE,"Non_Video","Julia"
"Sub005_ToD_Online",7.14035087719298,-0.859649122807018,FALSE,15.1052631578947,-8.26315789473684,FALSE,"Overall",57,3,22,1,"OA","Morning",1.15015736668269,-1.15158482016143,-0.288953343001503,-0.102555712468538,FALSE,FALSE,FALSE,FALSE,FALSE,FALSE,0.95,0.0434782608695652,0.906521739130435,1.03646611756097,-0.150876428517379,0.940236596123239,FALSE,FALSE,FALSE,"Non_Video","Julia"
"Sub006_ToD_Online",7.10344827586207,-1.79310344827586,FALSE,46.7586206896552,-12.8275862068966,FALSE,"Overall",29,29,22,1,"OA","Morning",-1.86796927627045,1.70444210279659,-0.288953343001503,-0.102555712468538,FALSE,FALSE,FALSE,FALSE,FALSE,TRUE,0.5,0.0434782608695652,0.456521739130435,-1.99206920315547,-0.150876428517379,-1.53919917449842,FALSE,FALSE,FALSE,"Non_Video","Julia"
"Sub007_ToD_Online",35.8958333333333,13.1458333333333,FALSE,68.0833333333333,-14.0416666666667,FALSE,"Overall",48,12,22,1,"OA","Morning",0.180045231447754,-0.16296011606058,-0.288953343001503,-0.102555712468538,FALSE,FALSE,FALSE,FALSE,FALSE,FALSE,0.8,0.0434782608695652,0.756521739130435,0.0269543439888272,-0.150876428517379,0.113758005916021,FALSE,FALSE,FALSE,"Non_Video","Julia"
"Sub008_ToD_Online",11.3863636363636,-4.38636363636364,FALSE,46.6363636363636,-0.227272727272727,FALSE,"Overall",44,16,22,2,"YA","Night",-0.251115717545551,0.276428641317577,-0.288953343001503,0.388632173564987,FALSE,FALSE,FALSE,FALSE,FALSE,FALSE,0.733333333333333,0.0833333333333333,0.65,-0.130568820492633,0.809081317499091,-0.356975547118418,FALSE,FALSE,FALSE,"Non_Video","Julia"
"Sub009_ToD_Online",5.25,-1.47222222222222,FALSE,34.9722222222222,0.861111111111111,FALSE,"Overall",36,24,23,0,"YA","Night",-1.11343761553216,1.15520615607389,0.189133097237346,-0.593743598502064,FALSE,FALSE,FALSE,FALSE,FALSE,FALSE,0.6,0,0.6,-0.985996349093414,-0.824606226461121,-0.6466243127023,FALSE,FALSE,FALSE,"Non_Video","Julia"
"Sub010_ToD_Online",20.1818181818182,-1.85454545454545,FALSE,32.8,-0.545454545454545,FALSE,"Overall",55,5,21,3,"YA","Morning",0.934576892186038,-0.931890441472356,-0.767039783240352,0.879820059598513,FALSE,FALSE,FALSE,FALSE,FALSE,FALSE,0.916666666666667,0.125,0.791666666666667,1.04564403133344,1.6259250894792,0.463695955369249,FALSE,FALSE,FALSE,"Non_Video","Julia"
"Sub011_ToD_Online",8.28260869565217,1.3695652173913,FALSE,60.3478260869565,-16.2608695652174,FALSE,"Overall",46,13,23,1,"YA","Morning",-0.0355352430488987,-0.053112926716041,0.189133097237346,-0.102555712468538,FALSE,FALSE,FALSE,FALSE,FALSE,FALSE,0.779661016949153,0.0416666666666667,0.737994350282486,0.16665599876696,-0.00776245448101521,0.152773551635139,FALSE,FALSE,FALSE,"Non_Video","Julia"
"Sub012_ToD_Online",4.13793103448276,0.586206896551724,FALSE,20.3620689655172,7.18965517241379,FALSE,"Overall",58,2,24,0,"YA","Night",1.25794760393102,-1.26143200950597,0.667219537476195,-0.593743598502064,FALSE,FALSE,FALSE,FALSE,FALSE,FALSE,0.966666666666667,0,0.966666666666667,1.36642935455873,-0.824606226461121,1.47746663491284,FALSE,FALSE,FALSE,"Non_Video","Julia"
"Sub013_ToD_Online",11.1428571428571,3.79591836734694,FALSE,56.9795918367347,-6.04081632653061,FALSE,"Overall",49,11,22,1,"YA","Night",0.28783546869608,-0.27280730540512,-0.288953343001503,-0.102555712468538,FALSE,FALSE,FALSE,FALSE,FALSE,FALSE,0.816666666666667,0.0434782608695652,0.773188405797101,0.404073384882855,0.0277524921268155,0.356651846349119,FALSE,FALSE,FALSE,"Non_Video","Julia"
"Sub014_ToD_Online",6.12,0.04,FALSE,27.22,-6.66,FALSE,"Overall",50,10,24,0,"YA","Night",0.395625705944407,-0.382654494749659,0.667219537476195,-0.593743598502064,FALSE,FALSE,FALSE,FALSE,FALSE,FALSE,0.833333333333333,0,0.833333333333333,0.511001825957953,-0.824606226461121,0.705069926689151,FALSE,FALSE,FALSE,"Non_Video","Julia"
"Sub015_ToD_Online",8.47727272727273,-0.295454545454545,FALSE,64,3.77272727272727,FALSE,"Overall",44,16,24,0,"YA","Night",-0.251115717545551,0.276428641317577,0.667219537476195,-0.593743598502064,FALSE,FALSE,FALSE,FALSE,FALSE,FALSE,0.733333333333333,0,0.733333333333333,-0.130568820492633,-0.824606226461121,0.125772395521386,FALSE,FALSE,FALSE,"Non_Video","Julia"
"Sub016_ToD_Online",11.1,3.82,FALSE,51.02,-2.42,FALSE,"Overall",50,10,24,0,"OA","Night",0.395625705944407,-0.382654494749659,0.667219537476195,-0.593743598502064,FALSE,FALSE,FALSE,FALSE,FALSE,FALSE,0.833333333333333,0,0.833333333333333,0.251290293671526,-0.545069094657253,0.536978926505225,FALSE,FALSE,FALSE,"Non_Video","Julia"
"Sub017_ToD_Online",6.25862068965517,-1.87931034482759,FALSE,18.7241379310345,4.20689655172414,FALSE,"Overall",58,2,24,0,"OA","Night",1.25794760393102,-1.26143200950597,0.667219537476195,-0.593743598502064,FALSE,FALSE,FALSE,FALSE,FALSE,FALSE,0.966666666666667,0,0.966666666666667,1.14863409240232,-0.545069094657253,1.27162656224497,FALSE,FALSE,FALSE,"Non_Video","Julia"
"Sub018_ToD_Online",9.46428571428571,-5.53571428571429,FALSE,59,-15.0714285714286,FALSE,"Overall",28,30,22,2,"OA","Night",-1.97575951351877,1.81428929214113,-0.288953343001503,0.388632173564987,FALSE,FALSE,FALSE,FALSE,FALSE,TRUE,0.482758620689655,0.0833333333333333,0.399425287356322,-2.10810503919824,0.210466848777505,-1.85379247428577,FALSE,FALSE,FALSE,"Non_Video","Julia"
"Sub019_ToD_Online",7.80851063829787,0.659574468085106,FALSE,32.2553191489362,4.59574468085106,FALSE,"Overall",47,13,23,1,"OA","Night",0.0722549941994277,-0.053112926716041,0.189133097237346,-0.102555712468538,FALSE,FALSE,FALSE,FALSE,FALSE,FALSE,0.783333333333333,0.0416666666666667,0.741666666666667,-0.0852136308525229,-0.167301122939874,0.0319086769341468,FALSE,FALSE,FALSE,"Non_Video","Julia"
"Sub020_ToD_Online",6.71929824561404,2.08771929824561,FALSE,27.2631578947368,9.12280701754386,FALSE,"Overall",57,3,23,1,"YA","Morning",1.15015736668269,-1.15158482016143,0.189133097237346,-0.102555712468538,FALSE,FALSE,FALSE,FALSE,FALSE,FALSE,0.95,0.0416666666666667,0.908333333333333,1.25950091348364,-0.00776245448101521,1.13954307506497,FALSE,FALSE,FALSE,"Non_Video","Julia"
"Sub021_ToD_Online",4.50877192982456,1.35087719298246,FALSE,31.1228070175439,-3.2280701754386,FALSE,"Overall",57,3,24,0,"YA","Morning",1.15015736668269,-1.15158482016143,0.667219537476195,-0.593743598502064,FALSE,FALSE,FALSE,FALSE,FALSE,FALSE,0.95,0,0.95,1.25950091348364,-0.824606226461121,1.38091704638488,FALSE,FALSE,FALSE,"Non_Video","Julia"
"Sub022_ToD_Online",8.11764705882353,4.94117647058824,FALSE,37.5,-0.852941176470588,FALSE,"Overall",34,26,24,0,"YA","Morning",-1.32901809002881,1.37490053476297,0.667219537476195,-0.593743598502064,FALSE,FALSE,FALSE,FALSE,FALSE,FALSE,0.566666666666667,0,0.566666666666667,-1.19985323124361,-0.824606226461121,-0.839723489758221,FALSE,FALSE,FALSE,"Non_Video","Julia"
"Sub023_ToD_Online",6.53658536585366,0.146341463414634,FALSE,35.1463414634146,1.63414634146341,FALSE,"Overall",41,19,22,2,"YA","Morning",-0.57448642929053,0.605970209351195,-0.288953343001503,0.388632173564987,FALSE,FALSE,FALSE,FALSE,FALSE,FALSE,0.683333333333333,0.0833333333333333,0.6,-0.451354143717926,0.809081317499091,-0.6466243127023,FALSE,FALSE,FALSE,"Non_Video","Julia"
"Sub024_ToD_Online",4,-0.115384615384615,FALSE,20.5,3.15384615384615,FALSE,"Overall",52,8,22,2,"YA","Night",0.611206180441059,-0.602348873438738,-0.288953343001503,0.388632173564987,FALSE,FALSE,FALSE,FALSE,FALSE,FALSE,0.866666666666667,0.0833333333333333,0.783333333333333,0.724858708108148,0.809081317499091,0.415421161105269,FALSE,FALSE,FALSE,"Non_Video","Julia"
"Sub025_ToD_Online",12.7118644067797,3.28813559322034,FALSE,13.3728813559322,1.91525423728814,FALSE,"Overall",59,1,24,0,"YA","Night",1.36573784117934,-1.37127919885051,0.667219537476195,-0.593743598502064,FALSE,FALSE,FALSE,FALSE,FALSE,FALSE,0.983333333333333,0,0.983333333333333,1.47335779563383,-0.824606226461121,1.5740162234408,FALSE,FALSE,FALSE,"Non_Video","Julia"
"Sub026_ToD_Online",4.75757575757576,0.818181818181818,FALSE,72.6060606060606,2.48484848484848,FALSE,"Overall",33,26,20,3,"YA","Night",-1.43680832727714,1.37490053476297,-1.2451262234792,0.879820059598513,FALSE,FALSE,FALSE,FALSE,FALSE,FALSE,0.559322033898305,0.130434782608696,0.428887251289609,-1.24697423917501,1.73246992930269,-1.63787624149489,FALSE,FALSE,FALSE,"Non_Video","Julia"
"Sub027_ToD_Online",2.91304347826087,-1.26086956521739,FALSE,15.4565217391304,-3.41304347826087,FALSE,"Overall",46,14,24,0,"YA","Morning",-0.0355352430488987,0.0567342626284984,0.667219537476195,-0.593743598502064,FALSE,FALSE,FALSE,FALSE,FALSE,FALSE,0.766666666666667,0,0.766666666666667,0.0832880616575625,-0.824606226461121,0.318871572577308,FALSE,FALSE,FALSE,"Non_Video","Julia"
"Sub028_ToD_Online",7.91666666666667,-1.97222222222222,FALSE,67.5277777777778,-4.63888888888889,FALSE,"Overall",36,24,23,1,"YA","Morning",-1.11343761553216,1.15520615607389,0.189133097237346,-0.102555712468538,FALSE,FALSE,FALSE,FALSE,FALSE,FALSE,0.6,0.0416666666666667,0.558333333333333,-0.985996349093414,-0.00776245448101521,-0.887998284022201,FALSE,FALSE,FALSE,"Non_Video","Julia"
"Sub029_ToD_Online",8.34883720930233,-1.7906976744186,FALSE,38.6279069767442,-5.37209302325581,FALSE,"Overall",43,17,23,1,"YA","Morning",-0.358905954793878,0.386275830662117,0.189133097237346,-0.102555712468538,FALSE,FALSE,FALSE,FALSE,FALSE,FALSE,0.716666666666667,0.0416666666666667,0.675,-0.237497261567731,-0.00776245448101521,-0.212151164326476,FALSE,FALSE,FALSE,"Non_Video","Julia"
"Sub030_ToD_Online",13.4848484848485,-5.48484848484848,FALSE,101.969696969697,-3.42424242424242,FALSE,"Overall",33,23,20,2,"YA","Morning",-1.43680832727714,1.04535896672935,-1.2451262234792,0.388632173564987,FALSE,FALSE,FALSE,FALSE,FALSE,FALSE,0.589285714285714,0.0909090909090909,0.498376623376623,-1.05473606121312,0.957598366950019,-1.23532602457084,FALSE,FALSE,FALSE,"Non_Video","Julia"
"Sub031_ToD_Online",8.14893617021277,4.06382978723404,FALSE,86.5957446808511,-23.4042553191489,FALSE,"Overall",47,13,20,4,"YA","Morning",0.0722549941994277,-0.053112926716041,-1.2451262234792,1.37100794563204,FALSE,FALSE,FALSE,FALSE,FALSE,FALSE,0.783333333333333,0.166666666666667,0.616666666666667,0.19021650273266,2.4427688614593,-0.550074724174338,FALSE,FALSE,FALSE,"Non_Video","Julia"
"Sub032_ToD_Online",6.62857142857143,0.742857142857143,FALSE,73.8285714285714,-3.6,FALSE,"Overall",35,25,24,0,"YA","Morning",-1.22122785278049,1.26505334541843,0.667219537476195,-0.593743598502064,FALSE,FALSE,FALSE,FALSE,FALSE,FALSE,0.583333333333333,0,0.583333333333333,-1.09292479016851,-0.824606226461121,-0.74317390123026,FALSE,FALSE,FALSE,"Non_Video","Julia"
"Sub033_ToD_Online",6.23913043478261,-0.673913043478261,FALSE,59.304347826087,3.47826086956522,FALSE,"Overall",46,14,23,1,"YA","Morning",-0.0355352430488987,0.0567342626284984,0.189133097237346,-0.102555712468538,FALSE,FALSE,FALSE,FALSE,FALSE,FALSE,0.766666666666667,0.0416666666666667,0.725,0.0832880616575625,-0.00776245448101521,0.0774976012574067,FALSE,FALSE,FALSE,"Non_Video","Julia"
"Sub034_ToD_Online",6.32758620689655,2.46551724137931,FALSE,19.0344827586207,-3.06896551724138,FALSE,"Overall",58,2,24,0,"YA","Morning",1.25794760393102,-1.26143200950597,0.667219537476195,-0.593743598502064,FALSE,FALSE,FALSE,FALSE,FALSE,FALSE,0.966666666666667,0,0.966666666666667,1.36642935455873,-0.824606226461121,1.47746663491284,FALSE,FALSE,FALSE,"Non_Video","Julia"
"Sub035_ToD_Online",10.8653846153846,0.826923076923077,FALSE,31.8846153846154,-8.80769230769231,FALSE,"Overall",52,8,23,0,"YA","Morning",0.611206180441059,-0.602348873438738,0.189133097237346,-0.593743598502064,FALSE,FALSE,FALSE,FALSE,FALSE,FALSE,0.866666666666667,0,0.866666666666667,0.724858708108148,-0.824606226461121,0.898169103745073,FALSE,FALSE,FALSE,"Non_Video","Julia"
"Sub036_ToD_Online",8.75,-0.8,FALSE,60.3,10.95,FALSE,"Overall",40,20,21,1,"YA","Morning",-0.682276666538857,0.715817398695735,-0.767039783240352,-0.102555712468538,FALSE,FALSE,FALSE,FALSE,FALSE,FALSE,0.666666666666667,0.0454545454545455,0.621212121212121,-0.558282584793024,0.066496070244449,-0.523743018212168,FALSE,FALSE,FALSE,"Non_Video","Julia"
"Sub037_ToD_Online",11.3478260869565,-1.69565217391304,FALSE,30.5869565217391,2.28260869565217,FALSE,"Overall",46,14,24,0,"YA","Morning",-0.0355352430488987,0.0567342626284984,0.667219537476195,-0.593743598502064,FALSE,FALSE,FALSE,FALSE,FALSE,FALSE,0.766666666666667,0,0.766666666666667,0.0832880616575625,-0.824606226461121,0.318871572577308,FALSE,FALSE,FALSE,"Non_Video","Julia"
"Sub038_ToD_Online",5.63157894736842,0.964912280701754,FALSE,7.52631578947368,3.59649122807018,FALSE,"Overall",57,3,24,0,"YA","Morning",1.15015736668269,-1.15158482016143,0.667219537476195,-0.593743598502064,FALSE,FALSE,FALSE,FALSE,FALSE,FALSE,0.95,0,0.95,1.25950091348364,-0.824606226461121,1.38091704638488,FALSE,FALSE,FALSE,"Non_Video","Julia"
"Sub039_ToD_Online",9.84444444444444,0.111111111111111,FALSE,74.0222222222222,0.333333333333333,FALSE,"Overall",45,15,24,0,"YA","Morning",-0.143325480297225,0.166581451973038,0.667219537476195,-0.593743598502064,FALSE,FALSE,FALSE,FALSE,FALSE,FALSE,0.75,0,0.75,-0.0236403794175355,-0.824606226461121,0.222321984049347,FALSE,FALSE,FALSE,"Non_Video","Julia"
"Sub040_ToD_Online",27.4324324324324,-2.08108108108108,FALSE,87,-6.51351351351351,FALSE,"Overall",37,23,20,4,"OA","Morning",-1.00564737828384,1.04535896672935,-1.2451262234792,1.37100794563204,FALSE,FALSE,FALSE,FALSE,FALSE,FALSE,0.616666666666667,0.166666666666667,0.45,-1.20689337926602,0.966002792212263,-1.57513302624656,FALSE,FALSE,FALSE,"Non_Video","Julia"
"Sub041_ToD_Online",10.6578947368421,3.13157894736842,FALSE,52.5,-9.13157894736842,FALSE,"Overall",38,22,22,2,"OA","Morning",-0.89785714103551,0.935511777384814,-0.288953343001503,0.388632173564987,FALSE,FALSE,FALSE,FALSE,FALSE,FALSE,0.633333333333333,0.0833333333333333,0.55,-1.09472540442467,0.210466848777505,-1.02414729944174,FALSE,FALSE,FALSE,"Non_Video","Julia"
"Sub042_ToD_Online",7.76923076923077,0.730769230769231,FALSE,20.4230769230769,-0.115384615384615,FALSE,"Overall",52,8,24,0,"OA","Morning",0.611206180441059,-0.602348873438738,0.667219537476195,-0.593743598502064,FALSE,FALSE,FALSE,FALSE,FALSE,FALSE,0.866666666666667,0,0.866666666666667,0.475626243354226,-0.545069094657253,0.720640835440162,FALSE,FALSE,FALSE,"Non_Video","Julia"
"Sub043_ToD_Online",4.96551724137931,0.0689655172413793,FALSE,20.2241379310345,-2.91379310344828,FALSE,"Overall",58,2,24,0,"OA","Morning",1.25794760393102,-1.26143200950597,0.667219537476195,-0.593743598502064,FALSE,FALSE,FALSE,FALSE,FALSE,FALSE,0.966666666666667,0,0.966666666666667,1.14863409240232,-0.545069094657253,1.27162656224497,FALSE,FALSE,FALSE,"Non_Video","Julia"
"Sub044_ToD_Online",9.30769230769231,-0.538461538461538,FALSE,86.7884615384615,-16.9807692307692,FALSE,"Overall",52,8,22,1,"OA","Morning",0.611206180441059,-0.602348873438738,-0.288953343001503,-0.102555712468538,FALSE,FALSE,FALSE,FALSE,FALSE,FALSE,0.866666666666667,0.0434782608695652,0.823188405797102,0.475626243354226,-0.150876428517379,0.481081823785896,FALSE,FALSE,FALSE,"Non_Video","Julia"
"Sub045_ToD_Online",5.55932203389831,1.05084745762712,FALSE,12.8135593220339,2.40677966101695,FALSE,"Overall",59,1,24,0,"OA","Morning",1.36573784117934,-1.37127919885051,0.667219537476195,-0.593743598502064,FALSE,FALSE,FALSE,FALSE,FALSE,FALSE,0.983333333333333,0,0.983333333333333,1.26080206724367,-0.545069094657253,1.36345751671244,FALSE,FALSE,FALSE,"Non_Video","Julia"
"Sub046_ToD_Online",7.70833333333333,-0.416666666666667,FALSE,38.8333333333333,-6.45833333333333,FALSE,"Overall",48,12,24,0,"OA","Night",0.180045231447754,-0.16296011606058,0.667219537476195,-0.593743598502064,FALSE,FALSE,FALSE,FALSE,FALSE,FALSE,0.8,0,0.8,0.0269543439888272,-0.545069094657253,0.353317017570287,FALSE,FALSE,FALSE,"Non_Video","Julia"
"Sub047_ToD_Online",10.8292682926829,-4.73170731707317,FALSE,83.9512195121951,-22.2926829268293,FALSE,"Overall",41,19,23,1,"OA","Night",-0.57448642929053,0.605970209351195,0.189133097237346,-0.102555712468538,FALSE,FALSE,FALSE,FALSE,FALSE,FALSE,0.683333333333333,0.0416666666666667,0.641666666666667,-0.758221479900621,-0.167301122939874,-0.519077049870665,FALSE,FALSE,FALSE,"Non_Video","Julia"
"Sub048_ToD_Online",10.7333333333333,-1.35555555555556,FALSE,88.8222222222222,5.31111111111111,FALSE,"Overall",45,15,17,7,"OA","Night",-0.143325480297225,0.166581451973038,-2.67938554419575,2.84457160373262,FALSE,FALSE,FALSE,FALSE,FALSE,FALSE,0.75,0.291666666666667,0.458333333333333,-0.309549580535222,2.0993067073644,-1.52921754901282,FALSE,FALSE,FALSE,"Non_Video","Julia"
"Sub049_ToD_Online",13.046511627907,-3.27906976744186,FALSE,60.5348837209302,-5.69767441860465,FALSE,"Overall",43,17,24,0,"OA","Morning",-0.358905954793878,0.386275830662117,0.667219537476195,-0.593743598502064,FALSE,FALSE,FALSE,FALSE,FALSE,FALSE,0.716666666666667,0,0.716666666666667,-0.533885530217922,-0.545069094657253,-0.105837754767056,FALSE,FALSE,FALSE,"Non_Video","Julia"
"Sub050_ToD_Online",8.33333333333333,-1.51851851851852,FALSE,30.5,-3.98148148148148,FALSE,"Overall",54,6,24,0,"OA","Morning",0.826786654937712,-0.822043252127817,0.667219537476195,-0.593743598502064,FALSE,FALSE,FALSE,FALSE,FALSE,FALSE,0.9,0,0.9,0.699962193036925,-0.545069094657253,0.904302744375099,FALSE,FALSE,FALSE,"Non_Video","Julia"
"Sub051_ToD_Online",5.86792452830189,-0.39622641509434,FALSE,29.6792452830189,-8.32075471698113,FALSE,"Overall",53,7,24,0,"OA","Morning",0.718996417689386,-0.712196062783277,0.667219537476195,-0.593743598502064,FALSE,FALSE,FALSE,FALSE,FALSE,FALSE,0.883333333333333,0,0.883333333333333,0.587794218195575,-0.545069094657253,0.81247178990763,FALSE,FALSE,FALSE,"Non_Video","Julia"
"Sub052_ToD_Online",4.375,1.625,FALSE,41.825,0.275,FALSE,"Overall",40,20,22,2,"OA","Morning",-0.682276666538857,0.715817398695735,-0.288953343001503,0.388632173564987,FALSE,FALSE,FALSE,FALSE,FALSE,FALSE,0.666666666666667,0.0833333333333333,0.583333333333333,-0.870389454741971,0.210466848777505,-0.840485390506806,FALSE,FALSE,FALSE,"Non_Video","Julia"
"Sub053_ToD_Online",5.45454545454545,0.590909090909091,FALSE,56.8409090909091,-3.11363636363636,FALSE,"Overall",44,16,24,0,"OA","Morning",-0.251115717545551,0.276428641317577,0.667219537476195,-0.593743598502064,FALSE,FALSE,FALSE,FALSE,FALSE,FALSE,0.733333333333333,0,0.733333333333333,-0.421717555376572,-0.545069094657253,-0.014006800299588,FALSE,FALSE,FALSE,"Non_Video","Julia"
"Sub055_ToD_Online",9.37254901960784,3.76470588235294,FALSE,94.9607843137255,-2.25490196078431,FALSE,"Overall",51,9,24,0,"OA","Morning",0.503415943192733,-0.492501684094199,0.667219537476195,-0.593743598502064,FALSE,FALSE,FALSE,FALSE,FALSE,FALSE,0.85,0,0.85,0.363458268512876,-0.545069094657253,0.628809880972693,FALSE,FALSE,FALSE,"Non_Video","Julia"
"Sub056_ToD_Online",2.3,0.1,FALSE,81.7,-2.34,FALSE,"Overall",50,9,20,3,"OA","Morning",0.395625705944407,-0.492501684094199,-1.2451262234792,0.879820059598513,FALSE,FALSE,FALSE,FALSE,FALSE,FALSE,0.847457627118644,0.130434782608696,0.717022844509948,0.34634789946928,0.637508903762368,-0.103875265688533,FALSE,FALSE,FALSE,"Non_Video","Julia"
"Sub057_ToD_Online",9.92307692307692,2.8974358974359,FALSE,52.9487179487179,-14.0769230769231,FALSE,"Overall",39,21,23,1,"OA","Morning",-0.790066903787183,0.825664588040274,0.189133097237346,-0.102555712468538,FALSE,FALSE,FALSE,FALSE,FALSE,FALSE,0.65,0.0416666666666667,0.608333333333333,-0.98255742958332,-0.167301122939874,-0.702738958805603,FALSE,FALSE,FALSE,"Non_Video","Julia"
"Sub059_ToD_Online",3.96610169491525,-1.01694915254237,FALSE,6.15254237288136,-0.525423728813559,FALSE,"Overall",59,1,24,0,"OA","Morning",1.36573784117934,-1.37127919885051,0.667219537476195,-0.593743598502064,FALSE,FALSE,FALSE,FALSE,FALSE,FALSE,0.983333333333333,0,0.983333333333333,1.26080206724367,-0.545069094657253,1.36345751671244,FALSE,FALSE,FALSE,"Non_Video","Julia"
"Sub060_ToD_Online",9.07272727272727,-0.0909090909090909,FALSE,51.0363636363636,-14.5272727272727,FALSE,"Overall",55,5,24,0,"OA","Morning",0.934576892186038,-0.931890441472356,0.667219537476195,-0.593743598502064,FALSE,FALSE,FALSE,FALSE,FALSE,FALSE,0.916666666666667,0,0.916666666666667,0.812130167878275,-0.545069094657253,0.996133698842568,FALSE,FALSE,FALSE,"Non_Video","Julia"
"Sub061_ToD_Online",6.16326530612245,-1.30612244897959,FALSE,25.7959183673469,-1.30612244897959,FALSE,"Overall",49,10,24,0,"YA","Morning",0.28783546869608,-0.382654494749659,0.667219537476195,-0.593743598502064,FALSE,FALSE,FALSE,FALSE,FALSE,FALSE,0.830508474576271,0,0.830508474576271,0.492878361368953,-0.824606226461121,0.688705589650514,FALSE,FALSE,FALSE,"Non_Video","Julia"
"Sub062_ToD_Online",5.95833333333333,-1.20833333333333,FALSE,27.5208333333333,4.64583333333333,FALSE,"Overall",48,12,23,1,"YA","Night",0.180045231447754,-0.16296011606058,0.189133097237346,-0.102555712468538,FALSE,FALSE,FALSE,FALSE,FALSE,FALSE,0.8,0.0416666666666667,0.758333333333333,0.297144943807758,-0.00776245448101521,0.270596778313328,FALSE,FALSE,FALSE,"Non_Video","Julia"
"Sub063_ToD_Online",5.27906976744186,0.86046511627907,FALSE,22.6279069767442,-2.06976744186047,FALSE,"Overall",43,17,23,1,"YA","Night",-0.358905954793878,0.386275830662117,0.189133097237346,-0.102555712468538,FALSE,FALSE,FALSE,FALSE,FALSE,FALSE,0.716666666666667,0.0416666666666667,0.675,-0.237497261567731,-0.00776245448101521,-0.212151164326476,FALSE,FALSE,FALSE,"Non_Video","Julia"
"Sub064_ToD_Online",7.54545454545455,2.40909090909091,FALSE,49.0454545454545,0.590909090909091,FALSE,"Overall",44,16,24,0,"YA","Night",-0.251115717545551,0.276428641317577,0.667219537476195,-0.593743598502064,FALSE,FALSE,FALSE,FALSE,FALSE,FALSE,0.733333333333333,0,0.733333333333333,-0.130568820492633,-0.824606226461121,0.125772395521386,FALSE,FALSE,FALSE,"Non_Video","Julia"
"Sub065_ToD_Online",8.0188679245283,-0.584905660377358,FALSE,51.6415094339623,-0.320754716981132,FALSE,"Overall",53,7,22,2,"YA","Night",0.718996417689386,-0.712196062783277,-0.288953343001503,0.388632173564987,FALSE,FALSE,FALSE,FALSE,FALSE,FALSE,0.883333333333333,0.0833333333333333,0.8,0.831787149183245,0.809081317499091,0.511970749633229,FALSE,FALSE,FALSE,"Non_Video","Julia"
"Sub066_ToD_Online",6.64912280701754,1.42105263157895,FALSE,51.5438596491228,19.6491228070175,FALSE,"Overall",57,3,21,3,"YA","Night",1.15015736668269,-1.15158482016143,-0.767039783240352,0.879820059598513,FALSE,FALSE,FALSE,FALSE,FALSE,FALSE,0.95,0.125,0.825,1.25950091348364,1.6259250894792,0.65679513242517,FALSE,FALSE,FALSE,"Non_Video","Julia"
"Sub068_ToD_Online",6.75471698113208,-0.830188679245283,FALSE,42.0943396226415,9.49056603773585,FALSE,"Overall",53,7,23,1,"OA","Night",0.718996417689386,-0.712196062783277,0.189133097237346,-0.102555712468538,FALSE,FALSE,FALSE,FALSE,FALSE,FALSE,0.883333333333333,0.0416666666666667,0.841666666666667,0.587794218195575,-0.167301122939874,0.582894403738959,FALSE,FALSE,FALSE,"Non_Video","Julia"
"Sub069_ToD_Online",8.71929824561403,0.578947368421053,FALSE,89.5438596491228,2.94736842105263,FALSE,"Overall",57,3,10,14,"OA","Night",1.15015736668269,-1.15158482016143,-6.02599062586769,6.2828868059673,FALSE,FALSE,TRUE,TRUE,TRUE,FALSE,0.95,0.583333333333333,0.366666666666667,1.03646611756097,4.74368250938605,-2.0342877985839,FALSE,TRUE,FALSE,"Non_Video","Julia"
"Sub070_ToD_Online",9.26666666666667,-0.0666666666666667,FALSE,73.4444444444444,-11.6222222222222,FALSE,"Overall",45,15,24,0,"OA","Night",-0.143325480297225,0.166581451973038,0.667219537476195,-0.593743598502064,FALSE,FALSE,FALSE,FALSE,FALSE,FALSE,0.75,0,0.75,-0.309549580535222,-0.545069094657253,0.077824154167881,FALSE,FALSE,FALSE,"Non_Video","Julia"
"Sub071_ToD_Online",7.88372093023256,3.41860465116279,FALSE,39.046511627907,6.16279069767442,FALSE,"Overall",43,17,20,2,"OA","Night",-0.358905954793878,0.386275830662117,-1.2451262234792,0.388632173564987,FALSE,FALSE,FALSE,FALSE,FALSE,FALSE,0.716666666666667,0.0909090909090909,0.625757575757576,-0.533885530217922,0.279151934544301,-0.606733870044158,FALSE,FALSE,FALSE,"Non_Video","Julia"
"Sub072_ToD_Online",13.2857142857143,-0.178571428571429,FALSE,27.6785714285714,-4.42857142857143,FALSE,"Overall",56,4,24,0,"OA","Night",1.04236712943436,-1.0417376308169,0.667219537476195,-0.593743598502064,FALSE,FALSE,FALSE,FALSE,FALSE,FALSE,0.933333333333333,0,0.933333333333333,0.924298142719625,-0.545069094657253,1.08796465331004,FALSE,FALSE,FALSE,"Non_Video","Julia"
"Sub073_ToD_Online",5.41379310344828,-1.55172413793103,FALSE,26.3103448275862,-6.37931034482759,FALSE,"Overall",58,2,23,1,"OA","Night",1.25794760393102,-1.26143200950597,0.189133097237346,-0.102555712468538,FALSE,FALSE,FALSE,FALSE,FALSE,FALSE,0.966666666666667,0.0416666666666667,0.925,1.14863409240232,-0.167301122939874,1.0420491760763,FALSE,FALSE,FALSE,"Non_Video","Julia"
"Sub074_ToD_Online",15.3333333333333,3.85964912280702,FALSE,28.280701754386,8.31578947368421,FALSE,"Overall",57,3,23,0,"OA","Night",1.15015736668269,-1.15158482016143,0.189133097237346,-0.593743598502064,FALSE,FALSE,FALSE,FALSE,FALSE,FALSE,0.95,0,0.95,1.03646611756097,-0.545069094657253,1.17979560777751,FALSE,FALSE,FALSE,"Non_Video","Julia"
"Sub075_ToD_Online",5.66037735849057,-0.490566037735849,FALSE,51.6603773584906,-9.39622641509434,FALSE,"Overall",53,7,22,2,"OA","Night",0.718996417689386,-0.712196062783277,-0.288953343001503,0.388632173564987,FALSE,FALSE,FALSE,FALSE,FALSE,FALSE,0.883333333333333,0.0833333333333333,0.8,0.587794218195575,0.210466848777505,0.353317017570287,FALSE,FALSE,FALSE,"Non_Video","Julia"
"Sub076_ToD_Online",4.93023255813953,-0.697674418604651,FALSE,39.6511627906977,5.13953488372093,FALSE,"Overall",43,17,22,2,"OA","Night",-0.358905954793878,0.386275830662117,-0.288953343001503,0.388632173564987,FALSE,FALSE,FALSE,FALSE,FALSE,FALSE,0.716666666666667,0.0833333333333333,0.633333333333333,-0.533885530217922,0.210466848777505,-0.5649925271044,FALSE,FALSE,FALSE,"Non_Video","Julia"
"Sub077_ToD_Online",9.94285714285714,2.28571428571429,FALSE,49.8857142857143,5.48571428571429,FALSE,"Overall",35,23,24,0,"OA","Night",-1.22122785278049,1.04535896672935,0.667219537476195,-0.593743598502064,FALSE,FALSE,FALSE,FALSE,FALSE,FALSE,0.603448275862069,0,0.603448275862069,-1.29585418689881,-0.545069094657253,-0.729654928218482,FALSE,FALSE,FALSE,"Non_Video","Julia"
"Sub078_ToD_Online",6.44444444444444,0.185185185185185,FALSE,64.8518518518518,-14.4444444444444,FALSE,"Overall",54,6,15,9,"OA","Night",0.826786654937712,-0.822043252127817,-3.63555842467345,3.82694737579967,FALSE,FALSE,TRUE,TRUE,TRUE,FALSE,0.9,0.375,0.525,0.699962193036925,2.85484265079916,-1.16189373114295,FALSE,FALSE,FALSE,"Non_Video","Julia"
"Sub079_ToD_Online",5.61111111111111,-0.111111111111111,FALSE,46.1388888888889,4.19444444444444,FALSE,"Overall",36,24,23,1,"OA","Night",-1.11343761553216,1.15520615607389,0.189133097237346,-0.102555712468538,FALSE,FALSE,FALSE,FALSE,FALSE,FALSE,0.6,0.0416666666666667,0.558333333333333,-1.31906135410737,-0.167301122939874,-0.978231822208009,FALSE,FALSE,FALSE,"Non_Video","Julia"
"Sub080_ToD_Online",4.82857142857143,1.8,FALSE,37.6285714285714,2.54285714285714,FALSE,"Overall",35,25,24,0,"YA","Night",-1.22122785278049,1.26505334541843,0.667219537476195,-0.593743598502064,FALSE,FALSE,FALSE,FALSE,FALSE,FALSE,0.583333333333333,0,0.583333333333333,-1.09292479016851,-0.824606226461121,-0.74317390123026,FALSE,FALSE,FALSE,"Non_Video","Julia"
"Sub081_ToD_Online",3.75471698113208,0.622641509433962,FALSE,22.8301886792453,1.50943396226415,FALSE,"Overall",53,7,24,0,"YA","Night",0.718996417689386,-0.712196062783277,0.667219537476195,-0.593743598502064,FALSE,FALSE,FALSE,FALSE,FALSE,FALSE,0.883333333333333,0,0.883333333333333,0.831787149183245,-0.824606226461121,0.994718692273033,FALSE,FALSE,FALSE,"Non_Video","Julia"
"Sub082_ToD_Online",9.61904761904762,0.238095238095238,FALSE,64.1904761904762,14.1904761904762,FALSE,"Overall",42,18,23,1,"YA","Night",-0.466696192042204,0.496123020006656,0.189133097237346,-0.102555712468538,FALSE,FALSE,FALSE,FALSE,FALSE,FALSE,0.7,0.0416666666666667,0.658333333333333,-0.344425702642829,-0.00776245448101521,-0.308700752854437,FALSE,FALSE,FALSE,"Non_Video","Julia"
"Sub083_ToD_Online",11.921568627451,-5.56862745098039,FALSE,60.0392156862745,-1.88235294117647,FALSE,"Overall",51,9,21,3,"YA","Night",0.503415943192733,-0.492501684094199,-0.767039783240352,0.879820059598513,FALSE,FALSE,FALSE,FALSE,FALSE,FALSE,0.85,0.125,0.725,0.61793026703305,1.6259250894792,0.0774976012574061,FALSE,FALSE,FALSE,"Non_Video","Julia"
"Sub084_ToD_Online",7.38775510204082,-0.122448979591837,FALSE,51.0816326530612,4.42857142857143,FALSE,"Overall",49,11,24,0,"YA","Night",0.28783546869608,-0.27280730540512,0.667219537476195,-0.593743598502064,FALSE,FALSE,FALSE,FALSE,FALSE,FALSE,0.816666666666667,0,0.816666666666667,0.404073384882855,-0.824606226461121,0.60852033816119,FALSE,FALSE,FALSE,"Non_Video","Julia"
"Sub085_ToD_Online",6.62962962962963,-2.07407407407407,FALSE,29.462962962963,-10.9814814814815,FALSE,"Overall",54,6,24,0,"YA","Night",0.826786654937712,-0.822043252127817,0.667219537476195,-0.593743598502064,FALSE,FALSE,FALSE,FALSE,FALSE,FALSE,0.9,0,0.9,0.938715590258343,-0.824606226461121,1.09126828080099,FALSE,FALSE,FALSE,"Non_Video","Julia"
"Sub086_ToD_Online",6.97826086956522,-0.760869565217391,FALSE,45.195652173913,4.19565217391304,FALSE,"Overall",46,14,24,0,"YA","Night",-0.0355352430488987,0.0567342626284984,0.667219537476195,-0.593743598502064,FALSE,FALSE,FALSE,FALSE,FALSE,FALSE,0.766666666666667,0,0.766666666666667,0.0832880616575625,-0.824606226461121,0.318871572577308,FALSE,FALSE,FALSE,"Non_Video","Julia"
"Sub087_ToD_Online",4.58333333333333,0.305555555555556,FALSE,44.9444444444444,4.55555555555556,FALSE,"Overall",36,24,24,0,"YA","Morning",-1.11343761553216,1.15520615607389,0.667219537476195,-0.593743598502064,FALSE,FALSE,FALSE,FALSE,FALSE,FALSE,0.6,0,0.6,-0.985996349093414,-0.824606226461121,-0.6466243127023,FALSE,FALSE,FALSE,"Non_Video","Julia"
"Sub088_ToD_Online",16.84375,2.65625,FALSE,46.375,-0.25,FALSE,"Overall",32,28,23,0,"YA","Morning",-1.54459856452547,1.59459491345205,0.189133097237346,-0.593743598502064,FALSE,FALSE,FALSE,FALSE,FALSE,FALSE,0.533333333333333,0,0.533333333333333,-1.41371011339381,-0.824606226461121,-1.03282266681414,FALSE,FALSE,FALSE,"Non_Video","Julia"
"Sub089_ToD_Online",8.6078431372549,2.05882352941176,FALSE,22.4117647058824,-3,FALSE,"Overall",51,8,22,2,"YA","Morning",0.503415943192733,-0.602348873438738,-0.288953343001503,0.388632173564987,FALSE,FALSE,FALSE,FALSE,FALSE,FALSE,0.864406779661017,0.0833333333333333,0.781073446327684,0.710359936436949,0.809081317499091,0.402329691474359,FALSE,FALSE,FALSE,"Non_Video","Julia"
"Sub090_ToD_Online",7.875,-0.791666666666667,FALSE,56.9583333333333,-7.70833333333333,FALSE,"Overall",24,36,24,0,"OA","Morning",-2.40692046251208,2.47337242820837,0.667219537476195,-0.593743598502064,FALSE,FALSE,FALSE,FALSE,FALSE,TRUE,0.4,0,0.4,-2.66507705220357,-0.545069094657253,-1.85062588964896,FALSE,FALSE,FALSE,"Non_Video","Julia"
"Sub091_ToD_Online",10.1219512195122,0.804878048780488,FALSE,41.2439024390244,-6.80487804878049,FALSE,"Overall",41,18,22,2,"OA","Morning",-0.57448642929053,0.496123020006656,-0.288953343001503,0.388632173564987,FALSE,FALSE,FALSE,FALSE,FALSE,FALSE,0.694915254237288,0.0833333333333333,0.611581920903955,-0.680274243146463,0.210466848777505,-0.684839704968723,FALSE,FALSE,FALSE,"Non_Video","Julia"
"Sub092_ToD_Online",10.2666666666667,-4.4,FALSE,74.8666666666667,-0.8,FALSE,"Overall",30,30,20,4,"YA","Morning",-1.76017903902212,1.81428929214113,-1.2451262234792,1.37100794563204,FALSE,FALSE,FALSE,FALSE,FALSE,TRUE,0.5,0.166666666666667,0.333333333333333,-1.627566995544,2.4427688614593,-2.19141772914967,FALSE,FALSE,FALSE,"Non_Video","Julia"
"Sub001_ToD",5.87234042553191,-0.936170212765957,FALSE,63.3404255319149,-13,FALSE,"Overall",47,13,18,6,"YA","Night",0.021521706090166,-0.0215217060901661,-3.45190238450075,3.45190238450075,FALSE,FALSE,TRUE,TRUE,TRUE,FALSE,0.783333333333333,0.25,0.533333333333333,0.0215217060901662,3.45190238450075,-1.17549378355307,FALSE,TRUE,FALSE,"Video","Julia"
"Sub003_ToD",9.45614035087719,2.85964912280702,FALSE,51.7017543859649,-7.98245614035088,FALSE,"Overall",57,3,24,0,"YA","Night",1.04380274537305,-1.04380274537305,0.723342939988221,-0.72334293998822,FALSE,FALSE,FALSE,FALSE,FALSE,FALSE,0.95,0,0.95,1.04380274537305,-0.72334293998822,1.23512487672845,FALSE,FALSE,FALSE,"Video","Julia"
"Sub005_ToD",7.47169811320755,1.84905660377358,FALSE,23.4528301886792,-9.56603773584906,FALSE,"Overall",53,7,24,0,"OA","Morning",0.378310442857728,-0.378310442857728,0.750351714879722,-0.750351714879723,FALSE,FALSE,FALSE,FALSE,FALSE,FALSE,0.883333333333333,0,0.883333333333333,0.378310442857728,-0.750351714879723,0.595646810032383,FALSE,FALSE,FALSE,"Video","Julia"
"Sub006_ToD",5.45454545454545,0.909090909090909,FALSE,56.5454545454545,-7.59090909090909,FALSE,"Overall",44,16,24,0,"YA","Night",-0.285162605694701,0.2851626056947,0.723342939988221,-0.72334293998822,FALSE,FALSE,FALSE,FALSE,FALSE,FALSE,0.733333333333333,0,0.733333333333333,-0.285162605694701,-0.72334293998822,-0.018396826617938,FALSE,FALSE,FALSE,"Video","Julia"
"Sub007_ToD",12.3333333333333,-1.36666666666667,FALSE,17.65,4.68333333333333,FALSE,"Overall",60,0,23,1,"OA","Night",1.21281877269095,-1.21281877269095,-0.0422733360495629,0.0422733360495619,FALSE,FALSE,FALSE,FALSE,FALSE,FALSE,1,0.0416666666666667,0.958333333333333,1.21281877269095,0.0422733360495619,1.07947544634028,FALSE,FALSE,FALSE,"Video","Julia"
"Sub008_ToD",9.92982456140351,-1.75438596491228,FALSE,47.2280701754386,-8.03508771929824,FALSE,"Overall",57,3,19,5,"OA","Morning",0.85517234561957,-0.85517234561957,-3.2127735397667,3.2127735397667,FALSE,FALSE,TRUE,TRUE,TRUE,FALSE,0.95,0.208333333333333,0.741666666666667,0.85517234561957,3.2127735397667,-0.318251725215859,FALSE,TRUE,FALSE,"Video","Julia"
"Sub009_ToD",7.89285714285714,-5.46428571428571,FALSE,34.0357142857143,13.5357142857143,FALSE,"Overall",28,32,24,0,"YA","Night",-1.92081226854732,1.92081226854732,0.723342939988221,-0.72334293998822,FALSE,FALSE,FALSE,FALSE,FALSE,TRUE,0.466666666666667,0,0.466666666666667,-1.92081226854732,-0.72334293998822,-1.56119276919811,FALSE,FALSE,FALSE,"Video","Julia"
"Sub010_ToD",8.11320754716981,1.24528301886792,FALSE,18.6981132075472,-1.75471698113208,FALSE,"Overall",53,7,24,0,"OA","Morning",0.378310442857728,-0.378310442857728,0.750351714879722,-0.750351714879723,FALSE,FALSE,FALSE,FALSE,FALSE,FALSE,0.883333333333333,0,0.883333333333333,0.378310442857728,-0.750351714879723,0.595646810032383,FALSE,FALSE,FALSE,"Video","Julia"
"Sub011_ToD",7.07547169811321,-0.0943396226415094,FALSE,49.622641509434,0,FALSE,"Overall",53,7,20,4,"OA","Morning",0.378310442857728,-0.378310442857728,-2.42014848883742,2.42014848883742,FALSE,FALSE,FALSE,FALSE,FALSE,FALSE,0.883333333333333,0.166666666666667,0.716666666666667,0.378310442857728,2.42014848883742,-0.479527937318489,FALSE,FALSE,FALSE,"Video","Julia"
"Sub012_ToD",5.8,-0.854545454545454,FALSE,30.9454545454545,7.85454545454545,FALSE,"Overall",55,5,24,0,"OA","Night",0.616741394238649,-0.616741394238649,0.750351714879722,-0.750351714879723,FALSE,FALSE,FALSE,FALSE,FALSE,FALSE,0.916666666666667,0,0.916666666666667,0.616741394238649,-0.750351714879723,0.810681759502557,FALSE,FALSE,FALSE,"Video","Julia"
"Sub013_ToD",3.12068965517241,0.155172413793103,FALSE,12.6379310344828,-2.81034482758621,FALSE,"Overall",58,2,24,0,"YA","Morning",1.14603084930134,-1.14603084930134,0.723342939988221,-0.72334293998822,FALSE,FALSE,FALSE,FALSE,FALSE,FALSE,0.966666666666667,0,0.966666666666667,1.14603084930134,-0.72334293998822,1.33154962313971,FALSE,FALSE,FALSE,"Video","Julia"
"Sub014_ToD",5.74,-0.98,FALSE,30.26,-16.5,FALSE,"Overall",50,10,24,0,"YA","Morning",0.328206017875033,-0.328206017875033,0.723342939988221,-0.72334293998822,FALSE,FALSE,FALSE,FALSE,FALSE,FALSE,0.833333333333333,0,0.833333333333333,0.328206017875033,-0.72334293998822,0.560151651849627,FALSE,FALSE,FALSE,"Video","Julia"
"Sub015_ToD",7.33333333333333,0.177777777777778,FALSE,25.5111111111111,-3.46666666666667,FALSE,"Overall",45,15,24,0,"OA","Night",-0.575413362665956,0.575413362665956,0.750351714879722,-0.750351714879723,FALSE,FALSE,FALSE,FALSE,FALSE,FALSE,0.75,0,0.75,-0.575413362665956,-0.750351714879723,-0.264492987848315,FALSE,FALSE,FALSE,"Video","Julia"
"Sub016_ToD",4.52830188679245,-0.113207547169811,FALSE,33.188679245283,5.71698113207547,FALSE,"Overall",53,7,23,1,"YA","Night",0.634890329659899,-0.634890329659899,0.0274687192400598,-0.027468719240059,FALSE,FALSE,FALSE,FALSE,FALSE,FALSE,0.883333333333333,0.0416666666666667,0.841666666666667,0.634890329659899,-0.027468719240059,0.608364025055257,FALSE,FALSE,FALSE,"Video","Julia"
"Sub017_ToD",7.77777777777778,-1.40740740740741,FALSE,48.7222222222222,2.42592592592593,FALSE,"Overall",54,6,22,2,"OA","Morning",0.497525918548188,-0.497525918548189,-0.834898386978848,0.834898386978847,FALSE,FALSE,FALSE,FALSE,FALSE,FALSE,0.9,0.0833333333333333,0.816666666666667,0.497525918548189,0.834898386978847,0.165576911092034,FALSE,FALSE,FALSE,"Video","Julia"
"Sub018_ToD",7.4375,-1.3125,FALSE,32.2916666666667,-6.54166666666667,FALSE,"Overall",48,12,23,1,"OA","Night",-0.217766935594575,0.217766935594574,-0.0422733360495629,0.0422733360495619,FALSE,FALSE,FALSE,FALSE,FALSE,FALSE,0.8,0.0416666666666667,0.758333333333333,-0.217766935594574,0.0422733360495619,-0.210734250480771,FALSE,FALSE,FALSE,"Video","Julia"
"Sub019_ToD",7.10714285714286,0.571428571428571,FALSE,35.0535714285714,4.16071428571429,FALSE,"Overall",56,4,24,0,"YA","Morning",0.941574641444766,-0.941574641444766,0.723342939988221,-0.72334293998822,FALSE,FALSE,FALSE,FALSE,FALSE,FALSE,0.933333333333333,0,0.933333333333333,0.941574641444766,-0.72334293998822,1.13870013031719,FALSE,FALSE,FALSE,"Video","Julia"
"Sub020_ToD",6.98039215686275,-0.392156862745098,FALSE,21.3529411764706,-4.05882352941176,FALSE,"Overall",51,9,23,1,"OA","Morning",0.139879491476807,-0.139879491476807,-0.0422733360495629,0.0422733360495619,FALSE,FALSE,FALSE,FALSE,FALSE,FALSE,0.85,0.0416666666666667,0.808333333333333,0.139879491476807,0.0422733360495619,0.111818173724491,FALSE,FALSE,FALSE,"Video","Julia"
"Sub021_ToD",6.7719298245614,-2.7719298245614,FALSE,29.0175438596491,2.42105263157895,FALSE,"Overall",57,3,24,0,"YA","Night",1.04380274537305,-1.04380274537305,0.723342939988221,-0.72334293998822,FALSE,FALSE,FALSE,FALSE,FALSE,FALSE,0.95,0,0.95,1.04380274537305,-0.72334293998822,1.23512487672845,FALSE,FALSE,FALSE,"Video","Julia"
"Sub022_ToD",4.74509803921569,0,FALSE,26.5686274509804,-11,FALSE,"Overall",51,9,23,1,"YA","Night",0.430434121803322,-0.430434121803322,0.0274687192400598,-0.027468719240059,FALSE,FALSE,FALSE,FALSE,FALSE,FALSE,0.85,0.0416666666666667,0.808333333333333,0.430434121803322,-0.027468719240059,0.415514532232735,FALSE,FALSE,FALSE,"Video","Julia"
"Sub023_ToD",5.86666666666667,-1.06666666666667,FALSE,31.6666666666667,-10.5111111111111,FALSE,"Overall",45,15,24,0,"YA","Night",-0.182934501766412,0.182934501766412,0.723342939988221,-0.72334293998822,FALSE,FALSE,FALSE,FALSE,FALSE,FALSE,0.75,0,0.75,-0.182934501766412,-0.72334293998822,0.078027919793323,FALSE,FALSE,FALSE,"Video","Julia"
"Sub024_ToD",5.88636363636364,0.431818181818182,FALSE,36.0681818181818,3.47727272727273,FALSE,"Overall",44,16,23,1,"YA","Night",-0.285162605694701,0.2851626056947,0.0274687192400598,-0.027468719240059,FALSE,FALSE,FALSE,FALSE,FALSE,FALSE,0.733333333333333,0.0416666666666667,0.691666666666667,-0.285162605694701,-0.027468719240059,-0.25945869264609,FALSE,FALSE,FALSE,"Video","Julia"
"Sub025_ToD",4.02083333333333,-1.60416666666667,FALSE,24.7708333333333,15.8958333333333,FALSE,"Overall",48,12,24,0,"OA","Morning",-0.217766935594575,0.217766935594574,0.750351714879722,-0.750351714879723,FALSE,FALSE,FALSE,FALSE,FALSE,FALSE,0.8,0,0.8,-0.217766935594574,-0.750351714879723,0.0580594363569471,FALSE,FALSE,FALSE,"Video","Julia"
"Sub026_ToD",6.2037037037037,-1.2037037037037,FALSE,44.9074074074074,11.1296296296296,FALSE,"Overall",54,6,23,1,"YA","Morning",0.737118433588188,-0.737118433588188,0.0274687192400598,-0.027468719240059,FALSE,FALSE,FALSE,FALSE,FALSE,FALSE,0.9,0.0416666666666667,0.858333333333333,0.737118433588189,-0.027468719240059,0.704788771466518,FALSE,FALSE,FALSE,"Video","Julia"
"Sub027_ToD",6.33928571428571,-2.48214285714286,FALSE,30.3035714285714,-7.375,FALSE,"Overall",56,4,24,0,"OA","Night",0.735956869929109,-0.73595686992911,0.750351714879722,-0.750351714879723,FALSE,FALSE,FALSE,FALSE,FALSE,FALSE,0.933333333333333,0,0.933333333333333,0.73595686992911,-0.750351714879723,0.918199234237644,FALSE,FALSE,FALSE,"Video","Julia"
"Sub028_ToD",13.1964285714286,-2.98214285714286,FALSE,69.6428571428571,1.14285714285714,FALSE,"Overall",56,4,21,3,"OA","Night",0.735956869929109,-0.73595686992911,-1.62752343790813,1.62752343790813,FALSE,FALSE,FALSE,FALSE,FALSE,FALSE,0.933333333333333,0.125,0.808333333333333,0.73595686992911,1.62752343790813,0.111818173724491,FALSE,FALSE,FALSE,"Video","Julia"
"Sub029_ToD",5.2962962962963,-1.2962962962963,FALSE,26.5185185185185,11.962962962963,FALSE,"Overall",54,6,24,0,"OA","Night",0.497525918548188,-0.497525918548189,0.750351714879722,-0.750351714879723,FALSE,FALSE,FALSE,FALSE,FALSE,FALSE,0.9,0,0.9,0.497525918548189,-0.750351714879723,0.70316428476747,FALSE,FALSE,FALSE,"Video","Julia"
"Sub030_ToD",12.8421052631579,1.50877192982456,FALSE,38.7017543859649,-14.4912280701754,FALSE,"Overall",57,3,23,1,"OA","Night",0.85517234561957,-0.85517234561957,-0.0422733360495629,0.0422733360495619,FALSE,FALSE,FALSE,FALSE,FALSE,FALSE,0.95,0.0416666666666667,0.908333333333333,0.85517234561957,0.0422733360495619,0.756923022135013,FALSE,FALSE,FALSE,"Video","Julia"
"Sub031_ToD",5.60714285714286,0.571428571428571,FALSE,19.3928571428571,-7.64285714285714,FALSE,"Overall",56,4,23,1,"OA","Night",0.735956869929109,-0.73595686992911,-0.0422733360495629,0.0422733360495619,FALSE,FALSE,FALSE,FALSE,FALSE,FALSE,0.933333333333333,0.0416666666666667,0.891666666666667,0.73595686992911,0.0422733360495619,0.649405547399927,FALSE,FALSE,FALSE,"Video","Julia"
"Sub032_ToD",5.53191489361702,0.51063829787234,FALSE,25.2127659574468,2.19148936170213,FALSE,"Overall",47,13,24,0,"YA","Morning",0.021521706090166,-0.0215217060901661,0.723342939988221,-0.72334293998822,FALSE,FALSE,FALSE,FALSE,FALSE,FALSE,0.783333333333333,0,0.783333333333333,0.0215217060901662,-0.72334293998822,0.270877412615844,FALSE,FALSE,FALSE,"Video","Julia"
"Sub033_ToD",11.0350877192982,-1.87719298245614,FALSE,24.6842105263158,-2.40350877192982,FALSE,"Overall",57,3,23,1,"YA","Morning",1.04380274537305,-1.04380274537305,0.0274687192400598,-0.027468719240059,FALSE,FALSE,FALSE,FALSE,FALSE,FALSE,0.95,0.0416666666666667,0.908333333333333,1.04380274537305,-0.027468719240059,0.994063010700299,FALSE,FALSE,FALSE,"Video","Julia"
"Sub034_ToD",6.89473684210526,0.0526315789473684,FALSE,73.1842105263158,18.0263157894737,FALSE,"Overall",38,22,23,1,"YA","Morning",-0.898531229264434,0.898531229264434,0.0274687192400598,-0.027468719240059,FALSE,FALSE,FALSE,FALSE,FALSE,FALSE,0.633333333333333,0.0416666666666667,0.591666666666667,-0.898531229264434,-0.027468719240059,-0.838007171113654,FALSE,FALSE,FALSE,"Video","Julia"
"Sub035_ToD",6.48148148148148,-2.18518518518519,FALSE,44.8888888888889,-6.81481481481481,FALSE,"Overall",54,6,21,3,"YA","Night",0.737118433588188,-0.737118433588188,-1.36427972225626,1.36427972225626,FALSE,FALSE,FALSE,FALSE,FALSE,FALSE,0.9,0.125,0.775,0.737118433588189,1.36427972225626,0.222665039410214,FALSE,FALSE,FALSE,"Video","Julia"
"Sub036_ToD",13.6744186046512,-4.97674418604651,FALSE,62.7209302325581,2.34883720930233,FALSE,"Overall",43,17,21,3,"OA","Morning",-0.813844314046877,0.813844314046877,-1.62752343790813,1.62752343790813,FALSE,FALSE,FALSE,FALSE,FALSE,FALSE,0.716666666666667,0.125,0.591666666666667,-0.813844314046877,1.62752343790813,-1.28590899783164,FALSE,FALSE,FALSE,"Video","Julia"
"Sub037_ToD",11.2830188679245,3.24528301886792,FALSE,57.8301886792453,-5.52830188679245,FALSE,"Overall",53,7,24,0,"OA","Morning",0.378310442857728,-0.378310442857728,0.750351714879722,-0.750351714879723,FALSE,FALSE,FALSE,FALSE,FALSE,FALSE,0.883333333333333,0,0.883333333333333,0.378310442857728,-0.750351714879723,0.595646810032383,FALSE,FALSE,FALSE,"Video","Julia"
"Sub038_ToD",6.73469387755102,2.3265306122449,FALSE,37.7551020408163,3.79591836734694,FALSE,"Overall",49,11,24,0,"YA","Morning",0.225977913946744,-0.225977913946744,0.723342939988221,-0.72334293998822,FALSE,FALSE,FALSE,FALSE,FALSE,FALSE,0.816666666666667,0,0.816666666666667,0.225977913946744,-0.72334293998822,0.463726905438366,FALSE,FALSE,FALSE,"Video","Julia"
"Sub039_ToD",10.7115384615385,-2.05769230769231,FALSE,53.9230769230769,16.7307692307692,FALSE,"Overall",52,8,24,0,"OA","Night",0.259094967167267,-0.259094967167268,0.750351714879722,-0.750351714879723,FALSE,FALSE,FALSE,FALSE,FALSE,FALSE,0.866666666666667,0,0.866666666666667,0.259094967167268,-0.750351714879723,0.488129335297296,FALSE,FALSE,FALSE,"Video","Julia"
"Sub040_ToD",8.74468085106383,-1.72340425531915,FALSE,53.5957446808511,5.21276595744681,FALSE,"Overall",47,13,23,1,"OA","Night",-0.336982411285035,0.336982411285035,-0.0422733360495629,0.0422733360495619,FALSE,FALSE,FALSE,FALSE,FALSE,FALSE,0.783333333333333,0.0416666666666667,0.741666666666667,-0.336982411285035,0.0422733360495619,-0.318251725215858,FALSE,FALSE,FALSE,"Video","Julia"
"Sub041_ToD",6.12820512820513,-2.28205128205128,FALSE,44.5641025641026,15.3846153846154,FALSE,"Overall",39,21,23,1,"YA","Morning",-0.796303125336145,0.796303125336145,0.0274687192400598,-0.027468719240059,FALSE,FALSE,FALSE,FALSE,FALSE,FALSE,0.65,0.0416666666666667,0.608333333333333,-0.796303125336145,-0.027468719240059,-0.741582424702393,FALSE,FALSE,FALSE,"Video","Julia"
"Sub042_ToD",6.54054054054054,-2.75675675675676,FALSE,29,2.40540540540541,FALSE,"Overall",37,23,22,2,"YA","Morning",-1.00075933319272,1.00075933319272,-0.668405501508101,0.668405501508102,FALSE,FALSE,FALSE,FALSE,FALSE,FALSE,0.616666666666667,0.0833333333333333,0.533333333333333,-1.00075933319272,0.668405501508102,-1.17549378355307,FALSE,FALSE,FALSE,"Video","Julia"
"Sub043_ToD",11.8809523809524,-2.30952380952381,FALSE,50.5476190476191,-7.97619047619048,FALSE,"Overall",42,18,24,0,"OA","Night",-0.933059789737338,0.933059789737338,0.750351714879722,-0.750351714879723,FALSE,FALSE,FALSE,FALSE,FALSE,FALSE,0.7,0,0.7,-0.933059789737338,-0.750351714879723,-0.587045412053577,FALSE,FALSE,FALSE,"Video","Julia"
"Sub044_ToD",4.83333333333333,0.648148148148148,FALSE,42.2777777777778,-2.72222222222222,FALSE,"Overall",54,6,23,1,"YA","Night",0.737118433588188,-0.737118433588188,0.0274687192400598,-0.027468719240059,FALSE,FALSE,FALSE,FALSE,FALSE,FALSE,0.9,0.0416666666666667,0.858333333333333,0.737118433588189,-0.027468719240059,0.704788771466518,FALSE,FALSE,FALSE,"Video","Julia"
"Sub045_ToD",11.5192307692308,-0.826923076923077,FALSE,52.6923076923077,12.6153846153846,FALSE,"Overall",52,8,24,0,"OA","Night",0.259094967167267,-0.259094967167268,0.750351714879722,-0.750351714879723,FALSE,FALSE,FALSE,FALSE,FALSE,FALSE,0.866666666666667,0,0.866666666666667,0.259094967167268,-0.750351714879723,0.488129335297296,FALSE,FALSE,FALSE,"Video","Julia"
"Sub046_ToD",7.10526315789474,0.263157894736842,FALSE,9.33333333333333,-2.21052631578947,FALSE,"Overall",57,3,24,0,"OA","Morning",0.85517234561957,-0.85517234561957,0.750351714879722,-0.750351714879723,FALSE,FALSE,FALSE,FALSE,FALSE,FALSE,0.95,0,0.95,0.85517234561957,-0.750351714879723,1.02571670897273,FALSE,FALSE,FALSE,"Video","Julia"
"Sub047_ToD",5.575,-0.275,FALSE,51.525,-8.225,FALSE,"Overall",40,20,24,0,"YA","Morning",-0.694075021407856,0.694075021407856,0.723342939988221,-0.72334293998822,FALSE,FALSE,FALSE,FALSE,FALSE,FALSE,0.666666666666667,0,0.666666666666667,-0.694075021407856,-0.72334293998822,-0.404095812262981,FALSE,FALSE,FALSE,"Video","Julia"
"Sub048_ToD",6.41666666666667,-1.20833333333333,FALSE,31.8541666666667,-0.6875,FALSE,"Overall",48,12,24,0,"YA","Night",0.123749810018455,-0.123749810018455,0.723342939988221,-0.72334293998822,FALSE,FALSE,FALSE,FALSE,FALSE,FALSE,0.8,0,0.8,0.123749810018455,-0.72334293998822,0.367302159027105,FALSE,FALSE,FALSE,"Video","Julia"
"Sub049_ToD",7.28571428571429,-2.0952380952381,FALSE,65.9761904761905,-7.35714285714286,FALSE,"Overall",42,18,23,1,"OA","Night",-0.933059789737338,0.933059789737338,-0.0422733360495629,0.0422733360495619,FALSE,FALSE,FALSE,FALSE,FALSE,FALSE,0.7,0.0416666666666667,0.658333333333333,-0.933059789737338,0.0422733360495619,-0.855839098891294,FALSE,FALSE,FALSE,"Video","Julia"
"Sub050_ToD",4.48148148148148,-0.851851851851852,FALSE,28.4259259259259,-14.462962962963,FALSE,"Overall",54,6,24,0,"YA","Morning",0.737118433588188,-0.737118433588188,0.723342939988221,-0.72334293998822,FALSE,FALSE,FALSE,FALSE,FALSE,FALSE,0.9,0,0.9,0.737118433588189,-0.72334293998822,0.945850637494669,FALSE,FALSE,FALSE,"Video","Julia"
"Sub051_ToD",8.42857142857143,-1.19047619047619,FALSE,54.0952380952381,-1.42857142857143,FALSE,"Overall",42,18,23,1,"YA","Night",-0.489618813551279,0.489618813551278,0.0274687192400598,-0.027468719240059,FALSE,FALSE,FALSE,FALSE,FALSE,FALSE,0.7,0.0416666666666667,0.658333333333333,-0.489618813551279,-0.027468719240059,-0.452308185468611,FALSE,FALSE,FALSE,"Video","Julia"
"Sub052_ToD",10,-1.58139534883721,FALSE,71.1860465116279,11.046511627907,FALSE,"Overall",43,17,24,0,"YA","Morning",-0.38739070962299,0.387390709622989,0.723342939988221,-0.72334293998822,FALSE,FALSE,FALSE,FALSE,FALSE,FALSE,0.716666666666667,0,0.716666666666667,-0.387390709622989,-0.72334293998822,-0.114821573029198,FALSE,FALSE,FALSE,"Video","Julia"
"Sub053_ToD",11.18,4.42,FALSE,68.52,12.56,FALSE,"Overall",50,10,21,3,"YA","Night",0.328206017875033,-0.328206017875033,-1.36427972225626,1.36427972225626,FALSE,FALSE,FALSE,FALSE,FALSE,FALSE,0.833333333333333,0.125,0.708333333333333,0.328206017875033,1.36427972225626,-0.163033946234829,FALSE,FALSE,FALSE,"Video","Julia"
"Sub054_ToD",6.93023255813953,0.13953488372093,FALSE,48.4186046511628,-11.5348837209302,FALSE,"Overall",43,17,22,2,"OA","Morning",-0.813844314046877,0.813844314046877,-0.834898386978848,0.834898386978847,FALSE,FALSE,FALSE,FALSE,FALSE,FALSE,0.716666666666667,0.0833333333333333,0.633333333333333,-0.813844314046877,0.834898386978847,-1.01711531099393,FALSE,FALSE,FALSE,"Video","Julia"
"Sub055_ToD",8.4406779661017,-0.372881355932203,FALSE,73.4237288135593,9.35593220338983,FALSE,"Overall",59,1,20,4,"OA","Morning",1.09360329700049,-1.09360329700049,-2.42014848883742,2.42014848883742,FALSE,FALSE,FALSE,FALSE,FALSE,FALSE,0.983333333333333,0.166666666666667,0.816666666666667,1.09360329700049,2.42014848883742,0.165576911092034,FALSE,FALSE,FALSE,"Video","Julia"
"Sub056_ToD",9.91525423728813,-0.457627118644068,FALSE,14.2542372881356,-1.44067796610169,FALSE,"Overall",59,1,24,0,"OA","Morning",1.09360329700049,-1.09360329700049,0.750351714879722,-0.750351714879723,FALSE,FALSE,FALSE,FALSE,FALSE,FALSE,0.983333333333333,0,0.983333333333333,1.09360329700049,-0.750351714879723,1.24075165844291,FALSE,FALSE,FALSE,"Video","Julia"
"Sub057_ToD",6.5,-1.43333333333333,FALSE,44.4333333333333,12.3,FALSE,"Overall",30,30,24,0,"OA","Morning",-2.36364549802286,2.36364549802286,0.750351714879722,-0.750351714879723,FALSE,FALSE,FALSE,FALSE,FALSE,TRUE,0.5,0,0.5,-2.36364549802286,-0.750351714879723,-1.87725510887462,FALSE,FALSE,FALSE,"Video","Julia"
"Sub058_ToD",5.80769230769231,0.961538461538462,FALSE,25.7307692307692,-4.88461538461539,FALSE,"Overall",52,8,24,0,"OA","Morning",0.259094967167267,-0.259094967167268,0.750351714879722,-0.750351714879723,FALSE,FALSE,FALSE,FALSE,FALSE,FALSE,0.866666666666667,0,0.866666666666667,0.259094967167268,-0.750351714879723,0.488129335297296,FALSE,FALSE,FALSE,"Video","Julia"
"Sub059_ToD",5.6140350877193,-2,FALSE,30,10.5964912280702,FALSE,"Overall",57,3,24,0,"YA","Night",1.04380274537305,-1.04380274537305,0.723342939988221,-0.72334293998822,FALSE,FALSE,FALSE,FALSE,FALSE,FALSE,0.95,0,0.95,1.04380274537305,-0.72334293998822,1.23512487672845,FALSE,FALSE,FALSE,"Video","Julia"
"Sub060_ToD",6.03030303030303,0.0303030303030303,FALSE,55.5151515151515,-1.33333333333333,FALSE,"Overall",33,27,22,2,"OA","Morning",-2.00599907095148,2.00599907095148,-0.834898386978848,0.834898386978847,FALSE,FALSE,FALSE,FALSE,FALSE,FALSE,0.55,0.0833333333333333,0.466666666666667,-2.00599907095148,0.834898386978847,-2.0922900583448,FALSE,FALSE,FALSE,"Video","Julia"
"Sub061_ToD",4.46551724137931,-1.98275862068966,FALSE,23.5,-1.32758620689655,FALSE,"Overall",58,2,23,1,"YA","Morning",1.14603084930134,-1.14603084930134,0.0274687192400598,-0.027468719240059,FALSE,FALSE,FALSE,FALSE,FALSE,FALSE,0.966666666666667,0.0416666666666667,0.925,1.14603084930134,-0.027468719240059,1.09048775711156,FALSE,FALSE,FALSE,"Video","Julia"
"Sub062_ToD",9.35416666666667,1.72916666666667,FALSE,31.4791666666667,9.85416666666667,FALSE,"Overall",48,12,24,0,"OA","Night",-0.217766935594575,0.217766935594574,0.750351714879722,-0.750351714879723,FALSE,FALSE,FALSE,FALSE,FALSE,FALSE,0.8,0,0.8,-0.217766935594574,-0.750351714879723,0.0580594363569471,FALSE,FALSE,FALSE,"Video","Julia"
"Sub063_ToD",7.61904761904762,-2.57142857142857,FALSE,53.8095238095238,7.71428571428571,FALSE,"Overall",21,39,24,0,"YA","Night",-2.63640899604535,2.63640899604535,0.723342939988221,-0.72334293998822,FALSE,FALSE,FALSE,FALSE,FALSE,TRUE,0.35,0,0.35,-2.63640899604535,-0.72334293998822,-2.23616599407693,FALSE,FALSE,FALSE,"Video","Julia"
"Sub064_ToD",7.66666666666667,-0.777777777777778,FALSE,27.8,8.02222222222222,FALSE,"Overall",45,15,22,2,"OA","Night",-0.575413362665956,0.575413362665956,-0.834898386978848,0.834898386978847,FALSE,FALSE,FALSE,FALSE,FALSE,FALSE,0.75,0.0833333333333333,0.666666666666667,-0.575413362665956,0.834898386978847,-0.802080361523751,FALSE,FALSE,FALSE,"Video","Julia"
"Sub066_ToD",9.2,0.971428571428571,FALSE,96.9428571428571,-6.37142857142857,FALSE,"Overall",35,25,18,6,"YA","Night",-1.2052155410493,1.2052155410493,-3.45190238450075,3.45190238450075,FALSE,FALSE,TRUE,TRUE,TRUE,FALSE,0.583333333333333,0.25,0.333333333333333,-1.2052155410493,3.45190238450075,-2.33259074048819,FALSE,TRUE,FALSE,"Video","Julia"
"Sub067_ToD",7.75,0.403846153846154,FALSE,20.1538461538462,8.76923076923077,FALSE,"Overall",52,8,24,0,"OA","Night",0.259094967167267,-0.259094967167268,0.750351714879722,-0.750351714879723,FALSE,FALSE,FALSE,FALSE,FALSE,FALSE,0.866666666666667,0,0.866666666666667,0.259094967167268,-0.750351714879723,0.488129335297296,FALSE,FALSE,FALSE,"Video","Julia"
"Sub068_ToD",3.53191489361702,1.70212765957447,FALSE,13.9787234042553,-0.659574468085106,FALSE,"Overall",47,13,23,1,"YA","Morning",0.021521706090166,-0.0215217060901661,0.0274687192400598,-0.027468719240059,FALSE,FALSE,FALSE,FALSE,FALSE,FALSE,0.783333333333333,0.0416666666666667,0.741666666666667,0.0215217060901662,-0.027468719240059,0.0298155465876928,FALSE,FALSE,FALSE,"Video","Julia"
"Sub069_ToD",9.19607843137255,-2.33333333333333,FALSE,47.8627450980392,6.56862745098039,FALSE,"Overall",51,9,23,1,"OA","Night",0.139879491476807,-0.139879491476807,-0.0422733360495629,0.0422733360495619,FALSE,FALSE,FALSE,FALSE,FALSE,FALSE,0.85,0.0416666666666667,0.808333333333333,0.139879491476807,0.0422733360495619,0.111818173724491,FALSE,FALSE,FALSE,"Video","Julia"
"Sub070_ToD",4.37037037037037,-0.925925925925926,FALSE,31.9074074074074,-12.7222222222222,FALSE,"Overall",54,6,24,0,"YA","Morning",0.737118433588188,-0.737118433588188,0.723342939988221,-0.72334293998822,FALSE,FALSE,FALSE,FALSE,FALSE,FALSE,0.9,0,0.9,0.737118433588189,-0.72334293998822,0.945850637494669,FALSE,FALSE,FALSE,"Video","Julia"
"Sub071_ToD",10.2363636363636,2.81818181818182,FALSE,33.4909090909091,-6.07272727272727,FALSE,"Overall",55,5,24,0,"YA","Night",0.839346537516477,-0.839346537516477,0.723342939988221,-0.72334293998822,FALSE,FALSE,FALSE,FALSE,FALSE,FALSE,0.916666666666667,0,0.916666666666667,0.839346537516477,-0.72334293998822,1.04227538390593,FALSE,FALSE,FALSE,"Video","Julia"
"Sub072_ToD",5.38461538461539,0.423076923076923,FALSE,36.8076923076923,-1.73076923076923,FALSE,"Overall",52,8,21,3,"OA","Morning",0.259094967167267,-0.259094967167268,-1.62752343790813,1.62752343790813,FALSE,FALSE,FALSE,FALSE,FALSE,FALSE,0.866666666666667,0.125,0.741666666666667,0.259094967167268,1.62752343790813,-0.318251725215858,FALSE,FALSE,FALSE,"Video","Julia"
"Sub075_ToD",5.7037037037037,0.518518518518518,FALSE,27.7222222222222,-0.0555555555555556,FALSE,"Overall",54,6,24,0,"OA","Night",0.497525918548188,-0.497525918548189,0.750351714879722,-0.750351714879723,FALSE,FALSE,FALSE,FALSE,FALSE,FALSE,0.9,0,0.9,0.497525918548189,-0.750351714879723,0.70316428476747,FALSE,FALSE,FALSE,"Video","Julia"
"Sub076_ToD",4.84905660377358,0.320754716981132,FALSE,56.9811320754717,-12.7924528301887,FALSE,"Overall",53,7,20,4,"YA","Night",0.634890329659899,-0.634890329659899,-2.06015394300442,2.06015394300442,FALSE,FALSE,FALSE,FALSE,FALSE,FALSE,0.883333333333333,0.166666666666667,0.716666666666667,0.634890329659899,2.06015394300442,-0.114821573029198,FALSE,FALSE,FALSE,"Video","Julia"
"Sub077_ToD",12.0363636363636,-1.27272727272727,FALSE,38.0545454545455,8.92727272727273,FALSE,"Overall",55,5,23,1,"OA","Morning",0.616741394238649,-0.616741394238649,-0.0422733360495629,0.0422733360495619,FALSE,FALSE,FALSE,FALSE,FALSE,FALSE,0.916666666666667,0.0416666666666667,0.875,0.616741394238649,0.0422733360495619,0.541888072664839,FALSE,FALSE,FALSE,"Video","Julia"
"Sub078_ToD",5.12,1.96,FALSE,51.6,-12.36,FALSE,"Overall",50,10,23,1,"YA","Night",0.328206017875033,-0.328206017875033,0.0274687192400598,-0.027468719240059,FALSE,FALSE,FALSE,FALSE,FALSE,FALSE,0.833333333333333,0.0416666666666667,0.791666666666667,0.328206017875033,-0.027468719240059,0.319089785821475,FALSE,FALSE,FALSE,"Video","Julia"
"Sub079_ToD",7.28,-1.16,FALSE,37.58,-4.14,FALSE,"Overall",50,10,24,0,"OA","Morning",0.0206640157863463,-0.0206640157863465,0.750351714879722,-0.750351714879723,FALSE,FALSE,FALSE,FALSE,FALSE,FALSE,0.833333333333333,0,0.833333333333333,0.0206640157863469,-0.750351714879723,0.273094385827121,FALSE,FALSE,FALSE,"Video","Julia"
"Sub080_ToD",9.01960784313725,0.274509803921569,FALSE,36.843137254902,-11,FALSE,"Overall",51,9,22,2,"OA","Night",0.139879491476807,-0.139879491476807,-0.834898386978848,0.834898386978847,FALSE,FALSE,FALSE,FALSE,FALSE,FALSE,0.85,0.0833333333333333,0.766666666666667,0.139879491476807,0.834898386978847,-0.156975513113228,FALSE,FALSE,FALSE,"Video","Julia"
"Sub081_ToD",6.83018867924528,-0.0754716981132075,FALSE,22.4339622641509,4.24528301886792,FALSE,"Overall",53,7,24,0,"OA","Night",0.378310442857728,-0.378310442857728,0.750351714879722,-0.750351714879723,FALSE,FALSE,FALSE,FALSE,FALSE,FALSE,0.883333333333333,0,0.883333333333333,0.378310442857728,-0.750351714879723,0.595646810032383,FALSE,FALSE,FALSE,"Video","Julia"
"Sub082_ToD",4.95,1.25,FALSE,33.875,18.975,FALSE,"Overall",40,20,24,0,"YA","Morning",-0.694075021407856,0.694075021407856,0.723342939988221,-0.72334293998822,FALSE,FALSE,FALSE,FALSE,FALSE,FALSE,0.666666666666667,0,0.666666666666667,-0.694075021407856,-0.72334293998822,-0.404095812262981,FALSE,FALSE,FALSE,"Video","Julia"
"Sub083_ToD",12.4107142857143,1.01785714285714,FALSE,27.5357142857143,-6.42857142857143,FALSE,"Overall",56,4,24,0,"OA","Morning",0.735956869929109,-0.73595686992911,0.750351714879722,-0.750351714879723,FALSE,FALSE,FALSE,FALSE,FALSE,FALSE,0.933333333333333,0,0.933333333333333,0.73595686992911,-0.750351714879723,0.918199234237644,FALSE,FALSE,FALSE,"Video","Julia"
"Sub084_ToD",3.64285714285714,0.642857142857143,FALSE,30.6428571428571,18.8571428571429,FALSE,"Overall",56,4,23,1,"YA","Morning",0.941574641444766,-0.941574641444766,0.0274687192400598,-0.027468719240059,FALSE,FALSE,FALSE,FALSE,FALSE,FALSE,0.933333333333333,0.0416666666666667,0.891666666666667,0.941574641444766,-0.027468719240059,0.897638264289039,FALSE,FALSE,FALSE,"Video","Julia"
"Sub085_ToD",3.75,0.3,FALSE,34.6,-8.85,FALSE,"Overall",40,20,23,1,"YA","Morning",-0.694075021407856,0.694075021407856,0.0274687192400598,-0.027468719240059,FALSE,FALSE,FALSE,FALSE,FALSE,FALSE,0.666666666666667,0.0416666666666667,0.625,-0.694075021407856,-0.027468719240059,-0.645157678291132,FALSE,FALSE,FALSE,"Video","Julia"
"Sub086_ToD",7.82,-0.1,FALSE,30.94,5.22,FALSE,"Overall",50,10,24,0,"YA","Morning",0.328206017875033,-0.328206017875033,0.723342939988221,-0.72334293998822,FALSE,FALSE,FALSE,FALSE,FALSE,FALSE,0.833333333333333,0,0.833333333333333,0.328206017875033,-0.72334293998822,0.560151651849627,FALSE,FALSE,FALSE,"Video","Julia"
"Sub087_ToD",7.30769230769231,-4,FALSE,36.6153846153846,-6.38461538461539,FALSE,"Overall",26,34,24,0,"YA","Morning",-2.1252684764039,2.1252684764039,0.723342939988221,-0.72334293998822,FALSE,FALSE,FALSE,FALSE,FALSE,TRUE,0.433333333333333,0,0.433333333333333,-2.1252684764039,-0.72334293998822,-1.75404226202063,FALSE,FALSE,FALSE,"Video","Julia"
"Sub088_ToD",4.74137931034483,0.362068965517241,FALSE,21.2758620689655,-2.89655172413793,FALSE,"Overall",58,2,23,1,"YA","Morning",1.14603084930134,-1.14603084930134,0.0274687192400598,-0.027468719240059,FALSE,FALSE,FALSE,FALSE,FALSE,FALSE,0.966666666666667,0.0416666666666667,0.925,1.14603084930134,-0.027468719240059,1.09048775711156,FALSE,FALSE,FALSE,"Video","Julia"
"Sub089_ToD",9.98333333333333,-3.41666666666667,FALSE,8.7,-3.93333333333333,FALSE,"Overall",60,0,24,0,"OA","Morning",1.21281877269095,-1.21281877269095,0.750351714879722,-0.750351714879723,FALSE,FALSE,FALSE,FALSE,FALSE,FALSE,1,0,1,1.21281877269095,-0.750351714879723,1.34826913317799,FALSE,FALSE,FALSE,"Video","Julia"
"Sub090_ToD",8.22448979591837,-2.75510204081633,FALSE,46.9591836734694,15.1632653061224,FALSE,"Overall",49,11,24,0,"OA","Morning",-0.0985514599041142,0.098551459904114,0.750351714879722,-0.750351714879723,FALSE,FALSE,FALSE,FALSE,FALSE,FALSE,0.816666666666667,0,0.816666666666667,-0.098551459904114,-0.750351714879723,0.165576911092034,FALSE,FALSE,FALSE,"Video","Julia"
"Sub091_ToD",7.23636363636364,-0.0727272727272727,FALSE,39.9090909090909,22.8909090909091,FALSE,"Overall",55,5,23,1,"YA","Morning",0.839346537516477,-0.839346537516477,0.0274687192400598,-0.027468719240059,FALSE,FALSE,FALSE,FALSE,FALSE,FALSE,0.916666666666667,0.0416666666666667,0.875,0.839346537516477,-0.027468719240059,0.801213517877778,FALSE,FALSE,FALSE,"Video","Julia"
"Sub092_ToD",8.75925925925926,-2.61111111111111,FALSE,12.1481481481481,2.66666666666667,FALSE,"Overall",54,6,24,0,"OA","Night",0.497525918548188,-0.497525918548189,0.750351714879722,-0.750351714879723,FALSE,FALSE,FALSE,FALSE,FALSE,FALSE,0.9,0,0.9,0.497525918548189,-0.750351714879723,0.70316428476747,FALSE,FALSE,FALSE,"Video","Julia"
"Sub093_ToD",5.98214285714286,-0.160714285714286,FALSE,23.4821428571429,-6.375,FALSE,"Overall",56,4,24,0,"OA","Night",0.735956869929109,-0.73595686992911,0.750351714879722,-0.750351714879723,FALSE,FALSE,FALSE,FALSE,FALSE,FALSE,0.933333333333333,0,0.933333333333333,0.73595686992911,-0.750351714879723,0.918199234237644,FALSE,FALSE,FALSE,"Video","Julia"
"Sub094_ToD",4.74576271186441,0.23728813559322,FALSE,21.9491525423729,-11.135593220339,FALSE,"Overall",59,1,22,2,"YA","Night",1.24825895322963,-1.24825895322963,-0.668405501508101,0.668405501508102,FALSE,FALSE,FALSE,FALSE,FALSE,FALSE,0.983333333333333,0.0833333333333333,0.9,1.24825895322963,0.668405501508102,0.945850637494669,FALSE,FALSE,FALSE,"Video","Julia"
"Sub095_ToD",8.22222222222222,-2.22222222222222,FALSE,42.2222222222222,-9.48148148148148,FALSE,"Overall",27,33,24,0,"YA","Night",-2.02304037247561,2.02304037247561,0.723342939988221,-0.72334293998822,FALSE,FALSE,FALSE,FALSE,FALSE,TRUE,0.45,0,0.45,-2.02304037247561,-0.72334293998822,-1.65761751560937,FALSE,FALSE,FALSE,"Video","Julia"
"Sub096_ToD",7.27083333333333,0.604166666666667,FALSE,22.0833333333333,-1.125,FALSE,"Overall",48,12,23,1,"YA","Night",0.123749810018455,-0.123749810018455,0.0274687192400598,-0.027468719240059,FALSE,FALSE,FALSE,FALSE,FALSE,FALSE,0.8,0.0416666666666667,0.758333333333333,0.123749810018455,-0.027468719240059,0.126240292998954,FALSE,FALSE,FALSE,"Video","Julia"
"Sub097_ToD",6.1875,1.72916666666667,FALSE,48.6875,-17.3125,FALSE,"Overall",48,12,18,6,"YA","Night",0.123749810018455,-0.123749810018455,-3.45190238450075,3.45190238450075,FALSE,FALSE,TRUE,TRUE,TRUE,FALSE,0.8,0.25,0.55,0.123749810018455,3.45190238450075,-1.07906903714181,FALSE,TRUE,FALSE,"Video","Julia"
"Sub098_ToD",6.73333333333333,-1.06666666666667,FALSE,65.7666666666667,0.566666666666667,FALSE,"Overall",30,30,24,0,"YA","Night",-1.71635606069075,1.71635606069075,0.723342939988221,-0.72334293998822,FALSE,FALSE,FALSE,FALSE,FALSE,TRUE,0.5,0,0.5,-1.71635606069074,-0.72334293998822,-1.36834327637559,FALSE,FALSE,FALSE,"Video","Julia"
"Sub099_ToD",4.46428571428571,-0.785714285714286,FALSE,17.9107142857143,6.16071428571429,FALSE,"Overall",56,4,23,1,"OA","Night",0.735956869929109,-0.73595686992911,-0.0422733360495629,0.0422733360495619,FALSE,FALSE,FALSE,FALSE,FALSE,FALSE,0.933333333333333,0.0416666666666667,0.891666666666667,0.73595686992911,0.0422733360495619,0.649405547399927,FALSE,FALSE,FALSE,"Video","Julia"
"Sub100_ToD",6.13513513513514,-1.91891891891892,FALSE,45.6756756756757,-2.48648648648649,FALSE,"Overall",37,23,21,3,"OA","Night",-1.52913716818964,1.52913716818964,-1.62752343790813,1.62752343790813,FALSE,FALSE,FALSE,FALSE,FALSE,FALSE,0.616666666666667,0.125,0.491666666666667,-1.52913716818964,1.62752343790813,-1.93101384624217,FALSE,FALSE,FALSE,"Video","Julia"
"Sub101_ToD",7.3921568627451,-0.333333333333333,FALSE,24.2745098039216,3.76470588235294,FALSE,"Overall",51,9,24,0,"OA","Night",0.139879491476807,-0.139879491476807,0.750351714879722,-0.750351714879723,FALSE,FALSE,FALSE,FALSE,FALSE,FALSE,0.85,0,0.85,0.139879491476807,-0.750351714879723,0.380611860562208,FALSE,FALSE,FALSE,"Video","Julia"
"Sub102_ToD",3.50909090909091,-0.127272727272727,FALSE,43.3818181818182,-9.74545454545455,FALSE,"Overall",55,5,22,2,"YA","Night",0.839346537516477,-0.839346537516477,-0.668405501508101,0.668405501508102,FALSE,FALSE,FALSE,FALSE,FALSE,FALSE,0.916666666666667,0.0833333333333333,0.833333333333333,0.839346537516477,0.668405501508102,0.560151651849626,FALSE,FALSE,FALSE,"Video","Julia"
"Sub103_ToD",7.8,1.31111111111111,FALSE,60.6,6.15555555555556,FALSE,"Overall",45,15,24,0,"YA","Night",-0.182934501766412,0.182934501766412,0.723342939988221,-0.72334293998822,FALSE,FALSE,FALSE,FALSE,FALSE,FALSE,0.75,0,0.75,-0.182934501766412,-0.72334293998822,0.078027919793323,FALSE,FALSE,FALSE,"Video","Julia"
"Sub104_ToD",5.875,-0.25,FALSE,19.2291666666667,2.39583333333333,FALSE,"Overall",48,12,24,0,"OA","Night",-0.217766935594575,0.217766935594574,0.750351714879722,-0.750351714879723,FALSE,FALSE,FALSE,FALSE,FALSE,FALSE,0.8,0,0.8,-0.217766935594574,-0.750351714879723,0.0580594363569471,FALSE,FALSE,FALSE,"Video","Julia"
"Sub105_ToD",4,0.117647058823529,FALSE,52.9411764705882,5.82352941176471,FALSE,"Overall",34,26,23,1,"YA","Morning",-1.30744364497759,1.30744364497759,0.0274687192400598,-0.027468719240059,FALSE,FALSE,FALSE,FALSE,FALSE,FALSE,0.566666666666667,0.0416666666666667,0.525,-1.30744364497759,-0.027468719240059,-1.2237061567587,FALSE,FALSE,FALSE,"Video","Julia"
"Sub106_ToD",6.54385964912281,0.543859649122807,FALSE,41.0526315789474,-3.92982456140351,FALSE,"Overall",57,3,21,3,"YA","Morning",1.04380274537305,-1.04380274537305,-1.36427972225626,1.36427972225626,FALSE,FALSE,FALSE,FALSE,FALSE,FALSE,0.95,0.125,0.825,1.04380274537305,1.36427972225626,0.511939278643996,FALSE,FALSE,FALSE,"Video","Julia"
"Sub107_ToD",3.69565217391304,0.217391304347826,FALSE,33.9130434782609,-2.17391304347826,FALSE,"Overall",46,14,24,0,"YA","Morning",-0.0807063978381229,0.0807063978381227,0.723342939988221,-0.72334293998822,FALSE,FALSE,FALSE,FALSE,FALSE,FALSE,0.766666666666667,0,0.766666666666667,-0.0807063978381224,-0.72334293998822,0.174452666204584,FALSE,FALSE,FALSE,"Video","Julia"
"Sub108_ToD",19.4545454545455,-2.43636363636364,FALSE,33.3090909090909,-10.0363636363636,FALSE,"Overall",55,5,23,1,"YA","Night",0.839346537516477,-0.839346537516477,0.0274687192400598,-0.027468719240059,FALSE,FALSE,FALSE,FALSE,FALSE,FALSE,0.916666666666667,0.0416666666666667,0.875,0.839346537516477,-0.027468719240059,0.801213517877778,FALSE,FALSE,FALSE,"Video","Julia"
"Sub109_ToD",9.88461538461539,-1.88461538461538,FALSE,63.5384615384615,9.69230769230769,FALSE,"Overall",26,34,24,0,"OA","Morning",-2.84050740078471,2.84050740078471,0.750351714879722,-0.750351714879723,FALSE,FALSE,FALSE,FALSE,FALSE,TRUE,0.433333333333333,0,0.433333333333333,-2.84050740078471,-0.750351714879723,-2.30732500781497,FALSE,FALSE,FALSE,"Video","Julia"
"Sub110_ToD",8.02040816326531,4.18367346938776,FALSE,25.6938775510204,-0.755102040816326,FALSE,"Overall",49,11,24,0,"OA","Morning",-0.0985514599041142,0.098551459904114,0.750351714879722,-0.750351714879723,FALSE,FALSE,FALSE,FALSE,FALSE,FALSE,0.816666666666667,0,0.816666666666667,-0.098551459904114,-0.750351714879723,0.165576911092034,FALSE,FALSE,FALSE,"Video","Julia"
"Sub111_ToD",7.1551724137931,-1.63793103448276,FALSE,11.7068965517241,2.22413793103448,FALSE,"Overall",58,2,24,0,"OA","Morning",0.97438782131003,-0.974387821310031,0.750351714879722,-0.750351714879723,FALSE,FALSE,FALSE,FALSE,FALSE,FALSE,0.966666666666667,0,0.966666666666667,0.974387821310031,-0.750351714879723,1.13323418370782,FALSE,FALSE,FALSE,"Video","Julia"
"Sub112_ToD",5.03636363636364,0.2,FALSE,7.6,-1.09090909090909,FALSE,"Overall",55,5,24,0,"OA","Morning",0.616741394238649,-0.616741394238649,0.750351714879722,-0.750351714879723,FALSE,FALSE,FALSE,FALSE,FALSE,FALSE,0.916666666666667,0,0.916666666666667,0.616741394238649,-0.750351714879723,0.810681759502557,FALSE,FALSE,FALSE,"Video","Julia"
"Sub113_ToD",9.375,-0.0178571428571429,FALSE,38.8928571428571,3.53571428571429,FALSE,"Overall",56,4,24,0,"OA","Night",0.735956869929109,-0.73595686992911,0.750351714879722,-0.750351714879723,FALSE,FALSE,FALSE,FALSE,FALSE,FALSE,0.933333333333333,0,0.933333333333333,0.73595686992911,-0.750351714879723,0.918199234237644,FALSE,FALSE,FALSE,"Video","Julia"
"Sub114_ToD",6.38461538461539,0,FALSE,46.3076923076923,8.46153846153846,FALSE,"Overall",52,8,23,1,"YA","Night",0.53266222573161,-0.532662225731611,0.0274687192400598,-0.027468719240059,FALSE,FALSE,FALSE,FALSE,FALSE,FALSE,0.866666666666667,0.0416666666666667,0.825,0.532662225731611,-0.027468719240059,0.511939278643996,FALSE,FALSE,FALSE,"Video","Julia"
"Sub115_ToD",8.85714285714286,-0.742857142857143,FALSE,52.5428571428571,-3.68571428571429,FALSE,"Overall",35,25,24,0,"YA","Morning",-1.2052155410493,1.2052155410493,0.723342939988221,-0.72334293998822,FALSE,FALSE,FALSE,FALSE,FALSE,FALSE,0.583333333333333,0,0.583333333333333,-1.2052155410493,-0.72334293998822,-0.886219544319284,FALSE,FALSE,FALSE,"Video","Julia"
"Sub116_ToD",8.1551724137931,-2.29310344827586,FALSE,13.3620689655172,-1.91379310344828,FALSE,"Overall",58,2,23,1,"OA","Morning",0.97438782131003,-0.974387821310031,-0.0422733360495629,0.0422733360495619,FALSE,FALSE,FALSE,FALSE,FALSE,FALSE,0.966666666666667,0.0416666666666667,0.925,0.974387821310031,0.0422733360495619,0.864440496870101,FALSE,FALSE,FALSE,"Video","Julia"
"Sub117_ToD",17.2380952380952,-6.23809523809524,FALSE,65.6904761904762,-14.6428571428571,FALSE,"Overall",42,18,23,1,"YA","Morning",-0.489618813551279,0.489618813551278,0.0274687192400598,-0.027468719240059,FALSE,FALSE,FALSE,FALSE,FALSE,FALSE,0.7,0.0416666666666667,0.658333333333333,-0.489618813551279,-0.027468719240059,-0.452308185468611,FALSE,FALSE,FALSE,"Video","Julia"
"Sub118_ToD",5.06666666666667,-0.4,FALSE,41.2222222222222,17.8,FALSE,"Overall",45,15,23,1,"YA","Morning",-0.182934501766412,0.182934501766412,0.0274687192400598,-0.027468719240059,FALSE,FALSE,FALSE,FALSE,FALSE,FALSE,0.75,0.0416666666666667,0.708333333333333,-0.182934501766412,-0.027468719240059,-0.163033946234829,FALSE,FALSE,FALSE,"Video","Julia"
"Sub119_ToD",7.30188679245283,-0.924528301886792,FALSE,33.0566037735849,-11.4339622641509,FALSE,"Overall",53,7,23,1,"OA","Morning",0.378310442857728,-0.378310442857728,-0.0422733360495629,0.0422733360495619,FALSE,FALSE,FALSE,FALSE,FALSE,FALSE,0.883333333333333,0.0416666666666667,0.841666666666667,0.378310442857728,0.0422733360495619,0.326853123194665,FALSE,FALSE,FALSE,"Video","Julia"
"Sub120_ToD",6.48780487804878,-1.36585365853659,FALSE,37.6341463414634,6.60975609756098,FALSE,"Overall",41,19,21,3,"YA","Night",-0.591846917479567,0.591846917479567,-1.36427972225626,1.36427972225626,FALSE,FALSE,FALSE,FALSE,FALSE,FALSE,0.683333333333333,0.125,0.558333333333333,-0.591846917479567,1.36427972225626,-1.03085666393617,FALSE,FALSE,FALSE,"Video","Julia"
"Sub121_ToD",7,0.297297297297297,FALSE,44.1891891891892,-1.16216216216216,FALSE,"Overall",37,23,22,2,"OA","Night",-1.52913716818964,1.52913716818964,-0.834898386978848,0.834898386978847,FALSE,FALSE,FALSE,FALSE,FALSE,FALSE,0.616666666666667,0.0833333333333333,0.533333333333333,-1.52913716818964,0.834898386978847,-1.66222015940445,FALSE,FALSE,FALSE,"Video","Julia"
"Sub122_ToD",15.0454545454545,8.40909090909091,FALSE,89.7272727272727,-8.09090909090909,FALSE,"Overall",22,38,23,1,"YA","Night",-2.53418089211706,2.53418089211706,0.0274687192400598,-0.027468719240059,FALSE,FALSE,FALSE,FALSE,FALSE,TRUE,0.366666666666667,0.0416666666666667,0.325,-2.53418089211706,-0.027468719240059,-2.38080311369382,FALSE,FALSE,FALSE,"Video","Julia"
"Sub123_ToD",6.27906976744186,1.02325581395349,FALSE,12.6511627906977,-0.465116279069767,FALSE,"Overall",43,17,24,0,"OA","Morning",-0.813844314046877,0.813844314046877,0.750351714879722,-0.750351714879723,FALSE,FALSE,FALSE,FALSE,FALSE,FALSE,0.716666666666667,0,0.716666666666667,-0.813844314046877,-0.750351714879723,-0.479527937318489,FALSE,FALSE,FALSE,"Video","Julia"
"Sub124_ToD",3.38333333333333,0.15,FALSE,21.7,0.1,FALSE,"Overall",60,0,24,0,"YA","Night",1.35048705715792,-1.35048705715792,0.723342939988221,-0.72334293998822,FALSE,FALSE,FALSE,FALSE,FALSE,FALSE,1,0,1,1.35048705715792,-0.72334293998822,1.52439911596223,FALSE,FALSE,FALSE,"Video","Julia"
"Sub125_ToD",5.06818181818182,-1.47727272727273,FALSE,48.6590909090909,-5.75,FALSE,"Overall",44,16,24,0,"YA","Night",-0.285162605694701,0.2851626056947,0.723342939988221,-0.72334293998822,FALSE,FALSE,FALSE,FALSE,FALSE,FALSE,0.733333333333333,0,0.733333333333333,-0.285162605694701,-0.72334293998822,-0.018396826617938,FALSE,FALSE,FALSE,"Video","Maheria"
"Sub126_ToD",5.61764705882353,-0.205882352941176,FALSE,74.0294117647059,-4.79411764705882,FALSE,"Overall",34,26,20,4,"OA","Morning",-1.88678359526102,1.88678359526102,-2.42014848883742,2.42014848883742,FALSE,FALSE,FALSE,FALSE,FALSE,FALSE,0.566666666666667,0.166666666666667,0.4,-1.88678359526102,2.42014848883742,-2.52235995728515,FALSE,FALSE,FALSE,"Video","Maheria"
"Sub127_ToD",10.6595744680851,2.61702127659574,FALSE,85.6382978723404,7.51063829787234,FALSE,"Overall",47,13,22,2,"OA","Morning",-0.336982411285035,0.336982411285035,-0.834898386978848,0.834898386978847,FALSE,FALSE,FALSE,FALSE,FALSE,FALSE,0.783333333333333,0.0833333333333333,0.7,-0.336982411285035,0.834898386978847,-0.587045412053577,FALSE,FALSE,FALSE,"Video","Maheria"
"Sub128_ToD",5.56,-0.44,FALSE,28,9.2,FALSE,"Overall",50,10,24,0,"YA","Morning",0.328206017875033,-0.328206017875033,0.723342939988221,-0.72334293998822,FALSE,FALSE,FALSE,FALSE,FALSE,FALSE,0.833333333333333,0,0.833333333333333,0.328206017875033,-0.72334293998822,0.560151651849627,FALSE,FALSE,FALSE,"Video","Maheria"
"Sub129_ToD",5.6875,1.1875,FALSE,44.4166666666667,-11.9583333333333,FALSE,"Overall",48,12,24,0,"OA","Night",-0.217766935594575,0.217766935594574,0.750351714879722,-0.750351714879723,FALSE,FALSE,FALSE,FALSE,FALSE,FALSE,0.8,0,0.8,-0.217766935594574,-0.750351714879723,0.0580594363569471,FALSE,FALSE,FALSE,"Video","Maheria"
"Sub130_ToD",7.51063829787234,-0.0638297872340425,FALSE,27.0851063829787,5.59574468085106,FALSE,"Overall",47,13,24,0,"YA","Morning",0.021521706090166,-0.0215217060901661,0.723342939988221,-0.72334293998822,FALSE,FALSE,FALSE,FALSE,FALSE,FALSE,0.783333333333333,0,0.783333333333333,0.0215217060901662,-0.72334293998822,0.270877412615844,FALSE,FALSE,FALSE,"Video","Maheria"
"Sub131_ToD",4.16666666666667,1.64285714285714,FALSE,48.5714285714286,-5.61904761904762,FALSE,"Overall",42,18,24,0,"OA","Morning",-0.933059789737338,0.933059789737338,0.750351714879722,-0.750351714879723,FALSE,FALSE,FALSE,FALSE,FALSE,FALSE,0.7,0,0.7,-0.933059789737338,-0.750351714879723,-0.587045412053577,FALSE,FALSE,FALSE,"Video","Maheria"
"Sub132_ToD",5.81818181818182,-2.27272727272727,FALSE,38.6818181818182,-19.3181818181818,FALSE,"Overall",44,16,21,3,"YA","Night",-0.285162605694701,0.2851626056947,-1.36427972225626,1.36427972225626,FALSE,FALSE,FALSE,FALSE,FALSE,FALSE,0.733333333333333,0.125,0.608333333333333,-0.285162605694701,1.36427972225626,-0.741582424702393,FALSE,FALSE,FALSE,"Video","Maheria"
"Sub133_ToD",8.69230769230769,-2.07692307692308,FALSE,38.0961538461538,13.0961538461538,FALSE,"Overall",52,8,23,1,"OA","Morning",0.259094967167267,-0.259094967167268,-0.0422733360495629,0.0422733360495619,FALSE,FALSE,FALSE,FALSE,FALSE,FALSE,0.866666666666667,0.0416666666666667,0.825,0.259094967167268,0.0422733360495619,0.219335648459578,FALSE,FALSE,FALSE,"Video","Maheria"
"Sub135_ToD",8.91111111111111,-0.333333333333333,FALSE,57.7777777777778,-14.8444444444444,FALSE,"Overall",45,15,24,0,"YA","Night",-0.182934501766412,0.182934501766412,0.723342939988221,-0.72334293998822,FALSE,FALSE,FALSE,FALSE,FALSE,FALSE,0.75,0,0.75,-0.182934501766412,-0.72334293998822,0.078027919793323,FALSE,FALSE,FALSE,"Video","Maheria"
"Sub136_ToD",5.01724137931035,-0.879310344827586,FALSE,22.3965517241379,-4.91379310344828,FALSE,"Overall",58,2,23,1,"YA","Night",1.14603084930134,-1.14603084930134,0.0274687192400598,-0.027468719240059,FALSE,FALSE,FALSE,FALSE,FALSE,FALSE,0.966666666666667,0.0416666666666667,0.925,1.14603084930134,-0.027468719240059,1.09048775711156,FALSE,FALSE,FALSE,"Video","Maheria"
"Sub137_ToD",6.12962962962963,-1.01851851851852,FALSE,30.537037037037,2.94444444444444,FALSE,"Overall",54,6,24,0,"OA","Morning",0.497525918548188,-0.497525918548189,0.750351714879722,-0.750351714879723,FALSE,FALSE,FALSE,FALSE,FALSE,FALSE,0.9,0,0.9,0.497525918548189,-0.750351714879723,0.70316428476747,FALSE,FALSE,FALSE,"Video","Maheria"
"Sub138_ToD",7.81818181818182,-1.92727272727273,FALSE,19.1090909090909,-12.6727272727273,FALSE,"Overall",55,5,24,0,"OA","Morning",0.616741394238649,-0.616741394238649,0.750351714879722,-0.750351714879723,FALSE,FALSE,FALSE,FALSE,FALSE,FALSE,0.916666666666667,0,0.916666666666667,0.616741394238649,-0.750351714879723,0.810681759502557,FALSE,FALSE,FALSE,"Video","Maheria"
"Sub139_ToD",6.36,-0.32,FALSE,28.64,3.88,FALSE,"Overall",50,10,21,3,"YA","Morning",0.328206017875033,-0.328206017875033,-1.36427972225626,1.36427972225626,FALSE,FALSE,FALSE,FALSE,FALSE,FALSE,0.833333333333333,0.125,0.708333333333333,0.328206017875033,1.36427972225626,-0.163033946234829,FALSE,FALSE,FALSE,"Video","Maheria"
"Sub140_ToD",7.30909090909091,1.23636363636364,FALSE,28.2545454545455,-3.09090909090909,FALSE,"Overall",55,5,20,4,"OA","Morning",0.616741394238649,-0.616741394238649,-2.42014848883742,2.42014848883742,FALSE,FALSE,FALSE,FALSE,FALSE,FALSE,0.916666666666667,0.166666666666667,0.75,0.616741394238649,2.42014848883742,-0.264492987848315,FALSE,FALSE,FALSE,"Video","Maheria"
"Sub141_ToD",8.04081632653061,-2.57142857142857,FALSE,52.5510204081633,-2.10204081632653,FALSE,"Overall",49,11,23,1,"OA","Night",-0.0985514599041142,0.098551459904114,-0.0422733360495629,0.0422733360495619,FALSE,FALSE,FALSE,FALSE,FALSE,FALSE,0.816666666666667,0.0416666666666667,0.775,-0.098551459904114,0.0422733360495619,-0.103216775745684,FALSE,FALSE,FALSE,"Video","Maheria"
"Sub142_ToD",3.91525423728814,-0.220338983050847,FALSE,9.3728813559322,1.8135593220339,FALSE,"Overall",59,1,24,0,"OA","Night",1.09360329700049,-1.09360329700049,0.750351714879722,-0.750351714879723,FALSE,FALSE,FALSE,FALSE,FALSE,FALSE,0.983333333333333,0,0.983333333333333,1.09360329700049,-0.750351714879723,1.24075165844291,FALSE,FALSE,FALSE,"Video","Maheria"
"Sub143_ToD",5.73584905660377,-2.11320754716981,FALSE,30.5094339622642,9.11320754716981,FALSE,"Overall",53,7,22,2,"OA","Night",0.378310442857728,-0.378310442857728,-0.834898386978848,0.834898386978847,FALSE,FALSE,FALSE,FALSE,FALSE,FALSE,0.883333333333333,0.0833333333333333,0.8,0.378310442857728,0.834898386978847,0.0580594363569464,FALSE,FALSE,FALSE,"Video","Maheria"
"Sub144_ToD",9.14035087719298,1.24561403508772,FALSE,52.1929824561403,9.8421052631579,FALSE,"Overall",57,3,22,2,"OA","Night",0.85517234561957,-0.85517234561957,-0.834898386978848,0.834898386978847,FALSE,FALSE,FALSE,FALSE,FALSE,FALSE,0.95,0.0833333333333333,0.866666666666667,0.85517234561957,0.834898386978847,0.488129335297295,FALSE,FALSE,FALSE,"Video","Maheria"
"Sub145_ToD",4.3265306122449,-0.653061224489796,FALSE,37.5510204081633,3.10204081632653,FALSE,"Overall",49,11,24,0,"YA","Morning",0.225977913946744,-0.225977913946744,0.723342939988221,-0.72334293998822,FALSE,FALSE,FALSE,FALSE,FALSE,FALSE,0.816666666666667,0,0.816666666666667,0.225977913946744,-0.72334293998822,0.463726905438366,FALSE,FALSE,FALSE,"Video","Maheria"
"Sub146_ToD",6.08771929824561,-3.31578947368421,FALSE,16.4736842105263,-2.57894736842105,FALSE,"Overall",57,3,24,0,"YA","Night",1.04380274537305,-1.04380274537305,0.723342939988221,-0.72334293998822,FALSE,FALSE,FALSE,FALSE,FALSE,FALSE,0.95,0,0.95,1.04380274537305,-0.72334293998822,1.23512487672845,FALSE,FALSE,FALSE,"Video","Maheria"
"Sub147_ToD",5.5,0.590909090909091,FALSE,25.3636363636364,-12.2272727272727,FALSE,"Overall",44,16,24,0,"YA","Night",-0.285162605694701,0.2851626056947,0.723342939988221,-0.72334293998822,FALSE,FALSE,FALSE,FALSE,FALSE,FALSE,0.733333333333333,0,0.733333333333333,-0.285162605694701,-0.72334293998822,-0.018396826617938,FALSE,FALSE,FALSE,"Video","Maheria"
"Sub149_ToD",16.8409090909091,2.20454545454545,FALSE,41.0227272727273,13.3409090909091,FALSE,"Overall",44,16,23,1,"OA","Night",-0.694628838356417,0.694628838356417,-0.0422733360495629,0.0422733360495619,FALSE,FALSE,FALSE,FALSE,FALSE,FALSE,0.733333333333333,0.0416666666666667,0.691666666666667,-0.694628838356417,0.0422733360495619,-0.64080414942112,FALSE,FALSE,FALSE,"Video","Maheria"
"Sub150_ToD",7.30909090909091,0.0363636363636364,FALSE,26.5272727272727,-1.8,FALSE,"Overall",55,5,23,1,"YA","Morning",0.839346537516477,-0.839346537516477,0.0274687192400598,-0.027468719240059,FALSE,FALSE,FALSE,FALSE,FALSE,FALSE,0.916666666666667,0.0416666666666667,0.875,0.839346537516477,-0.027468719240059,0.801213517877778,FALSE,FALSE,FALSE,"Video","Maheria"
"Sub151_ToD",10.9183673469388,-3.93877551020408,FALSE,58.0612244897959,6.51020408163265,FALSE,"Overall",49,11,20,4,"YA","Morning",0.225977913946744,-0.225977913946744,-2.06015394300442,2.06015394300442,FALSE,FALSE,FALSE,FALSE,FALSE,FALSE,0.816666666666667,0.166666666666667,0.65,0.225977913946744,2.06015394300442,-0.500520558674241,FALSE,FALSE,FALSE,"Video","Maheria"
