obj1,backgr,obj1loc,TrialID,StudyTrialNum,block,testObj1,testObj1Feat1,TestPracTrialNum,testObj1Feat1TargetVal,testObj1LocStartVal1,testObj1LocStartVal2,testObj1LocStartVal3,testObj1LocTargetVal,testObj1Target,testObj1Foil,testObj1FCOrder,testObj1FCleftItem,testObj1FCrightItem,NewObject,OldImages,testNewLocStartVal,Imm_Delay,type
bottleofwine1_tr.png,Bckg29.jpg,126,71,26,1,1,1,1,126,55,131,270,126,bottleofwine1_tr.png,NA,1,Foil,Target,NA,1,NA,1,old
sunglasses1_tr.png,Bckg11.jpg,27,29,39,1,1,1,25,27,287,111,147,27,sunglasses1_tr.png,NA,0,Target,Foil,NA,1,NA,1,old
hat1_tr.png,Bckg133.jpg,235,68,17,1,1,1,16,235,251,330,13,235,hat1_tr.png,NA,1,Foil,Target,NA,1,NA,1,old
NA,NA,NA,NA,NA,1,NA,NA,NA,NA,NA,NA,NA,NA,NA,NA,NA,NA,NA,New_milk1_tr.png,0,317,1,new
NA,NA,NA,NA,NA,1,NA,NA,NA,NA,NA,NA,NA,NA,NA,NA,NA,NA,NA,New_dumbbell1_tr.png,0,316,1,new
wheelchair1_tr.png,Bckg80.jpg,171,52,8,1,1,1,19,171,180,294,263,171,wheelchair1_tr.png,NA,0,Target,Foil,NA,1,NA,1,old
watch1_tr.png,Bckg117.jpg,119,43,30,1,1,1,12,119,181,237,158,119,watch1_tr.png,NA,1,Foil,Target,NA,1,NA,1,old
NA,NA,NA,NA,NA,1,NA,NA,NA,NA,NA,NA,NA,NA,NA,NA,NA,NA,NA,New_icecubetray1_tr.png,0,53,1,new
trophy1_tr.png,Bckg68.jpg,75,99,24,1,1,1,26,75,66,178,228,75,trophy1_tr.png,NA,1,Foil,Target,NA,1,NA,1,old
tissuebox1_tr.png,Bckg98.jpg,1,12,20,1,1,1,7,1,95,272,311,1,tissuebox1_tr.png,NA,0,Target,Foil,NA,1,NA,1,old
NA,NA,NA,NA,NA,1,NA,NA,NA,NA,NA,NA,NA,NA,NA,NA,NA,NA,NA,New_fridge1_tr.png,0,220,1,new
bandaid1_tr.png,Bckg45.jpg,246,107,1,1,1,1,37,246,143,243,11,246,bandaid1_tr.png,NA,1,Foil,Target,NA,1,NA,1,old
qtips1_tr.png,Bckg129.jpg,171,92,22,1,1,1,20,171,235,155,124,171,qtips1_tr.png,NA,1,Foil,Target,NA,1,NA,1,old
pizza1_tr.png,Bckg83.jpg,31,80,10,1,1,1,40,31,153,237,175,31,pizza1_tr.png,NA,1,Foil,Target,NA,1,NA,1,old
christmasstocking1_tr.png,Bckg136.jpg,165,50,15,1,1,1,9,165,322,246,121,165,christmasstocking1_tr.png,NA,1,Foil,Target,NA,1,NA,1,old
NA,NA,NA,NA,NA,1,NA,NA,NA,NA,NA,NA,NA,NA,NA,NA,NA,NA,NA,New_glove1_tr.png,0,310,1,new
motorcycle1_tr.png,Bckg100.jpg,260,4,6,1,1,1,6,260,342,17,98,260,motorcycle1_tr.png,NA,0,Target,Foil,NA,1,NA,1,old
cabinet1_tr.png,Bckg13.jpg,355,110,32,1,1,1,29,355,291,250,164,355,cabinet1_tr.png,NA,1,Foil,Target,NA,1,NA,1,old
NA,NA,NA,NA,NA,1,NA,NA,NA,NA,NA,NA,NA,NA,NA,NA,NA,NA,NA,New_discoball1_tr.png,0,231,1,new
jackolantern1_tr.png,Bckg21.jpg,51,93,4,1,1,1,2,51,161,66,118,51,jackolantern1_tr.png,NA,1,Foil,Target,NA,1,NA,1,old
pan1_tr.png,Bckg58.jpg,133,116,34,1,1,1,23,133,89,30,229,133,pan1_tr.png,NA,1,Foil,Target,NA,1,NA,1,old
NA,NA,NA,NA,NA,1,NA,NA,NA,NA,NA,NA,NA,NA,NA,NA,NA,NA,NA,New_parfait1_tr.png,0,344,1,new
hammer1_tr.png,Bckg138.jpg,237,118,33,1,1,1,13,237,139,321,245,237,hammer1_tr.png,NA,1,Foil,Target,NA,1,NA,1,old
stoplights1_tr.png,Bckg53.jpg,219,60,36,1,1,1,18,219,214,124,240,219,stoplights1_tr.png,NA,0,Target,Foil,NA,1,NA,1,old
bird1_tr.png,Bckg2.jpg,39,72,11,1,1,1,4,39,118,137,33,39,bird1_tr.png,NA,1,Foil,Target,NA,1,NA,1,old
boxinggloves1_tr.png,Bckg131.jpg,276,95,2,1,1,1,30,276,159,125,149,276,boxinggloves1_tr.png,NA,0,Target,Foil,NA,1,NA,1,old
NA,NA,NA,NA,NA,1,NA,NA,NA,NA,NA,NA,NA,NA,NA,NA,NA,NA,NA,New_hanger1_tr.png,0,334,1,new
slide1_tr.png,Bckg94.jpg,44,44,21,1,1,1,33,44,4,217,28,44,slide1_tr.png,NA,1,Foil,Target,NA,1,NA,1,old
present1_tr.png,Bckg121.jpg,184,46,49,2,1,1,44,184,45,118,188,184,present1_tr.png,NA,0,Target,Foil,NA,1,NA,1,old
telephonebooth1_tr.png,Bckg107.jpg,214,63,43,2,1,1,70,214,64,281,300,214,telephonebooth1_tr.png,NA,1,Foil,Target,NA,1,NA,1,old
plant1_tr.png,Bckg116.jpg,229,75,74,2,1,1,50,229,191,233,122,229,plant1_tr.png,NA,0,Target,Foil,NA,1,NA,1,old
NA,NA,NA,NA,NA,2,NA,NA,NA,NA,NA,NA,NA,NA,NA,NA,NA,NA,NA,New_flowers1_tr.png,0,143,1,new
scrabble1_tr.png,Bckg91.jpg,15,39,73,2,1,1,52,15,152,156,110,15,scrabble1_tr.png,NA,1,Foil,Target,NA,1,NA,1,old
grater1_tr.png,Bckg118.jpg,227,108,58,2,1,1,45,227,183,311,225,227,grater1_tr.png,NA,0,Target,Foil,NA,1,NA,1,old
NA,NA,NA,NA,NA,2,NA,NA,NA,NA,NA,NA,NA,NA,NA,NA,NA,NA,NA,New_ladder1_tr.png,0,344,1,new
vegeplatter1_tr.png,Bckg70.jpg,246,30,60,2,1,1,71,246,122,321,75,246,vegeplatter1_tr.png,NA,1,Foil,Target,NA,1,NA,1,old
NA,NA,NA,NA,NA,2,NA,NA,NA,NA,NA,NA,NA,NA,NA,NA,NA,NA,NA,New_trampoline1_tr.png,0,155,1,new
fantacan1_tr.png,Bckg86.jpg,126,84,45,2,1,1,48,126,32,278,53,126,fantacan1_tr.png,NA,1,Foil,Target,NA,1,NA,1,old
wagon1_tr.png,Bckg47.jpg,95,38,51,2,1,1,75,95,87,36,143,95,wagon1_tr.png,NA,1,Foil,Target,NA,1,NA,1,old
bell1_tr.png,Bckg36.jpg,349,78,53,2,1,1,77,349,287,282,294,349,bell1_tr.png,NA,1,Foil,Target,NA,1,NA,1,old
NA,NA,NA,NA,NA,2,NA,NA,NA,NA,NA,NA,NA,NA,NA,NA,NA,NA,NA,New_icecream1_tr.png,0,106,1,new
vacuum1_tr.png,Bckg60.jpg,108,97,50,2,1,1,55,108,327,356,335,108,vacuum1_tr.png,NA,0,Target,Foil,NA,1,NA,1,old
soccerball1_tr.png,Bckg101.jpg,43,53,69,2,1,1,67,43,86,145,39,43,soccerball1_tr.png,NA,1,Foil,Target,NA,1,NA,1,old
bed1_tr.png,Bckg77.jpg,245,120,77,2,1,1,41,245,138,143,160,245,bed1_tr.png,NA,1,Foil,Target,NA,1,NA,1,old
skippingrope1_tr.png,Bckg7.jpg,60,45,61,2,1,1,63,60,87,213,277,60,skippingrope1_tr.png,NA,0,Target,Foil,NA,1,NA,1,old
NA,NA,NA,NA,NA,2,NA,NA,NA,NA,NA,NA,NA,NA,NA,NA,NA,NA,NA,New_lifering1_tr.png,0,238,1,new
NA,NA,NA,NA,NA,2,NA,NA,NA,NA,NA,NA,NA,NA,NA,NA,NA,NA,NA,New_bunny1_tr.png,0,63,1,new
coffeemug1_tr.png,Bckg20.jpg,325,70,65,2,1,1,56,325,253,113,22,325,coffeemug1_tr.png,NA,1,Foil,Target,NA,1,NA,1,old
paintpalette1_tr.png,Bckg56.jpg,259,16,66,2,1,1,43,259,311,154,192,259,paintpalette1_tr.png,NA,1,Foil,Target,NA,1,NA,1,old
NA,NA,NA,NA,NA,2,NA,NA,NA,NA,NA,NA,NA,NA,NA,NA,NA,NA,NA,New_microphone1_tr.png,0,204,1,new
coke1_tr.png,Bckg78.jpg,322,74,57,2,1,1,58,322,31,323,307,322,coke1_tr.png,NA,1,Foil,Target,NA,1,NA,1,old
NA,NA,NA,NA,NA,2,NA,NA,NA,NA,NA,NA,NA,NA,NA,NA,NA,NA,NA,New_hairbrush1_tr.png,0,118,1,new
cucumber1_tr.png,Bckg92.jpg,82,87,71,2,1,1,62,82,286,332,303,82,cucumber1_tr.png,NA,1,Foil,Target,NA,1,NA,1,old
fireextinguisher1_tr.png,Bckg88.jpg,294,85,67,2,1,1,79,294,212,94,215,294,fireextinguisher1_tr.png,NA,0,Target,Foil,NA,1,NA,1,old
steeringwheel1_tr.png,Bckg62.jpg,229,90,47,2,1,1,49,229,132,225,181,229,steeringwheel1_tr.png,NA,1,Foil,Target,NA,1,NA,1,old
tennisball1_tr.png,Bckg125.jpg,15,31,68,2,1,1,59,15,270,276,311,15,tennisball1_tr.png,NA,0,Target,Foil,NA,1,NA,1,old
breakfast1_tr.png,Bckg89.jpg,300,3,107,3,1,1,88,300,348,149,173,300,breakfast1_tr.png,NA,0,Target,Foil,NA,1,NA,1,old
eggs1_tr.png,Bckg132.jpg,84,28,89,3,1,1,118,84,124,265,170,84,eggs1_tr.png,NA,1,Foil,Target,NA,1,NA,1,old
bowls1_tr.png,Bckg103.jpg,76,79,102,3,1,1,102,76,238,207,139,76,bowls1_tr.png,NA,0,Target,Foil,NA,1,NA,1,old
NA,NA,NA,NA,NA,3,NA,NA,NA,NA,NA,NA,NA,NA,NA,NA,NA,NA,NA,New_giraffe1_tr.png,0,143,1,new
woodenbox1_tr.png,Bckg9.jpg,346,69,111,3,1,1,106,346,209,115,175,346,woodenbox1_tr.png,NA,1,Foil,Target,NA,1,NA,1,old
NA,NA,NA,NA,NA,3,NA,NA,NA,NA,NA,NA,NA,NA,NA,NA,NA,NA,NA,New_powdermakeup1_tr.png,0,211,1,new
mouthwash1_tr.png,Bckg109.jpg,352,100,98,3,1,1,91,352,115,250,226,352,mouthwash1_tr.png,NA,0,Target,Foil,NA,1,NA,1,old
coat1_tr.png,Bckg108.jpg,94,102,119,3,1,1,90,94,309,13,198,94,coat1_tr.png,NA,0,Target,Foil,NA,1,NA,1,old
radish1_tr.png,Bckg112.jpg,221,14,104,3,1,1,103,221,203,64,59,221,radish1_tr.png,NA,0,Target,Foil,NA,1,NA,1,old
NA,NA,NA,NA,NA,3,NA,NA,NA,NA,NA,NA,NA,NA,NA,NA,NA,NA,NA,New_bathrobe1_tr.png,0,320,1,new
sippycup1_tr.png,Bckg105.jpg,107,106,106,3,1,1,111,107,24,15,204,107,sippycup1_tr.png,NA,1,Foil,Target,NA,1,NA,1,old
NA,NA,NA,NA,NA,3,NA,NA,NA,NA,NA,NA,NA,NA,NA,NA,NA,NA,NA,New_eyemask1_tr.png,0,11,1,new
cakemixer1_tr.png,Bckg12.jpg,255,117,91,3,1,1,116,255,108,314,330,255,cakemixer1_tr.png,NA,0,Target,Foil,NA,1,NA,1,old
jellybeans1_tr.png,Bckg46.jpg,235,49,90,3,1,1,112,235,347,110,157,235,jellybeans1_tr.png,NA,0,Target,Foil,NA,1,NA,1,old
granola1_tr.png,Bckg49.jpg,191,103,101,3,1,1,105,191,262,206,48,191,granola1_tr.png,NA,1,Foil,Target,NA,1,NA,1,old
trumpet1_tr.png,Bckg130.jpg,355,58,109,3,1,1,84,355,313,133,32,355,trumpet1_tr.png,NA,0,Target,Foil,NA,1,NA,1,old
NA,NA,NA,NA,NA,3,NA,NA,NA,NA,NA,NA,NA,NA,NA,NA,NA,NA,NA,New_brusselssprout1_tr.png,0,33,1,new
NA,NA,NA,NA,NA,3,NA,NA,NA,NA,NA,NA,NA,NA,NA,NA,NA,NA,NA,New_candycane1_tr.png,0,338,1,new
pin1_tr.png,Bckg59.jpg,300,82,120,3,1,1,119,300,260,88,40,300,pin1_tr.png,NA,0,Target,Foil,NA,1,NA,1,old
cookie1_tr.png,Bckg1.jpg,196,109,105,3,1,1,108,196,142,307,242,196,cookie1_tr.png,NA,1,Foil,Target,NA,1,NA,1,old
silvertray1_tr.png,Bckg64.jpg,288,6,116,3,1,1,100,288,241,343,248,288,silvertray1_tr.png,NA,1,Foil,Target,NA,1,NA,1,old
NA,NA,NA,NA,NA,3,NA,NA,NA,NA,NA,NA,NA,NA,NA,NA,NA,NA,NA,New_flashlight1_tr.png,0,295,1,new
handsoap1_tr.png,Bckg73.jpg,74,57,96,3,1,1,110,74,352,41,5,74,handsoap1_tr.png,NA,0,Target,Foil,NA,1,NA,1,old
NA,NA,NA,NA,NA,3,NA,NA,NA,NA,NA,NA,NA,NA,NA,NA,NA,NA,NA,New_cardboardbox1_tr.png,0,11,1,new
hotdog1_tr.png,Bckg126.jpg,152,42,117,3,1,1,81,152,327,275,320,152,hotdog1_tr.png,NA,1,Foil,Target,NA,1,NA,1,old
banana1_tr.png,Bckg93.jpg,44,114,108,3,1,1,86,44,233,78,338,44,banana1_tr.png,NA,0,Target,Foil,NA,1,NA,1,old
rubikscube1_tr.png,Bckg122.jpg,113,105,84,3,1,1,96,113,4,222,200,113,rubikscube1_tr.png,NA,1,Foil,Target,NA,1,NA,1,old
highheel1_tr.png,Bckg57.jpg,128,77,86,3,1,1,95,128,108,34,194,128,highheel1_tr.png,NA,0,Target,Foil,NA,1,NA,1,old
