"sub_id","AgeGroup","ToD_Condition","collected_by","block","absavg_recall","minavg_recall","outlier_Recall_Age"
"Sub001_ToD","YA","Night","Julia","Overall",63.3404255319149,-13,FALSE
"Sub001_ToD","YA","Night","Julia","1",59.6875,14.4375,FALSE
"Sub001_ToD","YA","Night","Julia","2",83.1875,-47.5625,FALSE
"Sub001_ToD","YA","Night","Julia","3",46.0666666666667,-5.4,FALSE
"Sub002_ToD","OA","Night","Julia","Overall",90.7678571428571,-17.2321428571429,FALSE
"Sub002_ToD","OA","Night","Julia","1",77.5,6.83333333333333,FALSE
"Sub002_ToD","OA","Night","Julia","2",109.75,-35.55,FALSE
"Sub002_ToD","OA","Night","Julia","3",82.9444444444444,-20.9444444444444,FALSE
"Sub003_ToD","YA","Night","Julia","Overall",51.7017543859649,-7.98245614035088,FALSE
"Sub003_ToD","YA","Night","Julia","1",51.5263157894737,-9.8421052631579,FALSE
"Sub003_ToD","YA","Night","Julia","2",51.2105263157895,19.3157894736842,FALSE
"Sub003_ToD","YA","Night","Julia","3",52.3684210526316,-33.4210526315789,FALSE
"Sub005_ToD","OA","Morning","Julia","Overall",23.4528301886792,-9.56603773584906,FALSE
"Sub005_ToD","OA","Morning","Julia","1",26.5294117647059,-13,FALSE
"Sub005_ToD","OA","Morning","Julia","2",18.8333333333333,-4.05555555555556,FALSE
"Sub005_ToD","OA","Morning","Julia","3",25.1666666666667,-11.8333333333333,FALSE
"Sub006_ToD","YA","Night","Julia","Overall",56.5454545454545,-7.59090909090909,FALSE
"Sub006_ToD","YA","Night","Julia","1",50.9333333333333,-3.86666666666667,FALSE
"Sub006_ToD","YA","Night","Julia","2",46.5333333333333,-22.4,FALSE
"Sub006_ToD","YA","Night","Julia","3",73.2857142857143,4.28571428571429,FALSE
"Sub007_ToD","OA","Night","Julia","Overall",17.65,4.68333333333333,FALSE
"Sub007_ToD","OA","Night","Julia","1",27.85,13.55,FALSE
"Sub007_ToD","OA","Night","Julia","2",10.55,2.05,FALSE
"Sub007_ToD","OA","Night","Julia","3",14.55,-1.55,FALSE
"Sub008_ToD","OA","Morning","Julia","Overall",47.2280701754386,-8.03508771929824,FALSE
"Sub008_ToD","OA","Morning","Julia","1",46.2777777777778,2.5,FALSE
"Sub008_ToD","OA","Morning","Julia","2",42.2,-4.7,FALSE
"Sub008_ToD","OA","Morning","Julia","3",53.4210526315789,-21.5263157894737,FALSE
"Sub009_ToD","YA","Night","Julia","Overall",34.0357142857143,13.5357142857143,FALSE
"Sub009_ToD","YA","Night","Julia","1",46.6,23.4,FALSE
"Sub009_ToD","YA","Night","Julia","2",32.125,-7.875,FALSE
"Sub009_ToD","YA","Night","Julia","3",23,20.8,FALSE
"Sub010_ToD","OA","Morning","Julia","Overall",18.6981132075472,-1.75471698113208,FALSE
"Sub010_ToD","OA","Morning","Julia","1",19.2857142857143,9.57142857142857,FALSE
"Sub010_ToD","OA","Morning","Julia","2",21.9473684210526,-4.78947368421053,FALSE
"Sub010_ToD","OA","Morning","Julia","3",15.2,-6.8,FALSE
"Sub011_ToD","OA","Morning","Julia","Overall",49.622641509434,0,FALSE
"Sub011_ToD","OA","Morning","Julia","1",40.2352941176471,2.11764705882353,FALSE
"Sub011_ToD","OA","Morning","Julia","2",51.6111111111111,-11.9444444444444,FALSE
"Sub011_ToD","OA","Morning","Julia","3",56.5,9.94444444444444,FALSE
"Sub012_ToD","OA","Night","Julia","Overall",30.9454545454545,7.85454545454545,FALSE
"Sub012_ToD","OA","Night","Julia","1",37.3333333333333,2.88888888888889,FALSE
"Sub012_ToD","OA","Night","Julia","2",32.3684210526316,24.3684210526316,FALSE
"Sub012_ToD","OA","Night","Julia","3",23.0555555555556,-4.61111111111111,FALSE
"Sub013_ToD","YA","Morning","Julia","Overall",12.6379310344828,-2.81034482758621,FALSE
"Sub013_ToD","YA","Morning","Julia","1",9.5,1.9,FALSE
"Sub013_ToD","YA","Morning","Julia","2",9.05,3.95,FALSE
"Sub013_ToD","YA","Morning","Julia","3",20.1111111111111,-15.5555555555556,FALSE
"Sub014_ToD","YA","Morning","Julia","Overall",30.26,-16.5,FALSE
"Sub014_ToD","YA","Morning","Julia","1",26.4375,-15.0625,FALSE
"Sub014_ToD","YA","Morning","Julia","2",17.4117647058824,10.2352941176471,FALSE
"Sub014_ToD","YA","Morning","Julia","3",46.7058823529412,-44.5882352941176,FALSE
"Sub015_ToD","OA","Night","Julia","Overall",25.5111111111111,-3.46666666666667,FALSE
"Sub015_ToD","OA","Night","Julia","1",32.4285714285714,4.14285714285714,FALSE
"Sub015_ToD","OA","Night","Julia","2",27.4285714285714,-18.8571428571429,FALSE
"Sub015_ToD","OA","Night","Julia","3",18.2352941176471,2.94117647058824,FALSE
"Sub016_ToD","YA","Night","Julia","Overall",33.188679245283,5.71698113207547,FALSE
"Sub016_ToD","YA","Night","Julia","1",43.6111111111111,-13.9444444444444,FALSE
"Sub016_ToD","YA","Night","Julia","2",41.125,21.75,FALSE
"Sub016_ToD","YA","Night","Julia","3",16.6315789473684,10.8421052631579,FALSE
"Sub017_ToD","OA","Morning","Julia","Overall",48.7222222222222,2.42592592592593,FALSE
"Sub017_ToD","OA","Morning","Julia","1",45.1111111111111,-9.55555555555556,FALSE
"Sub017_ToD","OA","Morning","Julia","2",35.3529411764706,-7,FALSE
"Sub017_ToD","OA","Morning","Julia","3",64.1052631578947,22.2105263157895,FALSE
"Sub018_ToD","OA","Night","Julia","Overall",32.2916666666667,-6.54166666666667,FALSE
"Sub018_ToD","OA","Night","Julia","1",33.875,0.125,FALSE
"Sub018_ToD","OA","Night","Julia","2",19.8125,4.1875,FALSE
"Sub018_ToD","OA","Night","Julia","3",43.1875,-23.9375,FALSE
"Sub019_ToD","YA","Morning","Julia","Overall",35.0535714285714,4.16071428571429,FALSE
"Sub019_ToD","YA","Morning","Julia","1",44.6875,24.3125,FALSE
"Sub019_ToD","YA","Morning","Julia","2",22.4,-3.2,FALSE
"Sub019_ToD","YA","Morning","Julia","3",40,-4.6,FALSE
"Sub020_ToD","OA","Morning","Julia","Overall",21.3529411764706,-4.05882352941176,FALSE
"Sub020_ToD","OA","Morning","Julia","1",28.5,-11.8333333333333,FALSE
"Sub020_ToD","OA","Morning","Julia","2",26.8125,4.3125,FALSE
"Sub020_ToD","OA","Morning","Julia","3",8.64705882352941,-3.70588235294118,FALSE
"Sub021_ToD","YA","Night","Julia","Overall",29.0175438596491,2.42105263157895,FALSE
"Sub021_ToD","YA","Night","Julia","1",39.7368421052632,6.78947368421053,FALSE
"Sub021_ToD","YA","Night","Julia","2",22.0555555555556,10.3888888888889,FALSE
"Sub021_ToD","YA","Night","Julia","3",25.1,-8.9,FALSE
"Sub022_ToD","YA","Night","Julia","Overall",26.5686274509804,-11,FALSE
"Sub022_ToD","YA","Night","Julia","1",34.6666666666667,-24.6666666666667,FALSE
"Sub022_ToD","YA","Night","Julia","2",15.4117647058824,-8.11764705882353,FALSE
"Sub022_ToD","YA","Night","Julia","3",29.3125,1.3125,FALSE
"Sub023_ToD","YA","Night","Julia","Overall",31.6666666666667,-10.5111111111111,FALSE
"Sub023_ToD","YA","Night","Julia","1",22.3333333333333,-1.26666666666667,FALSE
"Sub023_ToD","YA","Night","Julia","2",44.1875,-27.8125,FALSE
"Sub023_ToD","YA","Night","Julia","3",27.3571428571429,-0.642857142857143,FALSE
"Sub024_ToD","YA","Night","Julia","Overall",36.0681818181818,3.47727272727273,FALSE
"Sub024_ToD","YA","Night","Julia","1",47.9333333333333,7.13333333333333,FALSE
"Sub024_ToD","YA","Night","Julia","2",25.5625,-8.8125,FALSE
"Sub024_ToD","YA","Night","Julia","3",35.3076923076923,14.3846153846154,FALSE
"Sub025_ToD","OA","Morning","Julia","Overall",24.7708333333333,15.8958333333333,FALSE
"Sub025_ToD","OA","Morning","Julia","1",37.7692307692308,37.7692307692308,FALSE
"Sub025_ToD","OA","Morning","Julia","2",20.7058823529412,6,FALSE
"Sub025_ToD","OA","Morning","Julia","3",19.2222222222222,9.44444444444444,FALSE
"Sub026_ToD","YA","Morning","Julia","Overall",44.9074074074074,11.1296296296296,FALSE
"Sub026_ToD","YA","Morning","Julia","1",25,18.6666666666667,FALSE
"Sub026_ToD","YA","Morning","Julia","2",59.1578947368421,10.5263157894737,FALSE
"Sub026_ToD","YA","Morning","Julia","3",50.0588235294118,3.82352941176471,FALSE
"Sub027_ToD","OA","Night","Julia","Overall",30.3035714285714,-7.375,FALSE
"Sub027_ToD","OA","Night","Julia","1",38.5789473684211,-7.94736842105263,FALSE
"Sub027_ToD","OA","Night","Julia","2",28.75,-2.45,FALSE
"Sub027_ToD","OA","Night","Julia","3",22.8823529411765,-12.5294117647059,FALSE
"Sub028_ToD","OA","Night","Julia","Overall",69.6428571428571,1.14285714285714,FALSE
"Sub028_ToD","OA","Night","Julia","1",80.5555555555556,-13.3333333333333,FALSE
"Sub028_ToD","OA","Night","Julia","2",76.2222222222222,11.5555555555556,FALSE
"Sub028_ToD","OA","Night","Julia","3",53.9,4.8,FALSE
"Sub029_ToD","OA","Night","Julia","Overall",26.5185185185185,11.962962962963,FALSE
"Sub029_ToD","OA","Night","Julia","1",23.3125,4.6875,FALSE
"Sub029_ToD","OA","Night","Julia","2",28.6315789473684,18,FALSE
"Sub029_ToD","OA","Night","Julia","3",27.1052631578947,12.0526315789474,FALSE
"Sub030_ToD","OA","Night","Julia","Overall",38.7017543859649,-14.4912280701754,FALSE
"Sub030_ToD","OA","Night","Julia","1",42.0555555555556,-20.0555555555556,FALSE
"Sub030_ToD","OA","Night","Julia","2",46.8947368421053,-22.7894736842105,FALSE
"Sub030_ToD","OA","Night","Julia","3",27.9,-1.6,FALSE
"Sub031_ToD","OA","Night","Julia","Overall",19.3928571428571,-7.64285714285714,FALSE
"Sub031_ToD","OA","Night","Julia","1",23.8823529411765,-3.88235294117647,FALSE
"Sub031_ToD","OA","Night","Julia","2",26.25,-16.35,FALSE
"Sub031_ToD","OA","Night","Julia","3",8.1578947368421,-1.84210526315789,FALSE
"Sub032_ToD","YA","Morning","Julia","Overall",25.2127659574468,2.19148936170213,FALSE
"Sub032_ToD","YA","Morning","Julia","1",31.5882352941176,14.4117647058824,FALSE
"Sub032_ToD","YA","Morning","Julia","2",27.7333333333333,2,FALSE
"Sub032_ToD","YA","Morning","Julia","3",15.4666666666667,-11.4666666666667,FALSE
"Sub033_ToD","YA","Morning","Julia","Overall",24.6842105263158,-2.40350877192982,FALSE
"Sub033_ToD","YA","Morning","Julia","1",22.7894736842105,6.05263157894737,FALSE
"Sub033_ToD","YA","Morning","Julia","2",22.9473684210526,-17.8947368421053,FALSE
"Sub033_ToD","YA","Morning","Julia","3",28.3157894736842,4.63157894736842,FALSE
"Sub034_ToD","YA","Morning","Julia","Overall",73.1842105263158,18.0263157894737,FALSE
"Sub034_ToD","YA","Morning","Julia","1",57.4166666666667,19.75,FALSE
"Sub034_ToD","YA","Morning","Julia","2",78.3076923076923,-15.2307692307692,FALSE
"Sub034_ToD","YA","Morning","Julia","3",82.6153846153846,49.6923076923077,FALSE
"Sub035_ToD","YA","Night","Julia","Overall",44.8888888888889,-6.81481481481481,FALSE
"Sub035_ToD","YA","Night","Julia","1",67.9411764705882,-17.5882352941176,FALSE
"Sub035_ToD","YA","Night","Julia","2",36.8333333333333,8.61111111111111,FALSE
"Sub035_ToD","YA","Night","Julia","3",31.8947368421053,-11.7894736842105,FALSE
"Sub036_ToD","OA","Morning","Julia","Overall",62.7209302325581,2.34883720930233,FALSE
"Sub036_ToD","OA","Morning","Julia","1",71.3846153846154,-7.07692307692308,FALSE
"Sub036_ToD","OA","Morning","Julia","2",48.8666666666667,-9.13333333333333,FALSE
"Sub036_ToD","OA","Morning","Julia","3",69.0666666666667,22,FALSE
"Sub037_ToD","OA","Morning","Julia","Overall",57.8301886792453,-5.52830188679245,FALSE
"Sub037_ToD","OA","Morning","Julia","1",59.625,-26.625,FALSE
"Sub037_ToD","OA","Morning","Julia","2",61.2631578947368,-7.78947368421053,FALSE
"Sub037_ToD","OA","Morning","Julia","3",52.6111111111111,15.6111111111111,FALSE
"Sub038_ToD","YA","Morning","Julia","Overall",37.7551020408163,3.79591836734694,FALSE
"Sub038_ToD","YA","Morning","Julia","1",55.25,22.875,FALSE
"Sub038_ToD","YA","Morning","Julia","2",33.7142857142857,1.71428571428571,FALSE
"Sub038_ToD","YA","Morning","Julia","3",26,-10.7368421052632,FALSE
"Sub039_ToD","OA","Night","Julia","Overall",53.9230769230769,16.7307692307692,FALSE
"Sub039_ToD","OA","Night","Julia","1",43.2941176470588,13.7647058823529,FALSE
"Sub039_ToD","OA","Night","Julia","2",69.2222222222222,25.4444444444444,FALSE
"Sub039_ToD","OA","Night","Julia","3",48.3529411764706,10.4705882352941,FALSE
"Sub040_ToD","OA","Night","Julia","Overall",53.5957446808511,5.21276595744681,FALSE
"Sub040_ToD","OA","Night","Julia","1",83.7857142857143,4.07142857142857,FALSE
"Sub040_ToD","OA","Night","Julia","2",45.5294117647059,7.41176470588235,FALSE
"Sub040_ToD","OA","Night","Julia","3",35.75,3.875,FALSE
"Sub041_ToD","YA","Morning","Julia","Overall",44.5641025641026,15.3846153846154,FALSE
"Sub041_ToD","YA","Morning","Julia","1",40.5,1.35714285714286,FALSE
"Sub041_ToD","YA","Morning","Julia","2",40.8461538461538,34.0769230769231,FALSE
"Sub041_ToD","YA","Morning","Julia","3",53.3333333333333,11.5,FALSE
"Sub042_ToD","YA","Morning","Julia","Overall",29,2.40540540540541,FALSE
"Sub042_ToD","YA","Morning","Julia","1",36.4166666666667,-6.75,FALSE
"Sub042_ToD","YA","Morning","Julia","2",36.9166666666667,9.08333333333333,FALSE
"Sub042_ToD","YA","Morning","Julia","3",14.8461538461538,4.69230769230769,FALSE
"Sub043_ToD","OA","Night","Julia","Overall",50.5476190476191,-7.97619047619048,FALSE
"Sub043_ToD","OA","Night","Julia","1",66.4166666666667,10.4166666666667,FALSE
"Sub043_ToD","OA","Night","Julia","2",23.6428571428571,-11.6428571428571,FALSE
"Sub043_ToD","OA","Night","Julia","3",62.1875,-18.5625,FALSE
"Sub044_ToD","YA","Night","Julia","Overall",42.2777777777778,-2.72222222222222,FALSE
"Sub044_ToD","YA","Night","Julia","1",49.1578947368421,-10.5263157894737,FALSE
"Sub044_ToD","YA","Night","Julia","2",29.5,6.83333333333333,FALSE
"Sub044_ToD","YA","Night","Julia","3",48.1176470588235,-4.11764705882353,FALSE
"Sub045_ToD","OA","Night","Julia","Overall",52.6923076923077,12.6153846153846,FALSE
"Sub045_ToD","OA","Night","Julia","1",64.2222222222222,32.2222222222222,FALSE
"Sub045_ToD","OA","Night","Julia","2",28.25,12.375,FALSE
"Sub045_ToD","OA","Night","Julia","3",62.8888888888889,-6.77777777777778,FALSE
"Sub046_ToD","OA","Morning","Julia","Overall",9.33333333333333,-2.21052631578947,FALSE
"Sub046_ToD","OA","Morning","Julia","1",8.58823529411765,0,FALSE
"Sub046_ToD","OA","Morning","Julia","2",9.6,-2.7,FALSE
"Sub046_ToD","OA","Morning","Julia","3",9.7,-3.6,FALSE
"Sub047_ToD","YA","Morning","Julia","Overall",51.525,-8.225,FALSE
"Sub047_ToD","YA","Morning","Julia","1",49.4705882352941,0.647058823529412,FALSE
"Sub047_ToD","YA","Morning","Julia","2",72.6666666666667,-11.7777777777778,FALSE
"Sub047_ToD","YA","Morning","Julia","3",40.4285714285714,-16.7142857142857,FALSE
"Sub048_ToD","YA","Night","Julia","Overall",31.8541666666667,-0.6875,FALSE
"Sub048_ToD","YA","Night","Julia","1",34.2666666666667,5.86666666666667,FALSE
"Sub048_ToD","YA","Night","Julia","2",43.5,-9.75,FALSE
"Sub048_ToD","YA","Night","Julia","3",18.7647058823529,2.05882352941176,FALSE
"Sub049_ToD","OA","Night","Julia","Overall",65.9761904761905,-7.35714285714286,FALSE
"Sub049_ToD","OA","Night","Julia","1",52.2727272727273,-23.9090909090909,FALSE
"Sub049_ToD","OA","Night","Julia","2",73.625,0.5,FALSE
"Sub049_ToD","OA","Night","Julia","3",67.8666666666667,-3.6,FALSE
"Sub050_ToD","YA","Morning","Julia","Overall",28.4259259259259,-14.462962962963,FALSE
"Sub050_ToD","YA","Morning","Julia","1",27.4210526315789,-11,FALSE
"Sub050_ToD","YA","Morning","Julia","2",23.8235294117647,-4.52941176470588,FALSE
"Sub050_ToD","YA","Morning","Julia","3",33.8333333333333,-27.5,FALSE
"Sub051_ToD","YA","Night","Julia","Overall",54.0952380952381,-1.42857142857143,FALSE
"Sub051_ToD","YA","Night","Julia","1",49.9230769230769,25.9230769230769,FALSE
"Sub051_ToD","YA","Night","Julia","2",61.0714285714286,-9.21428571428571,FALSE
"Sub051_ToD","YA","Night","Julia","3",51.2,-17.8666666666667,FALSE
"Sub052_ToD","YA","Morning","Julia","Overall",71.1860465116279,11.046511627907,FALSE
"Sub052_ToD","YA","Morning","Julia","1",49.6153846153846,13.3076923076923,FALSE
"Sub052_ToD","YA","Morning","Julia","2",73,24.7142857142857,FALSE
"Sub052_ToD","YA","Morning","Julia","3",87.125,-2.75,FALSE
"Sub053_ToD","YA","Night","Julia","Overall",68.52,12.56,FALSE
"Sub053_ToD","YA","Night","Julia","1",59.4,39.8,FALSE
"Sub053_ToD","YA","Night","Julia","2",76.1578947368421,2.68421052631579,FALSE
"Sub053_ToD","YA","Night","Julia","3",68,-1.25,FALSE
"Sub054_ToD","OA","Morning","Julia","Overall",48.4186046511628,-11.5348837209302,FALSE
"Sub054_ToD","OA","Morning","Julia","1",47.8,-12.6,FALSE
"Sub054_ToD","OA","Morning","Julia","2",39.6470588235294,-10.5882352941176,FALSE
"Sub054_ToD","OA","Morning","Julia","3",58.125,-11.875,FALSE
"Sub055_ToD","OA","Morning","Julia","Overall",73.4237288135593,9.35593220338983,FALSE
"Sub055_ToD","OA","Morning","Julia","1",62.45,0.85,FALSE
"Sub055_ToD","OA","Morning","Julia","2",79.25,4.55,FALSE
"Sub055_ToD","OA","Morning","Julia","3",78.8421052631579,23.3684210526316,FALSE
"Sub056_ToD","OA","Morning","Julia","Overall",14.2542372881356,-1.44067796610169,FALSE
"Sub056_ToD","OA","Morning","Julia","1",12.6315789473684,2.63157894736842,FALSE
"Sub056_ToD","OA","Morning","Julia","2",19.2,-8.8,FALSE
"Sub056_ToD","OA","Morning","Julia","3",10.85,2.05,FALSE
"Sub057_ToD","OA","Morning","Julia","Overall",44.4333333333333,12.3,FALSE
"Sub057_ToD","OA","Morning","Julia","1",23,6.81818181818182,FALSE
"Sub057_ToD","OA","Morning","Julia","2",78.7,45.7,FALSE
"Sub057_ToD","OA","Morning","Julia","3",32.5555555555556,-18.1111111111111,FALSE
"Sub058_ToD","OA","Morning","Julia","Overall",25.7307692307692,-4.88461538461539,FALSE
"Sub058_ToD","OA","Morning","Julia","1",26.7058823529412,-5.76470588235294,FALSE
"Sub058_ToD","OA","Morning","Julia","2",14.2777777777778,-0.166666666666667,FALSE
"Sub058_ToD","OA","Morning","Julia","3",36.8823529411765,-9,FALSE
"Sub059_ToD","YA","Night","Julia","Overall",30,10.5964912280702,FALSE
"Sub059_ToD","YA","Night","Julia","1",26.6111111111111,2.27777777777778,FALSE
"Sub059_ToD","YA","Night","Julia","2",30.45,24.85,FALSE
"Sub059_ToD","YA","Night","Julia","3",32.7368421052632,3.47368421052632,FALSE
"Sub060_ToD","OA","Morning","Julia","Overall",55.5151515151515,-1.33333333333333,FALSE
"Sub060_ToD","OA","Morning","Julia","1",64.3333333333333,-8.73333333333333,FALSE
"Sub060_ToD","OA","Morning","Julia","2",41.7,-10.7,FALSE
"Sub060_ToD","OA","Morning","Julia","3",56.25,24.25,FALSE
"Sub061_ToD","YA","Morning","Julia","Overall",23.5,-1.32758620689655,FALSE
"Sub061_ToD","YA","Morning","Julia","1",40.1111111111111,0.888888888888889,FALSE
"Sub061_ToD","YA","Morning","Julia","2",17.7,-2.5,FALSE
"Sub061_ToD","YA","Morning","Julia","3",14.35,-2.15,FALSE
"Sub062_ToD","OA","Night","Julia","Overall",31.4791666666667,9.85416666666667,FALSE
"Sub062_ToD","OA","Night","Julia","1",53.2666666666667,14.2,FALSE
"Sub062_ToD","OA","Night","Julia","2",22.3529411764706,18,FALSE
"Sub062_ToD","OA","Night","Julia","3",20.75,-2.875,FALSE
"Sub063_ToD","YA","Night","Julia","Overall",53.8095238095238,7.71428571428571,FALSE
"Sub063_ToD","YA","Night","Julia","1",38,12.6666666666667,FALSE
"Sub063_ToD","YA","Night","Julia","2",55.3333333333333,39.7777777777778,FALSE
"Sub063_ToD","YA","Night","Julia","3",67.3333333333333,-45.3333333333333,FALSE
"Sub064_ToD","OA","Night","Julia","Overall",27.8,8.02222222222222,FALSE
"Sub064_ToD","OA","Night","Julia","1",22.9166666666667,-2.91666666666667,FALSE
"Sub064_ToD","OA","Night","Julia","2",16.0588235294118,2.64705882352941,FALSE
"Sub064_ToD","OA","Night","Julia","3",43.9375,21.9375,FALSE
"Sub065_ToD","YA","Morning","Julia","Overall",74.5909090909091,-8.40909090909091,FALSE
"Sub065_ToD","YA","Morning","Julia","1",71,-18.7333333333333,FALSE
"Sub065_ToD","YA","Morning","Julia","2",76.5625,14.0625,FALSE
"Sub065_ToD","YA","Morning","Julia","3",76.3076923076923,-24.1538461538462,FALSE
"Sub066_ToD","YA","Night","Julia","Overall",96.9428571428571,-6.37142857142857,FALSE
"Sub066_ToD","YA","Night","Julia","1",92.7857142857143,-15.2142857142857,FALSE
"Sub066_ToD","YA","Night","Julia","2",98.9090909090909,17.8181818181818,FALSE
"Sub066_ToD","YA","Night","Julia","3",100.6,-20.6,FALSE
"Sub067_ToD","OA","Night","Julia","Overall",20.1538461538462,8.76923076923077,FALSE
"Sub067_ToD","OA","Night","Julia","1",34.2666666666667,13.7333333333333,FALSE
"Sub067_ToD","OA","Night","Julia","2",18.7777777777778,9.66666666666667,FALSE
"Sub067_ToD","OA","Night","Julia","3",10.3157894736842,4,FALSE
"Sub068_ToD","YA","Morning","Julia","Overall",13.9787234042553,-0.659574468085106,FALSE
"Sub068_ToD","YA","Morning","Julia","1",15.25,-3.5,FALSE
"Sub068_ToD","YA","Morning","Julia","2",17.2105263157895,2.89473684210526,FALSE
"Sub068_ToD","YA","Morning","Julia","3",7.16666666666667,-2.5,FALSE
"Sub069_ToD","OA","Night","Julia","Overall",47.8627450980392,6.56862745098039,FALSE
"Sub069_ToD","OA","Night","Julia","1",45.5,16.625,FALSE
"Sub069_ToD","OA","Night","Julia","2",64.6470588235294,3.82352941176471,FALSE
"Sub069_ToD","OA","Night","Julia","3",34.1111111111111,0.222222222222222,FALSE
"Sub070_ToD","YA","Morning","Julia","Overall",31.9074074074074,-12.7222222222222,FALSE
"Sub070_ToD","YA","Morning","Julia","1",32.8333333333333,-29.3888888888889,FALSE
"Sub070_ToD","YA","Morning","Julia","2",30.7368421052632,-10.7368421052632,FALSE
"Sub070_ToD","YA","Morning","Julia","3",32.2352941176471,2.70588235294118,FALSE
"Sub071_ToD","YA","Night","Julia","Overall",33.4909090909091,-6.07272727272727,FALSE
"Sub071_ToD","YA","Night","Julia","1",38.3684210526316,-11.5263157894737,FALSE
"Sub071_ToD","YA","Night","Julia","2",25.3333333333333,6.55555555555556,FALSE
"Sub071_ToD","YA","Night","Julia","3",36.5,-12.9444444444444,FALSE
"Sub072_ToD","OA","Morning","Julia","Overall",36.8076923076923,-1.73076923076923,FALSE
"Sub072_ToD","OA","Morning","Julia","1",46.6428571428571,22.0714285714286,FALSE
"Sub072_ToD","OA","Morning","Julia","2",42.85,-3.55,FALSE
"Sub072_ToD","OA","Morning","Julia","3",22.4444444444444,-18.2222222222222,FALSE
"Sub073_ToD","OA","Night","Julia","Overall",79.3333333333333,22.952380952381,FALSE
"Sub073_ToD","OA","Night","Julia","1",57.75,25.5,FALSE
"Sub073_ToD","OA","Night","Julia","2",133.5,-4.5,TRUE
"Sub073_ToD","OA","Night","Julia","3",85.1818181818182,26.0909090909091,FALSE
"Sub074_ToD","OA","Morning","Julia","Overall",45.6666666666667,-17.4166666666667,FALSE
"Sub074_ToD","OA","Morning","Julia","1",59.8571428571429,1,FALSE
"Sub074_ToD","OA","Morning","Julia","2",50.5555555555556,-25.6666666666667,FALSE
"Sub074_ToD","OA","Morning","Julia","3",27.75,-24.25,FALSE
"Sub075_ToD","OA","Night","Julia","Overall",27.7222222222222,-0.0555555555555556,FALSE
"Sub075_ToD","OA","Night","Julia","1",23.0588235294118,-2.82352941176471,FALSE
"Sub075_ToD","OA","Night","Julia","2",23.8888888888889,4.66666666666667,FALSE
"Sub075_ToD","OA","Night","Julia","3",35.5263157894737,-2.05263157894737,FALSE
"Sub076_ToD","YA","Night","Julia","Overall",56.9811320754717,-12.7924528301887,FALSE
"Sub076_ToD","YA","Night","Julia","1",38.75,-0.5,FALSE
"Sub076_ToD","YA","Night","Julia","2",69.8333333333333,-35.6111111111111,FALSE
"Sub076_ToD","YA","Night","Julia","3",60.1578947368421,-1.52631578947368,FALSE
"Sub077_ToD","OA","Morning","Julia","Overall",38.0545454545455,8.92727272727273,FALSE
"Sub077_ToD","OA","Morning","Julia","1",33.6315789473684,12.5789473684211,FALSE
"Sub077_ToD","OA","Morning","Julia","2",45.0588235294118,4.47058823529412,FALSE
"Sub077_ToD","OA","Morning","Julia","3",36.2105263157895,9.26315789473684,FALSE
"Sub078_ToD","YA","Night","Julia","Overall",51.6,-12.36,FALSE
"Sub078_ToD","YA","Night","Julia","1",32.5882352941176,-14.8235294117647,FALSE
"Sub078_ToD","YA","Night","Julia","2",65.2352941176471,-4.41176470588235,FALSE
"Sub078_ToD","YA","Night","Julia","3",57.3125,-18.1875,FALSE
"Sub079_ToD","OA","Morning","Julia","Overall",37.58,-4.14,FALSE
"Sub079_ToD","OA","Morning","Julia","1",38.8333333333333,9.83333333333333,FALSE
"Sub079_ToD","OA","Morning","Julia","2",27.9411764705882,-18.6470588235294,FALSE
"Sub079_ToD","OA","Morning","Julia","3",47,-4.46666666666667,FALSE
"Sub080_ToD","OA","Night","Julia","Overall",36.843137254902,-11,FALSE
"Sub080_ToD","OA","Night","Julia","1",38.4285714285714,-24.4285714285714,FALSE
"Sub080_ToD","OA","Night","Julia","2",45.7647058823529,-24.3529411764706,FALSE
"Sub080_ToD","OA","Night","Julia","3",28.15,9.75,FALSE
"Sub081_ToD","OA","Night","Julia","Overall",22.4339622641509,4.24528301886792,FALSE
"Sub081_ToD","OA","Night","Julia","1",35.4666666666667,-0.666666666666667,FALSE
"Sub081_ToD","OA","Night","Julia","2",18.2105263157895,4.84210526315789,FALSE
"Sub081_ToD","OA","Night","Julia","3",16.3684210526316,7.52631578947368,FALSE
"Sub082_ToD","YA","Morning","Julia","Overall",33.875,18.975,FALSE
"Sub082_ToD","YA","Morning","Julia","1",24.8,19.7333333333333,FALSE
"Sub082_ToD","YA","Morning","Julia","2",23.8571428571429,16.5714285714286,FALSE
"Sub082_ToD","YA","Morning","Julia","3",59,21,FALSE
"Sub083_ToD","OA","Morning","Julia","Overall",27.5357142857143,-6.42857142857143,FALSE
"Sub083_ToD","OA","Morning","Julia","1",31.8,-12.8,FALSE
"Sub083_ToD","OA","Morning","Julia","2",26.7647058823529,11.2352941176471,FALSE
"Sub083_ToD","OA","Morning","Julia","3",23.7368421052632,-15.5263157894737,FALSE
"Sub084_ToD","YA","Morning","Julia","Overall",30.6428571428571,18.8571428571429,FALSE
"Sub084_ToD","YA","Morning","Julia","1",32.6111111111111,21.3888888888889,FALSE
"Sub084_ToD","YA","Morning","Julia","2",32.4210526315789,12.4210526315789,FALSE
"Sub084_ToD","YA","Morning","Julia","3",27,22.8947368421053,FALSE
"Sub085_ToD","YA","Morning","Julia","Overall",34.6,-8.85,FALSE
"Sub085_ToD","YA","Morning","Julia","1",36,-24,FALSE
"Sub085_ToD","YA","Morning","Julia","2",34.8461538461538,-2.23076923076923,FALSE
"Sub085_ToD","YA","Morning","Julia","3",32.8461538461538,0.846153846153846,FALSE
"Sub086_ToD","YA","Morning","Julia","Overall",30.94,5.22,FALSE
"Sub086_ToD","YA","Morning","Julia","1",23.2,11.0666666666667,FALSE
"Sub086_ToD","YA","Morning","Julia","2",34.9411764705882,4.47058823529412,FALSE
"Sub086_ToD","YA","Morning","Julia","3",33.6111111111111,1.05555555555556,FALSE
"Sub087_ToD","YA","Morning","Julia","Overall",36.6153846153846,-6.38461538461539,FALSE
"Sub087_ToD","YA","Morning","Julia","1",29.625,15.125,FALSE
"Sub087_ToD","YA","Morning","Julia","2",48.8888888888889,-42.6666666666667,FALSE
"Sub087_ToD","YA","Morning","Julia","3",30.5555555555556,10.7777777777778,FALSE
"Sub088_ToD","YA","Morning","Julia","Overall",21.2758620689655,-2.89655172413793,FALSE
"Sub088_ToD","YA","Morning","Julia","1",25.2105263157895,-11.4210526315789,FALSE
"Sub088_ToD","YA","Morning","Julia","2",27.4,2.4,FALSE
"Sub088_ToD","YA","Morning","Julia","3",10.8947368421053,0.0526315789473684,FALSE
"Sub089_ToD","OA","Morning","Julia","Overall",8.7,-3.93333333333333,FALSE
"Sub089_ToD","OA","Morning","Julia","1",8.05,-5.05,FALSE
"Sub089_ToD","OA","Morning","Julia","2",9.05,-2.25,FALSE
"Sub089_ToD","OA","Morning","Julia","3",9,-4.5,FALSE
"Sub090_ToD","OA","Morning","Julia","Overall",46.9591836734694,15.1632653061224,FALSE
"Sub090_ToD","OA","Morning","Julia","1",67.8125,26.5625,FALSE
"Sub090_ToD","OA","Morning","Julia","2",37.5625,6.8125,FALSE
"Sub090_ToD","OA","Morning","Julia","3",36.1764705882353,12.2941176470588,FALSE
"Sub091_ToD","YA","Morning","Julia","Overall",39.9090909090909,22.8909090909091,FALSE
"Sub091_ToD","YA","Morning","Julia","1",40.5,13.3,FALSE
"Sub091_ToD","YA","Morning","Julia","2",41.5789473684211,23.7894736842105,FALSE
"Sub091_ToD","YA","Morning","Julia","3",37.1875,33.8125,FALSE
"Sub092_ToD","OA","Night","Julia","Overall",12.1481481481481,2.66666666666667,FALSE
"Sub092_ToD","OA","Night","Julia","1",10.8888888888889,1.66666666666667,FALSE
"Sub092_ToD","OA","Night","Julia","2",8.05882352941176,-4.76470588235294,FALSE
"Sub092_ToD","OA","Night","Julia","3",17,10.2631578947368,FALSE
"Sub093_ToD","OA","Night","Julia","Overall",23.4821428571429,-6.375,FALSE
"Sub093_ToD","OA","Night","Julia","1",22.6315789473684,-7.47368421052632,FALSE
"Sub093_ToD","OA","Night","Julia","2",24.5789473684211,-5.21052631578947,FALSE
"Sub093_ToD","OA","Night","Julia","3",23.2222222222222,-6.44444444444444,FALSE
"Sub094_ToD","YA","Night","Julia","Overall",21.9491525423729,-11.135593220339,FALSE
"Sub094_ToD","YA","Night","Julia","1",16.7368421052632,6,FALSE
"Sub094_ToD","YA","Night","Julia","2",27.5,-22.4,FALSE
"Sub094_ToD","YA","Night","Julia","3",21.35,-16.15,FALSE
"Sub095_ToD","YA","Night","Julia","Overall",42.2222222222222,-9.48148148148148,FALSE
"Sub095_ToD","YA","Night","Julia","1",39.3,-27.9,FALSE
"Sub095_ToD","YA","Night","Julia","2",32.8888888888889,-16.4444444444444,FALSE
"Sub095_ToD","YA","Night","Julia","3",56.375,21.375,FALSE
"Sub096_ToD","YA","Night","Julia","Overall",22.0833333333333,-1.125,FALSE
"Sub096_ToD","YA","Night","Julia","1",10.4705882352941,2.35294117647059,FALSE
"Sub096_ToD","YA","Night","Julia","2",23,-3.66666666666667,FALSE
"Sub096_ToD","YA","Night","Julia","3",36,-2.15384615384615,FALSE
"Sub097_ToD","YA","Night","Julia","Overall",48.6875,-17.3125,FALSE
"Sub097_ToD","YA","Night","Julia","1",47.4117647058824,-26.8235294117647,FALSE
"Sub097_ToD","YA","Night","Julia","2",42.2941176470588,-0.176470588235294,FALSE
"Sub097_ToD","YA","Night","Julia","3",58,-26.5714285714286,FALSE
"Sub098_ToD","YA","Night","Julia","Overall",65.7666666666667,0.566666666666667,FALSE
"Sub098_ToD","YA","Night","Julia","1",64.6,5,FALSE
"Sub098_ToD","YA","Night","Julia","2",89,-7.54545454545455,FALSE
"Sub098_ToD","YA","Night","Julia","3",38.6666666666667,5.55555555555556,FALSE
"Sub099_ToD","OA","Night","Julia","Overall",17.9107142857143,6.16071428571429,FALSE
"Sub099_ToD","OA","Night","Julia","1",8.4,2.7,FALSE
"Sub099_ToD","OA","Night","Julia","2",23.5555555555556,12.7777777777778,FALSE
"Sub099_ToD","OA","Night","Julia","3",22.8333333333333,3.38888888888889,FALSE
"Sub100_ToD","OA","Night","Julia","Overall",45.6756756756757,-2.48648648648649,FALSE
"Sub100_ToD","OA","Night","Julia","1",54.1666666666667,-8.16666666666667,FALSE
"Sub100_ToD","OA","Night","Julia","2",38.8461538461538,-5,FALSE
"Sub100_ToD","OA","Night","Julia","3",44.5833333333333,5.91666666666667,FALSE
"Sub101_ToD","OA","Night","Julia","Overall",24.2745098039216,3.76470588235294,FALSE
"Sub101_ToD","OA","Night","Julia","1",15.2307692307692,5.38461538461539,FALSE
"Sub101_ToD","OA","Night","Julia","2",33.6111111111111,0.833333333333333,FALSE
"Sub101_ToD","OA","Night","Julia","3",21.75,5.35,FALSE
"Sub102_ToD","YA","Night","Julia","Overall",43.3818181818182,-9.74545454545455,FALSE
"Sub102_ToD","YA","Night","Julia","1",50.3157894736842,-7.68421052631579,FALSE
"Sub102_ToD","YA","Night","Julia","2",49.5263157894737,-8.47368421052632,FALSE
"Sub102_ToD","YA","Night","Julia","3",28.7647058823529,-13.4705882352941,FALSE
"Sub103_ToD","YA","Night","Julia","Overall",60.6,6.15555555555556,FALSE
"Sub103_ToD","YA","Night","Julia","1",45,22.5555555555556,FALSE
"Sub103_ToD","YA","Night","Julia","2",72.0666666666667,-15.5333333333333,FALSE
"Sub103_ToD","YA","Night","Julia","3",69.6666666666667,8.66666666666667,FALSE
"Sub104_ToD","OA","Night","Julia","Overall",19.2291666666667,2.39583333333333,FALSE
"Sub104_ToD","OA","Night","Julia","1",24.5555555555556,-2.88888888888889,FALSE
"Sub104_ToD","OA","Night","Julia","2",17.1333333333333,8.46666666666667,FALSE
"Sub104_ToD","OA","Night","Julia","3",14.9333333333333,2.66666666666667,FALSE
"Sub105_ToD","YA","Morning","Julia","Overall",52.9411764705882,5.82352941176471,FALSE
"Sub105_ToD","YA","Morning","Julia","1",56.2142857142857,24.5,FALSE
"Sub105_ToD","YA","Morning","Julia","2",56.7272727272727,-36.5454545454545,FALSE
"Sub105_ToD","YA","Morning","Julia","3",43.2222222222222,28.5555555555556,FALSE
"Sub106_ToD","YA","Morning","Julia","Overall",41.0526315789474,-3.92982456140351,FALSE
"Sub106_ToD","YA","Morning","Julia","1",39.7222222222222,4.38888888888889,FALSE
"Sub106_ToD","YA","Morning","Julia","2",51.45,-8.65,FALSE
"Sub106_ToD","YA","Morning","Julia","3",31.3684210526316,-6.84210526315789,FALSE
"Sub107_ToD","YA","Morning","Julia","Overall",33.9130434782609,-2.17391304347826,FALSE
"Sub107_ToD","YA","Morning","Julia","1",49.3333333333333,26.4,FALSE
"Sub107_ToD","YA","Morning","Julia","2",38.5333333333333,-26.4,FALSE
"Sub107_ToD","YA","Morning","Julia","3",15.125,-6.25,FALSE
"Sub108_ToD","YA","Night","Julia","Overall",33.3090909090909,-10.0363636363636,FALSE
"Sub108_ToD","YA","Night","Julia","1",22.8823529411765,-0.0588235294117647,FALSE
"Sub108_ToD","YA","Night","Julia","2",31.3333333333333,-14.2222222222222,FALSE
"Sub108_ToD","YA","Night","Julia","3",43.95,-14.75,FALSE
"Sub109_ToD","OA","Morning","Julia","Overall",63.5384615384615,9.69230769230769,FALSE
"Sub109_ToD","OA","Morning","Julia","1",78.75,4.5,FALSE
"Sub109_ToD","OA","Morning","Julia","2",61.1428571428571,59.1428571428571,FALSE
"Sub109_ToD","OA","Morning","Julia","3",54,-18,FALSE
"Sub110_ToD","OA","Morning","Julia","Overall",25.6938775510204,-0.755102040816326,FALSE
"Sub110_ToD","OA","Morning","Julia","1",22,2.35294117647059,FALSE
"Sub110_ToD","OA","Morning","Julia","2",42.8125,-11.4375,FALSE
"Sub110_ToD","OA","Morning","Julia","3",12.5,6.625,FALSE
"Sub111_ToD","OA","Morning","Julia","Overall",11.7068965517241,2.22413793103448,FALSE
"Sub111_ToD","OA","Morning","Julia","1",22.7777777777778,-0.111111111111111,FALSE
"Sub111_ToD","OA","Morning","Julia","2",6.85,3.95,FALSE
"Sub111_ToD","OA","Morning","Julia","3",6.6,2.6,FALSE
"Sub112_ToD","OA","Morning","Julia","Overall",7.6,-1.09090909090909,FALSE
"Sub112_ToD","OA","Morning","Julia","1",9.52631578947368,-2.57894736842105,FALSE
"Sub112_ToD","OA","Morning","Julia","2",6.77777777777778,-2.33333333333333,FALSE
"Sub112_ToD","OA","Morning","Julia","3",6.38888888888889,1.72222222222222,FALSE
"Sub113_ToD","OA","Night","Julia","Overall",38.8928571428571,3.53571428571429,FALSE
"Sub113_ToD","OA","Night","Julia","1",46.2631578947368,-9.31578947368421,FALSE
"Sub113_ToD","OA","Night","Julia","2",27.6315789473684,-0.368421052631579,FALSE
"Sub113_ToD","OA","Night","Julia","3",43,21.2222222222222,FALSE
"Sub114_ToD","YA","Night","Julia","Overall",46.3076923076923,8.46153846153846,FALSE
"Sub114_ToD","YA","Night","Julia","1",27.4705882352941,-12.5294117647059,FALSE
"Sub114_ToD","YA","Night","Julia","2",44.7647058823529,-2.76470588235294,FALSE
"Sub114_ToD","YA","Night","Julia","3",65.5555555555556,38.8888888888889,FALSE
"Sub115_ToD","YA","Morning","Julia","Overall",52.5428571428571,-3.68571428571429,FALSE
"Sub115_ToD","YA","Morning","Julia","1",48.6428571428571,2.21428571428571,FALSE
"Sub115_ToD","YA","Morning","Julia","2",52.4545454545455,-23.1818181818182,FALSE
"Sub115_ToD","YA","Morning","Julia","3",58.1,9.5,FALSE
"Sub116_ToD","OA","Morning","Julia","Overall",13.3620689655172,-1.91379310344828,FALSE
"Sub116_ToD","OA","Morning","Julia","1",17.2777777777778,-10.6111111111111,FALSE
"Sub116_ToD","OA","Morning","Julia","2",11.35,2.15,FALSE
"Sub116_ToD","OA","Morning","Julia","3",11.85,1.85,FALSE
"Sub117_ToD","YA","Morning","Julia","Overall",65.6904761904762,-14.6428571428571,FALSE
"Sub117_ToD","YA","Morning","Julia","1",44.0625,-4.5625,FALSE
"Sub117_ToD","YA","Morning","Julia","2",42.1111111111111,5.22222222222222,FALSE
"Sub117_ToD","YA","Morning","Julia","3",98.5294117647059,-34.6470588235294,FALSE
"Sub118_ToD","YA","Morning","Julia","Overall",41.2222222222222,17.8,FALSE
"Sub118_ToD","YA","Morning","Julia","1",20.2307692307692,5.46153846153846,FALSE
"Sub118_ToD","YA","Morning","Julia","2",36.875,2.375,FALSE
"Sub118_ToD","YA","Morning","Julia","3",62.625,43.25,FALSE
"Sub119_ToD","OA","Morning","Julia","Overall",33.0566037735849,-11.4339622641509,FALSE
"Sub119_ToD","OA","Morning","Julia","1",39.1176470588235,-7.47058823529412,FALSE
"Sub119_ToD","OA","Morning","Julia","2",40.8823529411765,-19.3529411764706,FALSE
"Sub119_ToD","OA","Morning","Julia","3",20.6315789473684,-7.89473684210526,FALSE
"Sub120_ToD","YA","Night","Julia","Overall",37.6341463414634,6.60975609756098,FALSE
"Sub120_ToD","YA","Night","Julia","1",12.2666666666667,4.13333333333333,FALSE
"Sub120_ToD","YA","Night","Julia","2",40.3846153846154,-1.15384615384615,FALSE
"Sub120_ToD","YA","Night","Julia","3",64.1538461538462,17.2307692307692,FALSE
"Sub121_ToD","OA","Night","Julia","Overall",44.1891891891892,-1.16216216216216,FALSE
"Sub121_ToD","OA","Night","Julia","1",49,-14.5,FALSE
"Sub121_ToD","OA","Night","Julia","2",37.6363636363636,9.27272727272727,FALSE
"Sub121_ToD","OA","Night","Julia","3",45.2142857142857,2.07142857142857,FALSE
"Sub122_ToD","YA","Night","Julia","Overall",89.7272727272727,-8.09090909090909,FALSE
"Sub122_ToD","YA","Night","Julia","1",60.1818181818182,-16,FALSE
"Sub122_ToD","YA","Night","Julia","2",130.125,-13.625,TRUE
"Sub122_ToD","YA","Night","Julia","3",90.3333333333333,35.6666666666667,FALSE
"Sub123_ToD","OA","Morning","Julia","Overall",12.6511627906977,-0.465116279069767,FALSE
"Sub123_ToD","OA","Morning","Julia","1",17.5833333333333,-14.4166666666667,FALSE
"Sub123_ToD","OA","Morning","Julia","2",13.7333333333333,8.26666666666667,FALSE
"Sub123_ToD","OA","Morning","Julia","3",7.9375,1.8125,FALSE
"Sub124_ToD","YA","Night","Julia","Overall",21.7,0.1,FALSE
"Sub124_ToD","YA","Night","Julia","1",26.95,-15.95,FALSE
"Sub124_ToD","YA","Night","Julia","2",16.35,5.15,FALSE
"Sub124_ToD","YA","Night","Julia","3",21.8,11.1,FALSE
"Sub125_ToD","YA","Night","Maheria","Overall",48.6590909090909,-5.75,FALSE
"Sub125_ToD","YA","Night","Maheria","1",55.0833333333333,-0.416666666666667,FALSE
"Sub125_ToD","YA","Night","Maheria","2",42.0588235294118,-9.47058823529412,FALSE
"Sub125_ToD","YA","Night","Maheria","3",51,-5.8,FALSE
"Sub126_ToD","OA","Morning","Maheria","Overall",74.0294117647059,-4.79411764705882,FALSE
"Sub126_ToD","OA","Morning","Maheria","1",57.9090909090909,1.72727272727273,FALSE
"Sub126_ToD","OA","Morning","Maheria","2",86.5555555555556,-45.8888888888889,FALSE
"Sub126_ToD","OA","Morning","Maheria","3",78.6428571428571,16.5,FALSE
"Sub127_ToD","OA","Morning","Maheria","Overall",85.6382978723404,7.51063829787234,FALSE
"Sub127_ToD","OA","Morning","Maheria","1",71.1333333333333,-39.5333333333333,FALSE
"Sub127_ToD","OA","Morning","Maheria","2",96.7647058823529,-2.88235294117647,FALSE
"Sub127_ToD","OA","Morning","Maheria","3",87.5333333333333,66.3333333333333,FALSE
"Sub128_ToD","YA","Morning","Maheria","Overall",28,9.2,FALSE
"Sub128_ToD","YA","Morning","Maheria","1",38.9411764705882,29.8823529411765,FALSE
"Sub128_ToD","YA","Morning","Maheria","2",23.2,-1.06666666666667,FALSE
"Sub128_ToD","YA","Morning","Maheria","3",21.6666666666667,-1.77777777777778,FALSE
"Sub129_ToD","OA","Night","Maheria","Overall",44.4166666666667,-11.9583333333333,FALSE
"Sub129_ToD","OA","Night","Maheria","1",59.5,3.64285714285714,FALSE
"Sub129_ToD","OA","Night","Maheria","2",30.6666666666667,-20.1111111111111,FALSE
"Sub129_ToD","OA","Night","Maheria","3",46.6875,-16.4375,FALSE
"Sub130_ToD","YA","Morning","Maheria","Overall",27.0851063829787,5.59574468085106,FALSE
"Sub130_ToD","YA","Morning","Maheria","1",31.125,15.75,FALSE
"Sub130_ToD","YA","Morning","Maheria","2",24.4666666666667,-10.3333333333333,FALSE
"Sub130_ToD","YA","Morning","Maheria","3",25.5,10.375,FALSE
"Sub131_ToD","OA","Morning","Maheria","Overall",48.5714285714286,-5.61904761904762,FALSE
"Sub131_ToD","OA","Morning","Maheria","1",34.8333333333333,14.3333333333333,FALSE
"Sub131_ToD","OA","Morning","Maheria","2",44,-18.2857142857143,FALSE
"Sub131_ToD","OA","Morning","Maheria","3",62.875,-9.5,FALSE
"Sub132_ToD","YA","Night","Maheria","Overall",38.6818181818182,-19.3181818181818,FALSE
"Sub132_ToD","YA","Night","Maheria","1",42.5,-24.125,FALSE
"Sub132_ToD","YA","Night","Maheria","2",42.0714285714286,-13.2142857142857,FALSE
"Sub132_ToD","YA","Night","Maheria","3",30.9285714285714,-19.9285714285714,FALSE
"Sub133_ToD","OA","Morning","Maheria","Overall",38.0961538461538,13.0961538461538,FALSE
"Sub133_ToD","OA","Morning","Maheria","1",43.75,14.625,FALSE
"Sub133_ToD","OA","Morning","Maheria","2",31.9375,18.9375,FALSE
"Sub133_ToD","OA","Morning","Maheria","3",38.5,7.2,FALSE
"Sub134_ToD","OA","Night","Maheria","Overall",93.8333333333333,-0.314814814814815,FALSE
"Sub134_ToD","OA","Night","Maheria","1",104.058823529412,30.0588235294118,TRUE
"Sub134_ToD","OA","Night","Maheria","2",93.2777777777778,-24.9444444444444,FALSE
"Sub134_ToD","OA","Night","Maheria","3",85.2105263157895,-4.15789473684211,FALSE
"Sub135_ToD","YA","Night","Maheria","Overall",57.7777777777778,-14.8444444444444,FALSE
"Sub135_ToD","YA","Night","Maheria","1",90.9230769230769,-2.30769230769231,FALSE
"Sub135_ToD","YA","Night","Maheria","2",30.0625,-9.0625,FALSE
"Sub135_ToD","YA","Night","Maheria","3",58.5625,-30.8125,FALSE
"Sub136_ToD","YA","Night","Maheria","Overall",22.3965517241379,-4.91379310344828,FALSE
"Sub136_ToD","YA","Night","Maheria","1",25.2,-2.9,FALSE
"Sub136_ToD","YA","Night","Maheria","2",18.6111111111111,-9.38888888888889,FALSE
"Sub136_ToD","YA","Night","Maheria","3",23,-2.9,FALSE
"Sub137_ToD","OA","Morning","Maheria","Overall",30.537037037037,2.94444444444444,FALSE
"Sub137_ToD","OA","Morning","Maheria","1",20.6842105263158,4.68421052631579,FALSE
"Sub137_ToD","OA","Morning","Maheria","2",41.3888888888889,5.5,FALSE
"Sub137_ToD","OA","Morning","Maheria","3",30.0588235294118,-1.70588235294118,FALSE
"Sub138_ToD","OA","Morning","Maheria","Overall",19.1090909090909,-12.6727272727273,FALSE
"Sub138_ToD","OA","Morning","Maheria","1",25.8235294117647,-14.6470588235294,FALSE
"Sub138_ToD","OA","Morning","Maheria","2",19.3157894736842,-15.1052631578947,FALSE
"Sub138_ToD","OA","Morning","Maheria","3",12.8947368421053,-8.47368421052632,FALSE
"Sub139_ToD","YA","Morning","Maheria","Overall",28.64,3.88,FALSE
"Sub139_ToD","YA","Morning","Maheria","1",20.7,6.8,FALSE
"Sub139_ToD","YA","Morning","Maheria","2",34.7222222222222,1.72222222222222,FALSE
"Sub139_ToD","YA","Morning","Maheria","3",32.75,2.25,FALSE
"Sub140_ToD","OA","Morning","Maheria","Overall",28.2545454545455,-3.09090909090909,FALSE
"Sub140_ToD","OA","Morning","Maheria","1",24.3333333333333,17.5555555555556,FALSE
"Sub140_ToD","OA","Morning","Maheria","2",35.4444444444444,-16.3333333333333,FALSE
"Sub140_ToD","OA","Morning","Maheria","3",25.1578947368421,-10.1052631578947,FALSE
"Sub141_ToD","OA","Night","Maheria","Overall",52.5510204081633,-2.10204081632653,FALSE
"Sub141_ToD","OA","Night","Maheria","1",50.375,-0.5,FALSE
"Sub141_ToD","OA","Night","Maheria","2",36.125,-15.25,FALSE
"Sub141_ToD","OA","Night","Maheria","3",70.0588235294118,8.76470588235294,FALSE
"Sub142_ToD","OA","Night","Maheria","Overall",9.3728813559322,1.8135593220339,FALSE
"Sub142_ToD","OA","Night","Maheria","1",9.85,2.55,FALSE
"Sub142_ToD","OA","Night","Maheria","2",11.2631578947368,5.36842105263158,FALSE
"Sub142_ToD","OA","Night","Maheria","3",7.1,-2.3,FALSE
"Sub143_ToD","OA","Night","Maheria","Overall",30.5094339622642,9.11320754716981,FALSE
"Sub143_ToD","OA","Night","Maheria","1",16.3684210526316,-3.63157894736842,FALSE
"Sub143_ToD","OA","Night","Maheria","2",33.2352941176471,12.4117647058824,FALSE
"Sub143_ToD","OA","Night","Maheria","3",43.5882352941176,20.0588235294118,FALSE
"Sub144_ToD","OA","Night","Maheria","Overall",52.1929824561403,9.8421052631579,FALSE
"Sub144_ToD","OA","Night","Maheria","1",58.2777777777778,22.0555555555556,FALSE
"Sub144_ToD","OA","Night","Maheria","2",54.35,21.55,FALSE
"Sub144_ToD","OA","Night","Maheria","3",44.1578947368421,-14.0526315789474,FALSE
"Sub145_ToD","YA","Morning","Maheria","Overall",37.5510204081633,3.10204081632653,FALSE
"Sub145_ToD","YA","Morning","Maheria","1",30.2222222222222,3,FALSE
"Sub145_ToD","YA","Morning","Maheria","2",25.3571428571429,-4.5,FALSE
"Sub145_ToD","YA","Morning","Maheria","3",55.3529411764706,9.47058823529412,FALSE
"Sub146_ToD","YA","Night","Maheria","Overall",16.4736842105263,-2.57894736842105,FALSE
"Sub146_ToD","YA","Night","Maheria","1",23.5789473684211,-4,FALSE
"Sub146_ToD","YA","Night","Maheria","2",10.95,-6.05,FALSE
"Sub146_ToD","YA","Night","Maheria","3",15.1111111111111,2.77777777777778,FALSE
"Sub147_ToD","YA","Night","Maheria","Overall",25.3636363636364,-12.2272727272727,FALSE
"Sub147_ToD","YA","Night","Maheria","1",26.8333333333333,3.5,FALSE
"Sub147_ToD","YA","Night","Maheria","2",16.5,-12.8333333333333,FALSE
"Sub147_ToD","YA","Night","Maheria","3",35.5,-24.9285714285714,FALSE
"Sub148_ToD","YA","Night","Maheria","Overall",103.301886792453,-6.69811320754717,TRUE
"Sub148_ToD","YA","Night","Maheria","1",101.235294117647,14.7647058823529,TRUE
"Sub148_ToD","YA","Night","Maheria","2",98.375,-12.875,FALSE
"Sub148_ToD","YA","Night","Maheria","3",109,-20,FALSE
"Sub149_ToD","OA","Night","Maheria","Overall",41.0227272727273,13.3409090909091,FALSE
"Sub149_ToD","OA","Night","Maheria","1",37.0625,13.4375,FALSE
"Sub149_ToD","OA","Night","Maheria","2",30.8461538461538,4.07692307692308,FALSE
"Sub149_ToD","OA","Night","Maheria","3",54.0666666666667,21.2666666666667,FALSE
"Sub150_ToD","YA","Morning","Maheria","Overall",26.5272727272727,-1.8,FALSE
"Sub150_ToD","YA","Morning","Maheria","1",37.7777777777778,-12.8888888888889,FALSE
"Sub150_ToD","YA","Morning","Maheria","2",16.9411764705882,5.29411764705882,FALSE
"Sub150_ToD","YA","Morning","Maheria","3",24.55,2.15,FALSE
"Sub151_ToD","YA","Morning","Maheria","Overall",58.0612244897959,6.51020408163265,FALSE
"Sub151_ToD","YA","Morning","Maheria","1",73.1176470588235,22.1764705882353,FALSE
"Sub151_ToD","YA","Morning","Maheria","2",51,5.58823529411765,FALSE
"Sub151_ToD","YA","Morning","Maheria","3",49,-10.2,FALSE
"Sub152_ToD","YA","Morning","Maheria","Overall",57.5333333333333,17.1333333333333,FALSE
"Sub152_ToD","YA","Morning","Maheria","1",48.875,-7.625,FALSE
"Sub152_ToD","YA","Morning","Maheria","2",72,64,FALSE
"Sub152_ToD","YA","Morning","Maheria","3",61.3333333333333,20.6666666666667,FALSE
