"sub_id","AgeGroup","ToD_Condition","collected_by","block","absavg_learning","minavg_learning","outlier_Learning_Age","absavg_recall","minavg_recall","outlier_Recall_Age"
"Sub001_ToD","YA","Night","Julia","1",6,-3.125,FALSE,59.6875,14.4375,FALSE
"Sub001_ToD","YA","Night","Julia","2",5.0625,1.5625,FALSE,83.1875,-47.5625,FALSE
"Sub001_ToD","YA","Night","Julia","3",6.6,-1.26666666666667,FALSE,46.0666666666667,-5.4,FALSE
"Sub001_ToD","YA","Night","Julia","Overall",5.87234042553191,-0.936170212765957,FALSE,63.3404255319149,-13,FALSE
"Sub002_ToD","OA","Night","Julia","1",90.6111111111111,19.1666666666667,TRUE,77.5,6.83333333333333,FALSE
"Sub002_ToD","OA","Night","Julia","2",65.95,-10.85,TRUE,109.75,-35.55,FALSE
"Sub002_ToD","OA","Night","Julia","3",95,-3.33333333333333,TRUE,82.9444444444444,-20.9444444444444,FALSE
"Sub002_ToD","OA","Night","Julia","Overall",83.2142857142857,1.21428571428571,TRUE,90.7678571428571,-17.2321428571429,FALSE
"Sub003_ToD","YA","Night","Julia","1",5.78947368421053,0.736842105263158,FALSE,51.5263157894737,-9.8421052631579,FALSE
"Sub003_ToD","YA","Night","Julia","2",14.6842105263158,8.57894736842105,FALSE,51.2105263157895,19.3157894736842,FALSE
"Sub003_ToD","YA","Night","Julia","3",7.89473684210526,-0.736842105263158,FALSE,52.3684210526316,-33.4210526315789,FALSE
"Sub003_ToD","YA","Night","Julia","Overall",9.45614035087719,2.85964912280702,FALSE,51.7017543859649,-7.98245614035088,FALSE
"Sub005_ToD","OA","Morning","Julia","1",6.58823529411765,1.52941176470588,FALSE,26.5294117647059,-13,FALSE
"Sub005_ToD","OA","Morning","Julia","2",9.38888888888889,3.94444444444444,FALSE,18.8333333333333,-4.05555555555556,FALSE
"Sub005_ToD","OA","Morning","Julia","3",6.38888888888889,0.0555555555555556,FALSE,25.1666666666667,-11.8333333333333,FALSE
"Sub005_ToD","OA","Morning","Julia","Overall",7.47169811320755,1.84905660377358,FALSE,23.4528301886792,-9.56603773584906,FALSE
"Sub006_ToD","YA","Night","Julia","1",5.13333333333333,1.26666666666667,FALSE,50.9333333333333,-3.86666666666667,FALSE
"Sub006_ToD","YA","Night","Julia","2",6.6,1,FALSE,46.5333333333333,-22.4,FALSE
"Sub006_ToD","YA","Night","Julia","3",4.57142857142857,0.428571428571429,FALSE,73.2857142857143,4.28571428571429,FALSE
"Sub006_ToD","YA","Night","Julia","Overall",5.45454545454545,0.909090909090909,FALSE,56.5454545454545,-7.59090909090909,FALSE
"Sub007_ToD","OA","Night","Julia","1",16.35,-3.35,FALSE,27.85,13.55,FALSE
"Sub007_ToD","OA","Night","Julia","2",11,-3.1,FALSE,10.55,2.05,FALSE
"Sub007_ToD","OA","Night","Julia","3",9.65,2.35,FALSE,14.55,-1.55,FALSE
"Sub007_ToD","OA","Night","Julia","Overall",12.3333333333333,-1.36666666666667,FALSE,17.65,4.68333333333333,FALSE
"Sub008_ToD","OA","Morning","Julia","1",10.2222222222222,2.88888888888889,FALSE,46.2777777777778,2.5,FALSE
"Sub008_ToD","OA","Morning","Julia","2",8.4,-4.1,FALSE,42.2,-4.7,FALSE
"Sub008_ToD","OA","Morning","Julia","3",11.2631578947368,-3.68421052631579,FALSE,53.4210526315789,-21.5263157894737,FALSE
"Sub008_ToD","OA","Morning","Julia","Overall",9.92982456140351,-1.75438596491228,FALSE,47.2280701754386,-8.03508771929824,FALSE
"Sub009_ToD","YA","Night","Julia","1",12,-9.2,FALSE,46.6,23.4,FALSE
"Sub009_ToD","YA","Night","Julia","2",8.75,-6.75,FALSE,32.125,-7.875,FALSE
"Sub009_ToD","YA","Night","Julia","3",3.1,-0.7,FALSE,23,20.8,FALSE
"Sub009_ToD","YA","Night","Julia","Overall",7.89285714285714,-5.46428571428571,FALSE,34.0357142857143,13.5357142857143,FALSE
"Sub010_ToD","OA","Morning","Julia","1",6,1.57142857142857,FALSE,19.2857142857143,9.57142857142857,FALSE
"Sub010_ToD","OA","Morning","Julia","2",11.8947368421053,1.36842105263158,FALSE,21.9473684210526,-4.78947368421053,FALSE
"Sub010_ToD","OA","Morning","Julia","3",6,0.9,FALSE,15.2,-6.8,FALSE
"Sub010_ToD","OA","Morning","Julia","Overall",8.11320754716981,1.24528301886792,FALSE,18.6981132075472,-1.75471698113208,FALSE
"Sub011_ToD","OA","Morning","Julia","1",4.64705882352941,-1.23529411764706,FALSE,40.2352941176471,2.11764705882353,FALSE
"Sub011_ToD","OA","Morning","Julia","2",9.22222222222222,1.88888888888889,FALSE,51.6111111111111,-11.9444444444444,FALSE
"Sub011_ToD","OA","Morning","Julia","3",7.22222222222222,-1,FALSE,56.5,9.94444444444444,FALSE
"Sub011_ToD","OA","Morning","Julia","Overall",7.07547169811321,-0.0943396226415094,FALSE,49.622641509434,0,FALSE
"Sub012_ToD","OA","Night","Julia","1",6.88888888888889,-0.444444444444444,FALSE,37.3333333333333,2.88888888888889,FALSE
"Sub012_ToD","OA","Night","Julia","2",3.73684210526316,0.263157894736842,FALSE,32.3684210526316,24.3684210526316,FALSE
"Sub012_ToD","OA","Night","Julia","3",6.88888888888889,-2.44444444444444,FALSE,23.0555555555556,-4.61111111111111,FALSE
"Sub012_ToD","OA","Night","Julia","Overall",5.8,-0.854545454545454,FALSE,30.9454545454545,7.85454545454545,FALSE
"Sub013_ToD","YA","Morning","Julia","1",3.3,1.2,FALSE,9.5,1.9,FALSE
"Sub013_ToD","YA","Morning","Julia","2",3.3,1,FALSE,9.05,3.95,FALSE
"Sub013_ToD","YA","Morning","Julia","3",2.72222222222222,-1.94444444444444,FALSE,20.1111111111111,-15.5555555555556,FALSE
"Sub013_ToD","YA","Morning","Julia","Overall",3.12068965517241,0.155172413793103,FALSE,12.6379310344828,-2.81034482758621,FALSE
"Sub014_ToD","YA","Morning","Julia","1",4.875,0.375,FALSE,26.4375,-15.0625,FALSE
"Sub014_ToD","YA","Morning","Julia","2",6.76470588235294,-1.35294117647059,FALSE,17.4117647058824,10.2352941176471,FALSE
"Sub014_ToD","YA","Morning","Julia","3",5.52941176470588,-1.88235294117647,FALSE,46.7058823529412,-44.5882352941176,FALSE
"Sub014_ToD","YA","Morning","Julia","Overall",5.74,-0.98,FALSE,30.26,-16.5,FALSE
"Sub015_ToD","OA","Night","Julia","1",9.14285714285714,-0.714285714285714,FALSE,32.4285714285714,4.14285714285714,FALSE
"Sub015_ToD","OA","Night","Julia","2",6.42857142857143,1.71428571428571,FALSE,27.4285714285714,-18.8571428571429,FALSE
"Sub015_ToD","OA","Night","Julia","3",6.58823529411765,-0.352941176470588,FALSE,18.2352941176471,2.94117647058824,FALSE
"Sub015_ToD","OA","Night","Julia","Overall",7.33333333333333,0.177777777777778,FALSE,25.5111111111111,-3.46666666666667,FALSE
"Sub016_ToD","YA","Night","Julia","1",5.55555555555556,-0.888888888888889,FALSE,43.6111111111111,-13.9444444444444,FALSE
"Sub016_ToD","YA","Night","Julia","2",3.4375,-0.9375,FALSE,41.125,21.75,FALSE
"Sub016_ToD","YA","Night","Julia","3",4.47368421052632,1.31578947368421,FALSE,16.6315789473684,10.8421052631579,FALSE
"Sub016_ToD","YA","Night","Julia","Overall",4.52830188679245,-0.113207547169811,FALSE,33.188679245283,5.71698113207547,FALSE
"Sub017_ToD","OA","Morning","Julia","1",8,-1.33333333333333,FALSE,45.1111111111111,-9.55555555555556,FALSE
"Sub017_ToD","OA","Morning","Julia","2",7.11764705882353,-0.176470588235294,FALSE,35.3529411764706,-7,FALSE
"Sub017_ToD","OA","Morning","Julia","3",8.1578947368421,-2.57894736842105,FALSE,64.1052631578947,22.2105263157895,FALSE
"Sub017_ToD","OA","Morning","Julia","Overall",7.77777777777778,-1.40740740740741,FALSE,48.7222222222222,2.42592592592593,FALSE
"Sub018_ToD","OA","Night","Julia","1",6.625,-3.5,FALSE,33.875,0.125,FALSE
"Sub018_ToD","OA","Night","Julia","2",9.25,1.25,FALSE,19.8125,4.1875,FALSE
"Sub018_ToD","OA","Night","Julia","3",6.4375,-1.6875,FALSE,43.1875,-23.9375,FALSE
"Sub018_ToD","OA","Night","Julia","Overall",7.4375,-1.3125,FALSE,32.2916666666667,-6.54166666666667,FALSE
"Sub019_ToD","YA","Morning","Julia","1",6.1875,-1.5625,FALSE,44.6875,24.3125,FALSE
"Sub019_ToD","YA","Morning","Julia","2",7.9,1.3,FALSE,22.4,-3.2,FALSE
"Sub019_ToD","YA","Morning","Julia","3",7.05,1.55,FALSE,40,-4.6,FALSE
"Sub019_ToD","YA","Morning","Julia","Overall",7.10714285714286,0.571428571428571,FALSE,35.0535714285714,4.16071428571429,FALSE
"Sub020_ToD","OA","Morning","Julia","1",7.05555555555556,-2.94444444444444,FALSE,28.5,-11.8333333333333,FALSE
"Sub020_ToD","OA","Morning","Julia","2",7.1875,-1.0625,FALSE,26.8125,4.3125,FALSE
"Sub020_ToD","OA","Morning","Julia","3",6.70588235294118,2.94117647058824,FALSE,8.64705882352941,-3.70588235294118,FALSE
"Sub020_ToD","OA","Morning","Julia","Overall",6.98039215686275,-0.392156862745098,FALSE,21.3529411764706,-4.05882352941176,FALSE
"Sub021_ToD","YA","Night","Julia","1",6.31578947368421,-3.68421052631579,FALSE,39.7368421052632,6.78947368421053,FALSE
"Sub021_ToD","YA","Night","Julia","2",5.61111111111111,-0.611111111111111,FALSE,22.0555555555556,10.3888888888889,FALSE
"Sub021_ToD","YA","Night","Julia","3",8.25,-3.85,FALSE,25.1,-8.9,FALSE
"Sub021_ToD","YA","Night","Julia","Overall",6.7719298245614,-2.7719298245614,FALSE,29.0175438596491,2.42105263157895,FALSE
"Sub022_ToD","YA","Night","Julia","1",5,-0.555555555555556,FALSE,34.6666666666667,-24.6666666666667,FALSE
"Sub022_ToD","YA","Night","Julia","2",3.35294117647059,1.35294117647059,FALSE,15.4117647058824,-8.11764705882353,FALSE
"Sub022_ToD","YA","Night","Julia","3",5.9375,-0.8125,FALSE,29.3125,1.3125,FALSE
"Sub022_ToD","YA","Night","Julia","Overall",4.74509803921569,0,FALSE,26.5686274509804,-11,FALSE
"Sub023_ToD","YA","Night","Julia","1",5.8,-2.6,FALSE,22.3333333333333,-1.26666666666667,FALSE
"Sub023_ToD","YA","Night","Julia","2",6.1875,-1.0625,FALSE,44.1875,-27.8125,FALSE
"Sub023_ToD","YA","Night","Julia","3",5.57142857142857,0.571428571428571,FALSE,27.3571428571429,-0.642857142857143,FALSE
"Sub023_ToD","YA","Night","Julia","Overall",5.86666666666667,-1.06666666666667,FALSE,31.6666666666667,-10.5111111111111,FALSE
"Sub024_ToD","YA","Night","Julia","1",3.53333333333333,1.53333333333333,FALSE,47.9333333333333,7.13333333333333,FALSE
"Sub024_ToD","YA","Night","Julia","2",6.0625,2.6875,FALSE,25.5625,-8.8125,FALSE
"Sub024_ToD","YA","Night","Julia","3",8.38461538461539,-3.61538461538462,FALSE,35.3076923076923,14.3846153846154,FALSE
"Sub024_ToD","YA","Night","Julia","Overall",5.88636363636364,0.431818181818182,FALSE,36.0681818181818,3.47727272727273,FALSE
"Sub025_ToD","OA","Morning","Julia","1",3.23076923076923,-1.07692307692308,FALSE,37.7692307692308,37.7692307692308,FALSE
"Sub025_ToD","OA","Morning","Julia","2",4.64705882352941,-2.05882352941176,FALSE,20.7058823529412,6,FALSE
"Sub025_ToD","OA","Morning","Julia","3",4,-1.55555555555556,FALSE,19.2222222222222,9.44444444444444,FALSE
"Sub025_ToD","OA","Morning","Julia","Overall",4.02083333333333,-1.60416666666667,FALSE,24.7708333333333,15.8958333333333,FALSE
"Sub026_ToD","YA","Morning","Julia","1",6.27777777777778,0.277777777777778,FALSE,25,18.6666666666667,FALSE
"Sub026_ToD","YA","Morning","Julia","2",4.78947368421053,-2.36842105263158,FALSE,59.1578947368421,10.5263157894737,FALSE
"Sub026_ToD","YA","Morning","Julia","3",7.70588235294118,-1.47058823529412,FALSE,50.0588235294118,3.82352941176471,FALSE
"Sub026_ToD","YA","Morning","Julia","Overall",6.2037037037037,-1.2037037037037,FALSE,44.9074074074074,11.1296296296296,FALSE
"Sub027_ToD","OA","Night","Julia","1",7.52631578947368,-3.21052631578947,FALSE,38.5789473684211,-7.94736842105263,FALSE
"Sub027_ToD","OA","Night","Julia","2",5.6,-1.7,FALSE,28.75,-2.45,FALSE
"Sub027_ToD","OA","Night","Julia","3",5.88235294117647,-2.58823529411765,FALSE,22.8823529411765,-12.5294117647059,FALSE
"Sub027_ToD","OA","Night","Julia","Overall",6.33928571428571,-2.48214285714286,FALSE,30.3035714285714,-7.375,FALSE
"Sub028_ToD","OA","Night","Julia","1",14.2777777777778,-3.27777777777778,FALSE,80.5555555555556,-13.3333333333333,FALSE
"Sub028_ToD","OA","Night","Julia","2",14.8888888888889,-3.77777777777778,FALSE,76.2222222222222,11.5555555555556,FALSE
"Sub028_ToD","OA","Night","Julia","3",10.7,-2,FALSE,53.9,4.8,FALSE
"Sub028_ToD","OA","Night","Julia","Overall",13.1964285714286,-2.98214285714286,FALSE,69.6428571428571,1.14285714285714,FALSE
"Sub029_ToD","OA","Night","Julia","1",4.375,0.625,FALSE,23.3125,4.6875,FALSE
"Sub029_ToD","OA","Night","Julia","2",6.36842105263158,-1.73684210526316,FALSE,28.6315789473684,18,FALSE
"Sub029_ToD","OA","Night","Julia","3",5,-2.47368421052632,FALSE,27.1052631578947,12.0526315789474,FALSE
"Sub029_ToD","OA","Night","Julia","Overall",5.2962962962963,-1.2962962962963,FALSE,26.5185185185185,11.962962962963,FALSE
"Sub030_ToD","OA","Night","Julia","1",10.9444444444444,5.27777777777778,FALSE,42.0555555555556,-20.0555555555556,FALSE
"Sub030_ToD","OA","Night","Julia","2",13.3157894736842,-1.94736842105263,FALSE,46.8947368421053,-22.7894736842105,FALSE
"Sub030_ToD","OA","Night","Julia","3",14.1,1.4,FALSE,27.9,-1.6,FALSE
"Sub030_ToD","OA","Night","Julia","Overall",12.8421052631579,1.50877192982456,FALSE,38.7017543859649,-14.4912280701754,FALSE
"Sub031_ToD","OA","Night","Julia","1",6.58823529411765,0.941176470588235,FALSE,23.8823529411765,-3.88235294117647,FALSE
"Sub031_ToD","OA","Night","Julia","2",5.55,-0.25,FALSE,26.25,-16.35,FALSE
"Sub031_ToD","OA","Night","Julia","3",4.78947368421053,1.10526315789474,FALSE,8.1578947368421,-1.84210526315789,FALSE
"Sub031_ToD","OA","Night","Julia","Overall",5.60714285714286,0.571428571428571,FALSE,19.3928571428571,-7.64285714285714,FALSE
"Sub032_ToD","YA","Morning","Julia","1",8.88235294117647,3.23529411764706,FALSE,31.5882352941176,14.4117647058824,FALSE
"Sub032_ToD","YA","Morning","Julia","2",4.2,-1,FALSE,27.7333333333333,2,FALSE
"Sub032_ToD","YA","Morning","Julia","3",3.06666666666667,-1.06666666666667,FALSE,15.4666666666667,-11.4666666666667,FALSE
"Sub032_ToD","YA","Morning","Julia","Overall",5.53191489361702,0.51063829787234,FALSE,25.2127659574468,2.19148936170213,FALSE
"Sub033_ToD","YA","Morning","Julia","1",10.4736842105263,0.789473684210526,FALSE,22.7894736842105,6.05263157894737,FALSE
"Sub033_ToD","YA","Morning","Julia","2",12.5263157894737,-5.05263157894737,FALSE,22.9473684210526,-17.8947368421053,FALSE
"Sub033_ToD","YA","Morning","Julia","3",10.1052631578947,-1.36842105263158,FALSE,28.3157894736842,4.63157894736842,FALSE
"Sub033_ToD","YA","Morning","Julia","Overall",11.0350877192982,-1.87719298245614,FALSE,24.6842105263158,-2.40350877192982,FALSE
"Sub034_ToD","YA","Morning","Julia","1",5.83333333333333,0.166666666666667,FALSE,57.4166666666667,19.75,FALSE
"Sub034_ToD","YA","Morning","Julia","2",6.07692307692308,1,FALSE,78.3076923076923,-15.2307692307692,FALSE
"Sub034_ToD","YA","Morning","Julia","3",8.69230769230769,-1,FALSE,82.6153846153846,49.6923076923077,FALSE
"Sub034_ToD","YA","Morning","Julia","Overall",6.89473684210526,0.0526315789473684,FALSE,73.1842105263158,18.0263157894737,FALSE
"Sub035_ToD","YA","Night","Julia","1",6.52941176470588,-0.176470588235294,FALSE,67.9411764705882,-17.5882352941176,FALSE
"Sub035_ToD","YA","Night","Julia","2",5.05555555555556,-3.05555555555556,FALSE,36.8333333333333,8.61111111111111,FALSE
"Sub035_ToD","YA","Night","Julia","3",7.78947368421053,-3.15789473684211,FALSE,31.8947368421053,-11.7894736842105,FALSE
"Sub035_ToD","YA","Night","Julia","Overall",6.48148148148148,-2.18518518518519,FALSE,44.8888888888889,-6.81481481481481,FALSE
"Sub036_ToD","OA","Morning","Julia","1",10.6923076923077,4.07692307692308,FALSE,71.3846153846154,-7.07692307692308,FALSE
"Sub036_ToD","OA","Morning","Julia","2",7.53333333333333,-2.2,FALSE,48.8666666666667,-9.13333333333333,FALSE
"Sub036_ToD","OA","Morning","Julia","3",22.4,-15.6,FALSE,69.0666666666667,22,FALSE
"Sub036_ToD","OA","Morning","Julia","Overall",13.6744186046512,-4.97674418604651,FALSE,62.7209302325581,2.34883720930233,FALSE
"Sub037_ToD","OA","Morning","Julia","1",13.375,1.25,FALSE,59.625,-26.625,FALSE
"Sub037_ToD","OA","Morning","Julia","2",9.52631578947368,0.789473684210526,FALSE,61.2631578947368,-7.78947368421053,FALSE
"Sub037_ToD","OA","Morning","Julia","3",11.2777777777778,7.61111111111111,FALSE,52.6111111111111,15.6111111111111,FALSE
"Sub037_ToD","OA","Morning","Julia","Overall",11.2830188679245,3.24528301886792,FALSE,57.8301886792453,-5.52830188679245,FALSE
"Sub038_ToD","YA","Morning","Julia","1",8.875,2.375,FALSE,55.25,22.875,FALSE
"Sub038_ToD","YA","Morning","Julia","2",5.35714285714286,3.64285714285714,FALSE,33.7142857142857,1.71428571428571,FALSE
"Sub038_ToD","YA","Morning","Julia","3",5.94736842105263,1.31578947368421,FALSE,26,-10.7368421052632,FALSE
"Sub038_ToD","YA","Morning","Julia","Overall",6.73469387755102,2.3265306122449,FALSE,37.7551020408163,3.79591836734694,FALSE
"Sub039_ToD","OA","Night","Julia","1",10.0588235294118,-2.29411764705882,FALSE,43.2941176470588,13.7647058823529,FALSE
"Sub039_ToD","OA","Night","Julia","2",13.7777777777778,-4,FALSE,69.2222222222222,25.4444444444444,FALSE
"Sub039_ToD","OA","Night","Julia","3",8.11764705882353,0.235294117647059,FALSE,48.3529411764706,10.4705882352941,FALSE
"Sub039_ToD","OA","Night","Julia","Overall",10.7115384615385,-2.05769230769231,FALSE,53.9230769230769,16.7307692307692,FALSE
"Sub040_ToD","OA","Night","Julia","1",10.5714285714286,-2.85714285714286,FALSE,83.7857142857143,4.07142857142857,FALSE
"Sub040_ToD","OA","Night","Julia","2",9.23529411764706,-4.05882352941176,FALSE,45.5294117647059,7.41176470588235,FALSE
"Sub040_ToD","OA","Night","Julia","3",6.625,1.75,FALSE,35.75,3.875,FALSE
"Sub040_ToD","OA","Night","Julia","Overall",8.74468085106383,-1.72340425531915,FALSE,53.5957446808511,5.21276595744681,FALSE
"Sub041_ToD","YA","Morning","Julia","1",6.71428571428571,-2,FALSE,40.5,1.35714285714286,FALSE
"Sub041_ToD","YA","Morning","Julia","2",5.92307692307692,-3.30769230769231,FALSE,40.8461538461538,34.0769230769231,FALSE
"Sub041_ToD","YA","Morning","Julia","3",5.66666666666667,-1.5,FALSE,53.3333333333333,11.5,FALSE
"Sub041_ToD","YA","Morning","Julia","Overall",6.12820512820513,-2.28205128205128,FALSE,44.5641025641026,15.3846153846154,FALSE
"Sub042_ToD","YA","Morning","Julia","1",9.33333333333333,-2.83333333333333,FALSE,36.4166666666667,-6.75,FALSE
"Sub042_ToD","YA","Morning","Julia","2",4.25,-0.416666666666667,FALSE,36.9166666666667,9.08333333333333,FALSE
"Sub042_ToD","YA","Morning","Julia","3",6.07692307692308,-4.84615384615385,FALSE,14.8461538461538,4.69230769230769,FALSE
"Sub042_ToD","YA","Morning","Julia","Overall",6.54054054054054,-2.75675675675676,FALSE,29,2.40540540540541,FALSE
"Sub043_ToD","OA","Night","Julia","1",21.25,-15.5833333333333,FALSE,66.4166666666667,10.4166666666667,FALSE
"Sub043_ToD","OA","Night","Julia","2",8.42857142857143,3.71428571428571,FALSE,23.6428571428571,-11.6428571428571,FALSE
"Sub043_ToD","OA","Night","Julia","3",7.875,2.375,FALSE,62.1875,-18.5625,FALSE
"Sub043_ToD","OA","Night","Julia","Overall",11.8809523809524,-2.30952380952381,FALSE,50.5476190476191,-7.97619047619048,FALSE
"Sub044_ToD","YA","Night","Julia","1",4.47368421052632,-0.0526315789473684,FALSE,49.1578947368421,-10.5263157894737,FALSE
"Sub044_ToD","YA","Night","Julia","2",4.66666666666667,2,FALSE,29.5,6.83333333333333,FALSE
"Sub044_ToD","YA","Night","Julia","3",5.41176470588235,0,FALSE,48.1176470588235,-4.11764705882353,FALSE
"Sub044_ToD","YA","Night","Julia","Overall",4.83333333333333,0.648148148148148,FALSE,42.2777777777778,-2.72222222222222,FALSE
"Sub045_ToD","OA","Night","Julia","1",8.05555555555556,-3.16666666666667,FALSE,64.2222222222222,32.2222222222222,FALSE
"Sub045_ToD","OA","Night","Julia","2",18.4375,3.0625,FALSE,28.25,12.375,FALSE
"Sub045_ToD","OA","Night","Julia","3",8.83333333333333,-1.94444444444444,FALSE,62.8888888888889,-6.77777777777778,FALSE
"Sub045_ToD","OA","Night","Julia","Overall",11.5192307692308,-0.826923076923077,FALSE,52.6923076923077,12.6153846153846,FALSE
"Sub046_ToD","OA","Morning","Julia","1",7,4.29411764705882,FALSE,8.58823529411765,0,FALSE
"Sub046_ToD","OA","Morning","Julia","2",8.5,-1.7,FALSE,9.6,-2.7,FALSE
"Sub046_ToD","OA","Morning","Julia","3",5.8,-1.2,FALSE,9.7,-3.6,FALSE
"Sub046_ToD","OA","Morning","Julia","Overall",7.10526315789474,0.263157894736842,FALSE,9.33333333333333,-2.21052631578947,FALSE
"Sub047_ToD","YA","Morning","Julia","1",4.70588235294118,-2,FALSE,49.4705882352941,0.647058823529412,FALSE
"Sub047_ToD","YA","Morning","Julia","2",5.22222222222222,-1.44444444444444,FALSE,72.6666666666667,-11.7777777777778,FALSE
"Sub047_ToD","YA","Morning","Julia","3",6.85714285714286,2.57142857142857,FALSE,40.4285714285714,-16.7142857142857,FALSE
"Sub047_ToD","YA","Morning","Julia","Overall",5.575,-0.275,FALSE,51.525,-8.225,FALSE
"Sub048_ToD","YA","Night","Julia","1",8.4,-1.6,FALSE,34.2666666666667,5.86666666666667,FALSE
"Sub048_ToD","YA","Night","Julia","2",5.625,0.5,FALSE,43.5,-9.75,FALSE
"Sub048_ToD","YA","Night","Julia","3",5.41176470588235,-2.47058823529412,FALSE,18.7647058823529,2.05882352941176,FALSE
"Sub048_ToD","YA","Night","Julia","Overall",6.41666666666667,-1.20833333333333,FALSE,31.8541666666667,-0.6875,FALSE
"Sub049_ToD","OA","Night","Julia","1",8.72727272727273,-6.36363636363636,FALSE,52.2727272727273,-23.9090909090909,FALSE
"Sub049_ToD","OA","Night","Julia","2",5.375,2.625,FALSE,73.625,0.5,FALSE
"Sub049_ToD","OA","Night","Julia","3",8.26666666666667,-4,FALSE,67.8666666666667,-3.6,FALSE
"Sub049_ToD","OA","Night","Julia","Overall",7.28571428571429,-2.0952380952381,FALSE,65.9761904761905,-7.35714285714286,FALSE
"Sub050_ToD","YA","Morning","Julia","1",4.26315789473684,-2.36842105263158,FALSE,27.4210526315789,-11,FALSE
"Sub050_ToD","YA","Morning","Julia","2",4.35294117647059,2.11764705882353,FALSE,23.8235294117647,-4.52941176470588,FALSE
"Sub050_ToD","YA","Morning","Julia","3",4.83333333333333,-2.05555555555556,FALSE,33.8333333333333,-27.5,FALSE
"Sub050_ToD","YA","Morning","Julia","Overall",4.48148148148148,-0.851851851851852,FALSE,28.4259259259259,-14.462962962963,FALSE
"Sub051_ToD","YA","Night","Julia","1",9.30769230769231,-3.15384615384615,FALSE,49.9230769230769,25.9230769230769,FALSE
"Sub051_ToD","YA","Night","Julia","2",9.5,-2.64285714285714,FALSE,61.0714285714286,-9.21428571428571,FALSE
"Sub051_ToD","YA","Night","Julia","3",6.66666666666667,1.86666666666667,FALSE,51.2,-17.8666666666667,FALSE
"Sub051_ToD","YA","Night","Julia","Overall",8.42857142857143,-1.19047619047619,FALSE,54.0952380952381,-1.42857142857143,FALSE
"Sub052_ToD","YA","Morning","Julia","1",9.38461538461539,0.615384615384615,FALSE,49.6153846153846,13.3076923076923,FALSE
"Sub052_ToD","YA","Morning","Julia","2",9.64285714285714,-1.21428571428571,FALSE,73,24.7142857142857,FALSE
"Sub052_ToD","YA","Morning","Julia","3",10.8125,-3.6875,FALSE,87.125,-2.75,FALSE
"Sub052_ToD","YA","Morning","Julia","Overall",10,-1.58139534883721,FALSE,71.1860465116279,11.046511627907,FALSE
"Sub053_ToD","YA","Night","Julia","1",12.2666666666667,4.66666666666667,FALSE,59.4,39.8,FALSE
"Sub053_ToD","YA","Night","Julia","2",11.4210526315789,2.57894736842105,FALSE,76.1578947368421,2.68421052631579,FALSE
"Sub053_ToD","YA","Night","Julia","3",9.875,6.375,FALSE,68,-1.25,FALSE
"Sub053_ToD","YA","Night","Julia","Overall",11.18,4.42,FALSE,68.52,12.56,FALSE
"Sub054_ToD","OA","Morning","Julia","1",10.5,0.5,FALSE,47.8,-12.6,FALSE
"Sub054_ToD","OA","Morning","Julia","2",7.23529411764706,-2.05882352941176,FALSE,39.6470588235294,-10.5882352941176,FALSE
"Sub054_ToD","OA","Morning","Julia","3",4.375,2.25,FALSE,58.125,-11.875,FALSE
"Sub054_ToD","OA","Morning","Julia","Overall",6.93023255813953,0.13953488372093,FALSE,48.4186046511628,-11.5348837209302,FALSE
"Sub055_ToD","OA","Morning","Julia","1",8.4,-0.7,FALSE,62.45,0.85,FALSE
"Sub055_ToD","OA","Morning","Julia","2",8.7,-3.9,FALSE,79.25,4.55,FALSE
"Sub055_ToD","OA","Morning","Julia","3",8.21052631578947,3.68421052631579,FALSE,78.8421052631579,23.3684210526316,FALSE
"Sub055_ToD","OA","Morning","Julia","Overall",8.4406779661017,-0.372881355932203,FALSE,73.4237288135593,9.35593220338983,FALSE
"Sub056_ToD","OA","Morning","Julia","1",9.73684210526316,2.05263157894737,FALSE,12.6315789473684,2.63157894736842,FALSE
"Sub056_ToD","OA","Morning","Julia","2",10.2,-1.3,FALSE,19.2,-8.8,FALSE
"Sub056_ToD","OA","Morning","Julia","3",9.8,-2,FALSE,10.85,2.05,FALSE
"Sub056_ToD","OA","Morning","Julia","Overall",9.91525423728813,-0.457627118644068,FALSE,14.2542372881356,-1.44067796610169,FALSE
"Sub057_ToD","OA","Morning","Julia","1",7.09090909090909,-0.727272727272727,FALSE,23,6.81818181818182,FALSE
"Sub057_ToD","OA","Morning","Julia","2",6.2,0,FALSE,78.7,45.7,FALSE
"Sub057_ToD","OA","Morning","Julia","3",6.11111111111111,-3.88888888888889,FALSE,32.5555555555556,-18.1111111111111,FALSE
"Sub057_ToD","OA","Morning","Julia","Overall",6.5,-1.43333333333333,FALSE,44.4333333333333,12.3,FALSE
"Sub058_ToD","OA","Morning","Julia","1",7.52941176470588,1.88235294117647,FALSE,26.7058823529412,-5.76470588235294,FALSE
"Sub058_ToD","OA","Morning","Julia","2",5.33333333333333,0.222222222222222,FALSE,14.2777777777778,-0.166666666666667,FALSE
"Sub058_ToD","OA","Morning","Julia","3",4.58823529411765,0.823529411764706,FALSE,36.8823529411765,-9,FALSE
"Sub058_ToD","OA","Morning","Julia","Overall",5.80769230769231,0.961538461538462,FALSE,25.7307692307692,-4.88461538461539,FALSE
"Sub059_ToD","YA","Night","Julia","1",3.88888888888889,-3.33333333333333,FALSE,26.6111111111111,2.27777777777778,FALSE
"Sub059_ToD","YA","Night","Julia","2",5.8,2.9,FALSE,30.45,24.85,FALSE
"Sub059_ToD","YA","Night","Julia","3",7.05263157894737,-5.89473684210526,FALSE,32.7368421052632,3.47368421052632,FALSE
"Sub059_ToD","YA","Night","Julia","Overall",5.6140350877193,-2,FALSE,30,10.5964912280702,FALSE
"Sub060_ToD","OA","Morning","Julia","1",5.8,2.2,FALSE,64.3333333333333,-8.73333333333333,FALSE
"Sub060_ToD","OA","Morning","Julia","2",4.5,-2.1,FALSE,41.7,-10.7,FALSE
"Sub060_ToD","OA","Morning","Julia","3",8.375,-1.375,FALSE,56.25,24.25,FALSE
"Sub060_ToD","OA","Morning","Julia","Overall",6.03030303030303,0.0303030303030303,FALSE,55.5151515151515,-1.33333333333333,FALSE
"Sub061_ToD","YA","Morning","Julia","1",4.77777777777778,-2.22222222222222,FALSE,40.1111111111111,0.888888888888889,FALSE
"Sub061_ToD","YA","Morning","Julia","2",3.7,-2.7,FALSE,17.7,-2.5,FALSE
"Sub061_ToD","YA","Morning","Julia","3",4.95,-1.05,FALSE,14.35,-2.15,FALSE
"Sub061_ToD","YA","Morning","Julia","Overall",4.46551724137931,-1.98275862068966,FALSE,23.5,-1.32758620689655,FALSE
"Sub062_ToD","OA","Night","Julia","1",8.33333333333333,1,FALSE,53.2666666666667,14.2,FALSE
"Sub062_ToD","OA","Night","Julia","2",10,0.823529411764706,FALSE,22.3529411764706,18,FALSE
"Sub062_ToD","OA","Night","Julia","3",9.625,3.375,FALSE,20.75,-2.875,FALSE
"Sub062_ToD","OA","Night","Julia","Overall",9.35416666666667,1.72916666666667,FALSE,31.4791666666667,9.85416666666667,FALSE
"Sub063_ToD","YA","Night","Julia","1",8.5,-8.5,FALSE,38,12.6666666666667,FALSE
"Sub063_ToD","YA","Night","Julia","2",8.55555555555556,0.333333333333333,FALSE,55.3333333333333,39.7777777777778,FALSE
"Sub063_ToD","YA","Night","Julia","3",5.33333333333333,-1,FALSE,67.3333333333333,-45.3333333333333,FALSE
"Sub063_ToD","YA","Night","Julia","Overall",7.61904761904762,-2.57142857142857,FALSE,53.8095238095238,7.71428571428571,FALSE
"Sub064_ToD","OA","Night","Julia","1",8.58333333333333,-3.41666666666667,FALSE,22.9166666666667,-2.91666666666667,FALSE
"Sub064_ToD","OA","Night","Julia","2",7.94117647058824,4.64705882352941,FALSE,16.0588235294118,2.64705882352941,FALSE
"Sub064_ToD","OA","Night","Julia","3",6.6875,-4.5625,FALSE,43.9375,21.9375,FALSE
"Sub064_ToD","OA","Night","Julia","Overall",7.66666666666667,-0.777777777777778,FALSE,27.8,8.02222222222222,FALSE
"Sub065_ToD","YA","Morning","Julia","1",80.2666666666667,-0.533333333333333,TRUE,71,-18.7333333333333,FALSE
"Sub065_ToD","YA","Morning","Julia","2",72.1875,20.9375,TRUE,76.5625,14.0625,FALSE
"Sub065_ToD","YA","Morning","Julia","3",67.1538461538462,-31.1538461538462,TRUE,76.3076923076923,-24.1538461538462,FALSE
"Sub065_ToD","YA","Morning","Julia","Overall",73.4545454545455,-1.77272727272727,TRUE,74.5909090909091,-8.40909090909091,FALSE
"Sub066_ToD","YA","Night","Julia","1",10.5714285714286,-2.71428571428571,FALSE,92.7857142857143,-15.2142857142857,FALSE
"Sub066_ToD","YA","Night","Julia","2",7.18181818181818,0.272727272727273,FALSE,98.9090909090909,17.8181818181818,FALSE
"Sub066_ToD","YA","Night","Julia","3",9.5,6.9,FALSE,100.6,-20.6,FALSE
"Sub066_ToD","YA","Night","Julia","Overall",9.2,0.971428571428571,FALSE,96.9428571428571,-6.37142857142857,FALSE
"Sub067_ToD","OA","Night","Julia","1",6.46666666666667,0.466666666666667,FALSE,34.2666666666667,13.7333333333333,FALSE
"Sub067_ToD","OA","Night","Julia","2",6.88888888888889,-1.77777777777778,FALSE,18.7777777777778,9.66666666666667,FALSE
"Sub067_ToD","OA","Night","Julia","3",9.57894736842105,2.42105263157895,FALSE,10.3157894736842,4,FALSE
"Sub067_ToD","OA","Night","Julia","Overall",7.75,0.403846153846154,FALSE,20.1538461538462,8.76923076923077,FALSE
"Sub068_ToD","YA","Morning","Julia","1",3.8125,2.3125,FALSE,15.25,-3.5,FALSE
"Sub068_ToD","YA","Morning","Julia","2",2.94736842105263,1.47368421052632,FALSE,17.2105263157895,2.89473684210526,FALSE
"Sub068_ToD","YA","Morning","Julia","3",4.08333333333333,1.25,FALSE,7.16666666666667,-2.5,FALSE
"Sub068_ToD","YA","Morning","Julia","Overall",3.53191489361702,1.70212765957447,FALSE,13.9787234042553,-0.659574468085106,FALSE
"Sub069_ToD","OA","Night","Julia","1",9.625,-2.875,FALSE,45.5,16.625,FALSE
"Sub069_ToD","OA","Night","Julia","2",7.11764705882353,-0.882352941176471,FALSE,64.6470588235294,3.82352941176471,FALSE
"Sub069_ToD","OA","Night","Julia","3",10.7777777777778,-3.22222222222222,FALSE,34.1111111111111,0.222222222222222,FALSE
"Sub069_ToD","OA","Night","Julia","Overall",9.19607843137255,-2.33333333333333,FALSE,47.8627450980392,6.56862745098039,FALSE
"Sub070_ToD","YA","Morning","Julia","1",4,-0.555555555555556,FALSE,32.8333333333333,-29.3888888888889,FALSE
"Sub070_ToD","YA","Morning","Julia","2",4.26315789473684,-0.157894736842105,FALSE,30.7368421052632,-10.7368421052632,FALSE
"Sub070_ToD","YA","Morning","Julia","3",4.88235294117647,-2.17647058823529,FALSE,32.2352941176471,2.70588235294118,FALSE
"Sub070_ToD","YA","Morning","Julia","Overall",4.37037037037037,-0.925925925925926,FALSE,31.9074074074074,-12.7222222222222,FALSE
"Sub071_ToD","YA","Night","Julia","1",8.94736842105263,-0.842105263157895,FALSE,38.3684210526316,-11.5263157894737,FALSE
"Sub071_ToD","YA","Night","Julia","2",16.2222222222222,10.3333333333333,FALSE,25.3333333333333,6.55555555555556,FALSE
"Sub071_ToD","YA","Night","Julia","3",5.61111111111111,-0.833333333333333,FALSE,36.5,-12.9444444444444,FALSE
"Sub071_ToD","YA","Night","Julia","Overall",10.2363636363636,2.81818181818182,FALSE,33.4909090909091,-6.07272727272727,FALSE
"Sub072_ToD","OA","Morning","Julia","1",5.85714285714286,2.57142857142857,FALSE,46.6428571428571,22.0714285714286,FALSE
"Sub072_ToD","OA","Morning","Julia","2",4.5,0.6,FALSE,42.85,-3.55,FALSE
"Sub072_ToD","OA","Morning","Julia","3",6,-1.44444444444444,FALSE,22.4444444444444,-18.2222222222222,FALSE
"Sub072_ToD","OA","Morning","Julia","Overall",5.38461538461539,0.423076923076923,FALSE,36.8076923076923,-1.73076923076923,FALSE
"Sub073_ToD","OA","Night","Julia","1",11.625,-4.375,FALSE,57.75,25.5,FALSE
"Sub073_ToD","OA","Night","Julia","2",7.5,0.5,FALSE,133.5,-4.5,TRUE
"Sub073_ToD","OA","Night","Julia","3",7.90909090909091,6.09090909090909,FALSE,85.1818181818182,26.0909090909091,FALSE
"Sub073_ToD","OA","Night","Julia","Overall",9.28571428571429,1.57142857142857,FALSE,79.3333333333333,22.952380952381,FALSE
"Sub074_ToD","OA","Morning","Julia","1",6.42857142857143,4.71428571428571,FALSE,59.8571428571429,1,FALSE
"Sub074_ToD","OA","Morning","Julia","2",5.22222222222222,-4.33333333333333,FALSE,50.5555555555556,-25.6666666666667,FALSE
"Sub074_ToD","OA","Morning","Julia","3",6.25,3.75,FALSE,27.75,-24.25,FALSE
"Sub074_ToD","OA","Morning","Julia","Overall",5.91666666666667,1,FALSE,45.6666666666667,-17.4166666666667,FALSE
"Sub075_ToD","OA","Night","Julia","1",7.23529411764706,-1.23529411764706,FALSE,23.0588235294118,-2.82352941176471,FALSE
"Sub075_ToD","OA","Night","Julia","2",5.5,-0.0555555555555556,FALSE,23.8888888888889,4.66666666666667,FALSE
"Sub075_ToD","OA","Night","Julia","3",4.52631578947368,2.63157894736842,FALSE,35.5263157894737,-2.05263157894737,FALSE
"Sub075_ToD","OA","Night","Julia","Overall",5.7037037037037,0.518518518518518,FALSE,27.7222222222222,-0.0555555555555556,FALSE
"Sub076_ToD","YA","Night","Julia","1",3.9375,-1.1875,FALSE,38.75,-0.5,FALSE
"Sub076_ToD","YA","Night","Julia","2",4.66666666666667,0.666666666666667,FALSE,69.8333333333333,-35.6111111111111,FALSE
"Sub076_ToD","YA","Night","Julia","3",5.78947368421053,1.26315789473684,FALSE,60.1578947368421,-1.52631578947368,FALSE
"Sub076_ToD","YA","Night","Julia","Overall",4.84905660377358,0.320754716981132,FALSE,56.9811320754717,-12.7924528301887,FALSE
"Sub077_ToD","OA","Morning","Julia","1",10.7894736842105,1.42105263157895,FALSE,33.6315789473684,12.5789473684211,FALSE
"Sub077_ToD","OA","Morning","Julia","2",13.7058823529412,-2.41176470588235,FALSE,45.0588235294118,4.47058823529412,FALSE
"Sub077_ToD","OA","Morning","Julia","3",11.7894736842105,-2.94736842105263,FALSE,36.2105263157895,9.26315789473684,FALSE
"Sub077_ToD","OA","Morning","Julia","Overall",12.0363636363636,-1.27272727272727,FALSE,38.0545454545455,8.92727272727273,FALSE
"Sub078_ToD","YA","Night","Julia","1",1.94117647058824,0.411764705882353,FALSE,32.5882352941176,-14.8235294117647,FALSE
"Sub078_ToD","YA","Night","Julia","2",11.1176470588235,6.52941176470588,FALSE,65.2352941176471,-4.41176470588235,FALSE
"Sub078_ToD","YA","Night","Julia","3",2.125,-1.25,FALSE,57.3125,-18.1875,FALSE
"Sub078_ToD","YA","Night","Julia","Overall",5.12,1.96,FALSE,51.6,-12.36,FALSE
"Sub079_ToD","OA","Morning","Julia","1",9.05555555555556,-1.94444444444444,FALSE,38.8333333333333,9.83333333333333,FALSE
"Sub079_ToD","OA","Morning","Julia","2",6.94117647058824,-1.05882352941176,FALSE,27.9411764705882,-18.6470588235294,FALSE
"Sub079_ToD","OA","Morning","Julia","3",5.53333333333333,-0.333333333333333,FALSE,47,-4.46666666666667,FALSE
"Sub079_ToD","OA","Morning","Julia","Overall",7.28,-1.16,FALSE,37.58,-4.14,FALSE
"Sub080_ToD","OA","Night","Julia","1",6.64285714285714,-0.642857142857143,FALSE,38.4285714285714,-24.4285714285714,FALSE
"Sub080_ToD","OA","Night","Julia","2",10.2941176470588,-0.411764705882353,FALSE,45.7647058823529,-24.3529411764706,FALSE
"Sub080_ToD","OA","Night","Julia","3",9.6,1.5,FALSE,28.15,9.75,FALSE
"Sub080_ToD","OA","Night","Julia","Overall",9.01960784313725,0.274509803921569,FALSE,36.843137254902,-11,FALSE
"Sub081_ToD","OA","Night","Julia","1",6.4,-4.93333333333333,FALSE,35.4666666666667,-0.666666666666667,FALSE
"Sub081_ToD","OA","Night","Julia","2",6.47368421052632,1.73684210526316,FALSE,18.2105263157895,4.84210526315789,FALSE
"Sub081_ToD","OA","Night","Julia","3",7.52631578947368,1.94736842105263,FALSE,16.3684210526316,7.52631578947368,FALSE
"Sub081_ToD","OA","Night","Julia","Overall",6.83018867924528,-0.0754716981132075,FALSE,22.4339622641509,4.24528301886792,FALSE
"Sub082_ToD","YA","Morning","Julia","1",5.26666666666667,2.6,FALSE,24.8,19.7333333333333,FALSE
"Sub082_ToD","YA","Morning","Julia","2",5.35714285714286,0.928571428571429,FALSE,23.8571428571429,16.5714285714286,FALSE
"Sub082_ToD","YA","Morning","Julia","3",4,-0.181818181818182,FALSE,59,21,FALSE
"Sub082_ToD","YA","Morning","Julia","Overall",4.95,1.25,FALSE,33.875,18.975,FALSE
"Sub083_ToD","OA","Morning","Julia","1",20.25,-0.85,FALSE,31.8,-12.8,FALSE
"Sub083_ToD","OA","Morning","Julia","2",9.64705882352941,1.64705882352941,FALSE,26.7647058823529,11.2352941176471,FALSE
"Sub083_ToD","OA","Morning","Julia","3",6.63157894736842,2.42105263157895,FALSE,23.7368421052632,-15.5263157894737,FALSE
"Sub083_ToD","OA","Morning","Julia","Overall",12.4107142857143,1.01785714285714,FALSE,27.5357142857143,-6.42857142857143,FALSE
"Sub084_ToD","YA","Morning","Julia","1",3.61111111111111,1.27777777777778,FALSE,32.6111111111111,21.3888888888889,FALSE
"Sub084_ToD","YA","Morning","Julia","2",4.15789473684211,1.31578947368421,FALSE,32.4210526315789,12.4210526315789,FALSE
"Sub084_ToD","YA","Morning","Julia","3",3.15789473684211,-0.631578947368421,FALSE,27,22.8947368421053,FALSE
"Sub084_ToD","YA","Morning","Julia","Overall",3.64285714285714,0.642857142857143,FALSE,30.6428571428571,18.8571428571429,FALSE
"Sub085_ToD","YA","Morning","Julia","1",3.78571428571429,0.642857142857143,FALSE,36,-24,FALSE
"Sub085_ToD","YA","Morning","Julia","2",4.30769230769231,-0.153846153846154,FALSE,34.8461538461538,-2.23076923076923,FALSE
"Sub085_ToD","YA","Morning","Julia","3",3.15384615384615,0.384615384615385,FALSE,32.8461538461538,0.846153846153846,FALSE
"Sub085_ToD","YA","Morning","Julia","Overall",3.75,0.3,FALSE,34.6,-8.85,FALSE
"Sub086_ToD","YA","Morning","Julia","1",5.33333333333333,0.933333333333333,FALSE,23.2,11.0666666666667,FALSE
"Sub086_ToD","YA","Morning","Julia","2",7.58823529411765,-0.882352941176471,FALSE,34.9411764705882,4.47058823529412,FALSE
"Sub086_ToD","YA","Morning","Julia","3",10.1111111111111,-0.222222222222222,FALSE,33.6111111111111,1.05555555555556,FALSE
"Sub086_ToD","YA","Morning","Julia","Overall",7.82,-0.1,FALSE,30.94,5.22,FALSE
"Sub087_ToD","YA","Morning","Julia","1",10.25,-7,FALSE,29.625,15.125,FALSE
"Sub087_ToD","YA","Morning","Julia","2",3.33333333333333,-2.66666666666667,FALSE,48.8888888888889,-42.6666666666667,FALSE
"Sub087_ToD","YA","Morning","Julia","3",8.66666666666667,-2.66666666666667,FALSE,30.5555555555556,10.7777777777778,FALSE
"Sub087_ToD","YA","Morning","Julia","Overall",7.30769230769231,-4,FALSE,36.6153846153846,-6.38461538461539,FALSE
"Sub088_ToD","YA","Morning","Julia","1",5.47368421052632,-1.15789473684211,FALSE,25.2105263157895,-11.4210526315789,FALSE
"Sub088_ToD","YA","Morning","Julia","2",4.7,1.9,FALSE,27.4,2.4,FALSE
"Sub088_ToD","YA","Morning","Julia","3",4.05263157894737,0.263157894736842,FALSE,10.8947368421053,0.0526315789473684,FALSE
"Sub088_ToD","YA","Morning","Julia","Overall",4.74137931034483,0.362068965517241,FALSE,21.2758620689655,-2.89655172413793,FALSE
"Sub089_ToD","OA","Morning","Julia","1",9.4,-2,FALSE,8.05,-5.05,FALSE
"Sub089_ToD","OA","Morning","Julia","2",8.65,-2.85,FALSE,9.05,-2.25,FALSE
"Sub089_ToD","OA","Morning","Julia","3",11.9,-5.4,FALSE,9,-4.5,FALSE
"Sub089_ToD","OA","Morning","Julia","Overall",9.98333333333333,-3.41666666666667,FALSE,8.7,-3.93333333333333,FALSE
"Sub090_ToD","OA","Morning","Julia","1",4.875,-1,FALSE,67.8125,26.5625,FALSE
"Sub090_ToD","OA","Morning","Julia","2",14.625,-10.125,FALSE,37.5625,6.8125,FALSE
"Sub090_ToD","OA","Morning","Julia","3",5.35294117647059,2.52941176470588,FALSE,36.1764705882353,12.2941176470588,FALSE
"Sub090_ToD","OA","Morning","Julia","Overall",8.22448979591837,-2.75510204081633,FALSE,46.9591836734694,15.1632653061224,FALSE
"Sub091_ToD","YA","Morning","Julia","1",6.1,1.8,FALSE,40.5,13.3,FALSE
"Sub091_ToD","YA","Morning","Julia","2",7.68421052631579,0.210526315789474,FALSE,41.5789473684211,23.7894736842105,FALSE
"Sub091_ToD","YA","Morning","Julia","3",8.125,-2.75,FALSE,37.1875,33.8125,FALSE
"Sub091_ToD","YA","Morning","Julia","Overall",7.23636363636364,-0.0727272727272727,FALSE,39.9090909090909,22.8909090909091,FALSE
"Sub092_ToD","OA","Night","Julia","1",8.27777777777778,3.38888888888889,FALSE,10.8888888888889,1.66666666666667,FALSE
"Sub092_ToD","OA","Night","Julia","2",8,-3.29411764705882,FALSE,8.05882352941176,-4.76470588235294,FALSE
"Sub092_ToD","OA","Night","Julia","3",9.89473684210526,-7.68421052631579,FALSE,17,10.2631578947368,FALSE
"Sub092_ToD","OA","Night","Julia","Overall",8.75925925925926,-2.61111111111111,FALSE,12.1481481481481,2.66666666666667,FALSE
"Sub093_ToD","OA","Night","Julia","1",5.63157894736842,-2.26315789473684,FALSE,22.6315789473684,-7.47368421052632,FALSE
"Sub093_ToD","OA","Night","Julia","2",4.94736842105263,1.26315789473684,FALSE,24.5789473684211,-5.21052631578947,FALSE
"Sub093_ToD","OA","Night","Julia","3",7.44444444444444,0.555555555555556,FALSE,23.2222222222222,-6.44444444444444,FALSE
"Sub093_ToD","OA","Night","Julia","Overall",5.98214285714286,-0.160714285714286,FALSE,23.4821428571429,-6.375,FALSE
"Sub094_ToD","YA","Night","Julia","1",4.42105263157895,-0.631578947368421,FALSE,16.7368421052632,6,FALSE
"Sub094_ToD","YA","Night","Julia","2",4.75,1.05,FALSE,27.5,-22.4,FALSE
"Sub094_ToD","YA","Night","Julia","3",5.05,0.25,FALSE,21.35,-16.15,FALSE
"Sub094_ToD","YA","Night","Julia","Overall",4.74576271186441,0.23728813559322,FALSE,21.9491525423729,-11.135593220339,FALSE
"Sub095_ToD","YA","Night","Julia","1",4.3,2.3,FALSE,39.3,-27.9,FALSE
"Sub095_ToD","YA","Night","Julia","2",7.77777777777778,-6,FALSE,32.8888888888889,-16.4444444444444,FALSE
"Sub095_ToD","YA","Night","Julia","3",13.625,-3.625,FALSE,56.375,21.375,FALSE
"Sub095_ToD","YA","Night","Julia","Overall",8.22222222222222,-2.22222222222222,FALSE,42.2222222222222,-9.48148148148148,FALSE
"Sub096_ToD","YA","Night","Julia","1",4.35294117647059,-1.17647058823529,FALSE,10.4705882352941,2.35294117647059,FALSE
"Sub096_ToD","YA","Night","Julia","2",9.05555555555556,4.61111111111111,FALSE,23,-3.66666666666667,FALSE
"Sub096_ToD","YA","Night","Julia","3",8.61538461538461,-2.61538461538462,FALSE,36,-2.15384615384615,FALSE
"Sub096_ToD","YA","Night","Julia","Overall",7.27083333333333,0.604166666666667,FALSE,22.0833333333333,-1.125,FALSE
"Sub097_ToD","YA","Night","Julia","1",5.47058823529412,2.05882352941176,FALSE,47.4117647058824,-26.8235294117647,FALSE
"Sub097_ToD","YA","Night","Julia","2",5.64705882352941,1.05882352941176,FALSE,42.2941176470588,-0.176470588235294,FALSE
"Sub097_ToD","YA","Night","Julia","3",7.71428571428571,2.14285714285714,FALSE,58,-26.5714285714286,FALSE
"Sub097_ToD","YA","Night","Julia","Overall",6.1875,1.72916666666667,FALSE,48.6875,-17.3125,FALSE
"Sub098_ToD","YA","Night","Julia","1",8.8,-3.4,FALSE,64.6,5,FALSE
"Sub098_ToD","YA","Night","Julia","2",5.09090909090909,-1.27272727272727,FALSE,89,-7.54545454545455,FALSE
"Sub098_ToD","YA","Night","Julia","3",6.44444444444444,1.77777777777778,FALSE,38.6666666666667,5.55555555555556,FALSE
"Sub098_ToD","YA","Night","Julia","Overall",6.73333333333333,-1.06666666666667,FALSE,65.7666666666667,0.566666666666667,FALSE
"Sub099_ToD","OA","Night","Julia","1",6.15,-1.25,FALSE,8.4,2.7,FALSE
"Sub099_ToD","OA","Night","Julia","2",4.11111111111111,-0.666666666666667,FALSE,23.5555555555556,12.7777777777778,FALSE
"Sub099_ToD","OA","Night","Julia","3",2.94444444444444,-0.388888888888889,FALSE,22.8333333333333,3.38888888888889,FALSE
"Sub099_ToD","OA","Night","Julia","Overall",4.46428571428571,-0.785714285714286,FALSE,17.9107142857143,6.16071428571429,FALSE
"Sub100_ToD","OA","Night","Julia","1",4.75,-0.75,FALSE,54.1666666666667,-8.16666666666667,FALSE
"Sub100_ToD","OA","Night","Julia","2",5.38461538461539,-0.307692307692308,FALSE,38.8461538461538,-5,FALSE
"Sub100_ToD","OA","Night","Julia","3",8.33333333333333,-4.83333333333333,FALSE,44.5833333333333,5.91666666666667,FALSE
"Sub100_ToD","OA","Night","Julia","Overall",6.13513513513514,-1.91891891891892,FALSE,45.6756756756757,-2.48648648648649,FALSE
"Sub101_ToD","OA","Night","Julia","1",7.61538461538461,0.230769230769231,FALSE,15.2307692307692,5.38461538461539,FALSE
"Sub101_ToD","OA","Night","Julia","2",7.38888888888889,-1.61111111111111,FALSE,33.6111111111111,0.833333333333333,FALSE
"Sub101_ToD","OA","Night","Julia","3",7.25,0.45,FALSE,21.75,5.35,FALSE
"Sub101_ToD","OA","Night","Julia","Overall",7.3921568627451,-0.333333333333333,FALSE,24.2745098039216,3.76470588235294,FALSE
"Sub102_ToD","YA","Night","Julia","1",4.31578947368421,-1.15789473684211,FALSE,50.3157894736842,-7.68421052631579,FALSE
"Sub102_ToD","YA","Night","Julia","2",3.31578947368421,0.894736842105263,FALSE,49.5263157894737,-8.47368421052632,FALSE
"Sub102_ToD","YA","Night","Julia","3",2.82352941176471,-0.117647058823529,FALSE,28.7647058823529,-13.4705882352941,FALSE
"Sub102_ToD","YA","Night","Julia","Overall",3.50909090909091,-0.127272727272727,FALSE,43.3818181818182,-9.74545454545455,FALSE
"Sub103_ToD","YA","Night","Julia","1",6.5,-1.61111111111111,FALSE,45,22.5555555555556,FALSE
"Sub103_ToD","YA","Night","Julia","2",10,4.4,FALSE,72.0666666666667,-15.5333333333333,FALSE
"Sub103_ToD","YA","Night","Julia","3",7,1.83333333333333,FALSE,69.6666666666667,8.66666666666667,FALSE
"Sub103_ToD","YA","Night","Julia","Overall",7.8,1.31111111111111,FALSE,60.6,6.15555555555556,FALSE
"Sub104_ToD","OA","Night","Julia","1",6.83333333333333,-0.277777777777778,FALSE,24.5555555555556,-2.88888888888889,FALSE
"Sub104_ToD","OA","Night","Julia","2",5.6,3.2,FALSE,17.1333333333333,8.46666666666667,FALSE
"Sub104_ToD","OA","Night","Julia","3",5,-3.66666666666667,FALSE,14.9333333333333,2.66666666666667,FALSE
"Sub104_ToD","OA","Night","Julia","Overall",5.875,-0.25,FALSE,19.2291666666667,2.39583333333333,FALSE
"Sub105_ToD","YA","Morning","Julia","1",4.92857142857143,-0.642857142857143,FALSE,56.2142857142857,24.5,FALSE
"Sub105_ToD","YA","Morning","Julia","2",3.27272727272727,0.727272727272727,FALSE,56.7272727272727,-36.5454545454545,FALSE
"Sub105_ToD","YA","Morning","Julia","3",3.44444444444444,0.555555555555556,FALSE,43.2222222222222,28.5555555555556,FALSE
"Sub105_ToD","YA","Morning","Julia","Overall",4,0.117647058823529,FALSE,52.9411764705882,5.82352941176471,FALSE
"Sub106_ToD","YA","Morning","Julia","1",5.27777777777778,1.16666666666667,FALSE,39.7222222222222,4.38888888888889,FALSE
"Sub106_ToD","YA","Morning","Julia","2",6.9,1,FALSE,51.45,-8.65,FALSE
"Sub106_ToD","YA","Morning","Julia","3",7.36842105263158,-0.526315789473684,FALSE,31.3684210526316,-6.84210526315789,FALSE
"Sub106_ToD","YA","Morning","Julia","Overall",6.54385964912281,0.543859649122807,FALSE,41.0526315789474,-3.92982456140351,FALSE
"Sub107_ToD","YA","Morning","Julia","1",5.06666666666667,-1.46666666666667,FALSE,49.3333333333333,26.4,FALSE
"Sub107_ToD","YA","Morning","Julia","2",2.93333333333333,-0.133333333333333,FALSE,38.5333333333333,-26.4,FALSE
"Sub107_ToD","YA","Morning","Julia","3",3.125,2.125,FALSE,15.125,-6.25,FALSE
"Sub107_ToD","YA","Morning","Julia","Overall",3.69565217391304,0.217391304347826,FALSE,33.9130434782609,-2.17391304347826,FALSE
"Sub108_ToD","YA","Night","Julia","1",11.5294117647059,4.94117647058824,FALSE,22.8823529411765,-0.0588235294117647,FALSE
"Sub108_ToD","YA","Night","Julia","2",18.0555555555556,-1.5,FALSE,31.3333333333333,-14.2222222222222,FALSE
"Sub108_ToD","YA","Night","Julia","3",27.45,-9.55,FALSE,43.95,-14.75,FALSE
"Sub108_ToD","YA","Night","Julia","Overall",19.4545454545455,-2.43636363636364,FALSE,33.3090909090909,-10.0363636363636,FALSE
"Sub109_ToD","OA","Morning","Julia","1",8.5,1.5,FALSE,78.75,4.5,FALSE
"Sub109_ToD","OA","Morning","Julia","2",12,-2.85714285714286,FALSE,61.1428571428571,59.1428571428571,FALSE
"Sub109_ToD","OA","Morning","Julia","3",9.54545454545454,-3.72727272727273,FALSE,54,-18,FALSE
"Sub109_ToD","OA","Morning","Julia","Overall",9.88461538461539,-1.88461538461538,FALSE,63.5384615384615,9.69230769230769,FALSE
"Sub110_ToD","OA","Morning","Julia","1",7.29411764705882,3.88235294117647,FALSE,22,2.35294117647059,FALSE
"Sub110_ToD","OA","Morning","Julia","2",9.125,3.125,FALSE,42.8125,-11.4375,FALSE
"Sub110_ToD","OA","Morning","Julia","3",7.6875,5.5625,FALSE,12.5,6.625,FALSE
"Sub110_ToD","OA","Morning","Julia","Overall",8.02040816326531,4.18367346938776,FALSE,25.6938775510204,-0.755102040816326,FALSE
"Sub111_ToD","OA","Morning","Julia","1",8.27777777777778,-2.27777777777778,FALSE,22.7777777777778,-0.111111111111111,FALSE
"Sub111_ToD","OA","Morning","Julia","2",7.5,-1.2,FALSE,6.85,3.95,FALSE
"Sub111_ToD","OA","Morning","Julia","3",5.8,-1.5,FALSE,6.6,2.6,FALSE
"Sub111_ToD","OA","Morning","Julia","Overall",7.1551724137931,-1.63793103448276,FALSE,11.7068965517241,2.22413793103448,FALSE
"Sub112_ToD","OA","Morning","Julia","1",6.21052631578947,-0.947368421052632,FALSE,9.52631578947368,-2.57894736842105,FALSE
"Sub112_ToD","OA","Morning","Julia","2",3.72222222222222,-0.388888888888889,FALSE,6.77777777777778,-2.33333333333333,FALSE
"Sub112_ToD","OA","Morning","Julia","3",5.11111111111111,2,FALSE,6.38888888888889,1.72222222222222,FALSE
"Sub112_ToD","OA","Morning","Julia","Overall",5.03636363636364,0.2,FALSE,7.6,-1.09090909090909,FALSE
"Sub113_ToD","OA","Night","Julia","1",6.15789473684211,0.894736842105263,FALSE,46.2631578947368,-9.31578947368421,FALSE
"Sub113_ToD","OA","Night","Julia","2",7.47368421052632,-3.36842105263158,FALSE,27.6315789473684,-0.368421052631579,FALSE
"Sub113_ToD","OA","Night","Julia","3",14.7777777777778,2.55555555555556,FALSE,43,21.2222222222222,FALSE
"Sub113_ToD","OA","Night","Julia","Overall",9.375,-0.0178571428571429,FALSE,38.8928571428571,3.53571428571429,FALSE
"Sub114_ToD","YA","Night","Julia","1",5.17647058823529,-0.823529411764706,FALSE,27.4705882352941,-12.5294117647059,FALSE
"Sub114_ToD","YA","Night","Julia","2",6.82352941176471,-0.470588235294118,FALSE,44.7647058823529,-2.76470588235294,FALSE
"Sub114_ToD","YA","Night","Julia","3",7.11111111111111,1.22222222222222,FALSE,65.5555555555556,38.8888888888889,FALSE
"Sub114_ToD","YA","Night","Julia","Overall",6.38461538461539,0,FALSE,46.3076923076923,8.46153846153846,FALSE
"Sub115_ToD","YA","Morning","Julia","1",11.1428571428571,-2.57142857142857,FALSE,48.6428571428571,2.21428571428571,FALSE
"Sub115_ToD","YA","Morning","Julia","2",7.63636363636364,-2.18181818181818,FALSE,52.4545454545455,-23.1818181818182,FALSE
"Sub115_ToD","YA","Morning","Julia","3",7,3.4,FALSE,58.1,9.5,FALSE
"Sub115_ToD","YA","Morning","Julia","Overall",8.85714285714286,-0.742857142857143,FALSE,52.5428571428571,-3.68571428571429,FALSE
"Sub116_ToD","OA","Morning","Julia","1",10.3333333333333,-7.66666666666667,FALSE,17.2777777777778,-10.6111111111111,FALSE
"Sub116_ToD","OA","Morning","Julia","2",7.15,-0.25,FALSE,11.35,2.15,FALSE
"Sub116_ToD","OA","Morning","Julia","3",7.2,0.5,FALSE,11.85,1.85,FALSE
"Sub116_ToD","OA","Morning","Julia","Overall",8.1551724137931,-2.29310344827586,FALSE,13.3620689655172,-1.91379310344828,FALSE
"Sub117_ToD","YA","Morning","Julia","1",11.0625,-0.6875,FALSE,44.0625,-4.5625,FALSE
"Sub117_ToD","YA","Morning","Julia","2",28.3333333333333,-13.2222222222222,FALSE,42.1111111111111,5.22222222222222,FALSE
"Sub117_ToD","YA","Morning","Julia","3",17.1764705882353,-7.76470588235294,FALSE,98.5294117647059,-34.6470588235294,FALSE
"Sub117_ToD","YA","Morning","Julia","Overall",17.2380952380952,-6.23809523809524,FALSE,65.6904761904762,-14.6428571428571,FALSE
"Sub118_ToD","YA","Morning","Julia","1",6.07692307692308,2.23076923076923,FALSE,20.2307692307692,5.46153846153846,FALSE
"Sub118_ToD","YA","Morning","Julia","2",4.1875,-1.9375,FALSE,36.875,2.375,FALSE
"Sub118_ToD","YA","Morning","Julia","3",5.125,-1,FALSE,62.625,43.25,FALSE
"Sub118_ToD","YA","Morning","Julia","Overall",5.06666666666667,-0.4,FALSE,41.2222222222222,17.8,FALSE
"Sub119_ToD","OA","Morning","Julia","1",5.52941176470588,1.17647058823529,FALSE,39.1176470588235,-7.47058823529412,FALSE
"Sub119_ToD","OA","Morning","Julia","2",11.5882352941176,-2.17647058823529,FALSE,40.8823529411765,-19.3529411764706,FALSE
"Sub119_ToD","OA","Morning","Julia","3",5.05263157894737,-1.68421052631579,FALSE,20.6315789473684,-7.89473684210526,FALSE
"Sub119_ToD","OA","Morning","Julia","Overall",7.30188679245283,-0.924528301886792,FALSE,33.0566037735849,-11.4339622641509,FALSE
"Sub120_ToD","YA","Night","Julia","1",8.2,-4.73333333333333,FALSE,12.2666666666667,4.13333333333333,FALSE
"Sub120_ToD","YA","Night","Julia","2",7.46153846153846,1.61538461538462,FALSE,40.3846153846154,-1.15384615384615,FALSE
"Sub120_ToD","YA","Night","Julia","3",3.53846153846154,-0.461538461538462,FALSE,64.1538461538462,17.2307692307692,FALSE
"Sub120_ToD","YA","Night","Julia","Overall",6.48780487804878,-1.36585365853659,FALSE,37.6341463414634,6.60975609756098,FALSE
"Sub121_ToD","OA","Night","Julia","1",8.33333333333333,-2.33333333333333,FALSE,49,-14.5,FALSE
"Sub121_ToD","OA","Night","Julia","2",8.18181818181818,1.45454545454545,FALSE,37.6363636363636,9.27272727272727,FALSE
"Sub121_ToD","OA","Night","Julia","3",4.92857142857143,1.64285714285714,FALSE,45.2142857142857,2.07142857142857,FALSE
"Sub121_ToD","OA","Night","Julia","Overall",7,0.297297297297297,FALSE,44.1891891891892,-1.16216216216216,FALSE
"Sub122_ToD","YA","Night","Julia","1",20.2727272727273,13.9090909090909,FALSE,60.1818181818182,-16,FALSE
"Sub122_ToD","YA","Night","Julia","2",11.375,6.125,FALSE,130.125,-13.625,TRUE
"Sub122_ToD","YA","Night","Julia","3",5.66666666666667,-5.66666666666667,FALSE,90.3333333333333,35.6666666666667,FALSE
"Sub122_ToD","YA","Night","Julia","Overall",15.0454545454545,8.40909090909091,FALSE,89.7272727272727,-8.09090909090909,FALSE
"Sub123_ToD","OA","Morning","Julia","1",7.41666666666667,0.25,FALSE,17.5833333333333,-14.4166666666667,FALSE
"Sub123_ToD","OA","Morning","Julia","2",6,3.73333333333333,FALSE,13.7333333333333,8.26666666666667,FALSE
"Sub123_ToD","OA","Morning","Julia","3",5.6875,-0.9375,FALSE,7.9375,1.8125,FALSE
"Sub123_ToD","OA","Morning","Julia","Overall",6.27906976744186,1.02325581395349,FALSE,12.6511627906977,-0.465116279069767,FALSE
"Sub124_ToD","YA","Night","Julia","1",3.3,-0.8,FALSE,26.95,-15.95,FALSE
"Sub124_ToD","YA","Night","Julia","2",3.8,1.7,FALSE,16.35,5.15,FALSE
"Sub124_ToD","YA","Night","Julia","3",3.05,-0.45,FALSE,21.8,11.1,FALSE
"Sub124_ToD","YA","Night","Julia","Overall",3.38333333333333,0.15,FALSE,21.7,0.1,FALSE
"Sub125_ToD","YA","Night","Maheria","1",3.41666666666667,-2.08333333333333,FALSE,55.0833333333333,-0.416666666666667,FALSE
"Sub125_ToD","YA","Night","Maheria","2",4.82352941176471,-2,FALSE,42.0588235294118,-9.47058823529412,FALSE
"Sub125_ToD","YA","Night","Maheria","3",6.66666666666667,-0.4,FALSE,51,-5.8,FALSE
"Sub125_ToD","YA","Night","Maheria","Overall",5.06818181818182,-1.47727272727273,FALSE,48.6590909090909,-5.75,FALSE
"Sub126_ToD","OA","Morning","Maheria","1",6,-1.09090909090909,FALSE,57.9090909090909,1.72727272727273,FALSE
"Sub126_ToD","OA","Morning","Maheria","2",5.66666666666667,3,FALSE,86.5555555555556,-45.8888888888889,FALSE
"Sub126_ToD","OA","Morning","Maheria","3",5.28571428571429,-1.57142857142857,FALSE,78.6428571428571,16.5,FALSE
"Sub126_ToD","OA","Morning","Maheria","Overall",5.61764705882353,-0.205882352941176,FALSE,74.0294117647059,-4.79411764705882,FALSE
"Sub127_ToD","OA","Morning","Maheria","1",7.26666666666667,2.33333333333333,FALSE,71.1333333333333,-39.5333333333333,FALSE
"Sub127_ToD","OA","Morning","Maheria","2",11.7647058823529,3.88235294117647,FALSE,96.7647058823529,-2.88235294117647,FALSE
"Sub127_ToD","OA","Morning","Maheria","3",12.8,1.46666666666667,FALSE,87.5333333333333,66.3333333333333,FALSE
"Sub127_ToD","OA","Morning","Maheria","Overall",10.6595744680851,2.61702127659574,FALSE,85.6382978723404,7.51063829787234,FALSE
"Sub128_ToD","YA","Morning","Maheria","1",7.23529411764706,0.176470588235294,FALSE,38.9411764705882,29.8823529411765,FALSE
"Sub128_ToD","YA","Morning","Maheria","2",4.46666666666667,0.333333333333333,FALSE,23.2,-1.06666666666667,FALSE
"Sub128_ToD","YA","Morning","Maheria","3",4.88888888888889,-1.66666666666667,FALSE,21.6666666666667,-1.77777777777778,FALSE
"Sub128_ToD","YA","Morning","Maheria","Overall",5.56,-0.44,FALSE,28,9.2,FALSE
"Sub129_ToD","OA","Night","Maheria","1",3.5,-0.214285714285714,FALSE,59.5,3.64285714285714,FALSE
"Sub129_ToD","OA","Night","Maheria","2",5.05555555555556,1.05555555555556,FALSE,30.6666666666667,-20.1111111111111,FALSE
"Sub129_ToD","OA","Night","Maheria","3",8.3125,2.5625,FALSE,46.6875,-16.4375,FALSE
"Sub129_ToD","OA","Night","Maheria","Overall",5.6875,1.1875,FALSE,44.4166666666667,-11.9583333333333,FALSE
"Sub130_ToD","YA","Morning","Maheria","1",7,-3.125,FALSE,31.125,15.75,FALSE
"Sub130_ToD","YA","Morning","Maheria","2",9.4,2.73333333333333,FALSE,24.4666666666667,-10.3333333333333,FALSE
"Sub130_ToD","YA","Morning","Maheria","3",6.25,0.375,FALSE,25.5,10.375,FALSE
"Sub130_ToD","YA","Morning","Maheria","Overall",7.51063829787234,-0.0638297872340425,FALSE,27.0851063829787,5.59574468085106,FALSE
"Sub131_ToD","OA","Morning","Maheria","1",3.5,2.66666666666667,FALSE,34.8333333333333,14.3333333333333,FALSE
"Sub131_ToD","OA","Morning","Maheria","2",3.42857142857143,0.714285714285714,FALSE,44,-18.2857142857143,FALSE
"Sub131_ToD","OA","Morning","Maheria","3",5.3125,1.6875,FALSE,62.875,-9.5,FALSE
"Sub131_ToD","OA","Morning","Maheria","Overall",4.16666666666667,1.64285714285714,FALSE,48.5714285714286,-5.61904761904762,FALSE
"Sub132_ToD","YA","Night","Maheria","1",5.25,-1.25,FALSE,42.5,-24.125,FALSE
"Sub132_ToD","YA","Night","Maheria","2",6.85714285714286,-2.14285714285714,FALSE,42.0714285714286,-13.2142857142857,FALSE
"Sub132_ToD","YA","Night","Maheria","3",5.42857142857143,-3.57142857142857,FALSE,30.9285714285714,-19.9285714285714,FALSE
"Sub132_ToD","YA","Night","Maheria","Overall",5.81818181818182,-2.27272727272727,FALSE,38.6818181818182,-19.3181818181818,FALSE
"Sub133_ToD","OA","Morning","Maheria","1",7.5,-2.75,FALSE,43.75,14.625,FALSE
"Sub133_ToD","OA","Morning","Maheria","2",9.8125,3.6875,FALSE,31.9375,18.9375,FALSE
"Sub133_ToD","OA","Morning","Maheria","3",8.75,-6.15,FALSE,38.5,7.2,FALSE
"Sub133_ToD","OA","Morning","Maheria","Overall",8.69230769230769,-2.07692307692308,FALSE,38.0961538461538,13.0961538461538,FALSE
"Sub134_ToD","OA","Night","Maheria","1",101.176470588235,-29.1764705882353,TRUE,104.058823529412,30.0588235294118,TRUE
"Sub134_ToD","OA","Night","Maheria","2",72.6666666666667,-0.888888888888889,TRUE,93.2777777777778,-24.9444444444444,FALSE
"Sub134_ToD","OA","Night","Maheria","3",73.1052631578947,-21.5263157894737,TRUE,85.2105263157895,-4.15789473684211,FALSE
"Sub134_ToD","OA","Night","Maheria","Overall",81.7962962962963,-17.0555555555556,TRUE,93.8333333333333,-0.314814814814815,FALSE
"Sub135_ToD","YA","Night","Maheria","1",10.4615384615385,-3.69230769230769,FALSE,90.9230769230769,-2.30769230769231,FALSE
"Sub135_ToD","YA","Night","Maheria","2",8.5,0.75,FALSE,30.0625,-9.0625,FALSE
"Sub135_ToD","YA","Night","Maheria","3",8.0625,1.3125,FALSE,58.5625,-30.8125,FALSE
"Sub135_ToD","YA","Night","Maheria","Overall",8.91111111111111,-0.333333333333333,FALSE,57.7777777777778,-14.8444444444444,FALSE
"Sub136_ToD","YA","Night","Maheria","1",4.75,0.55,FALSE,25.2,-2.9,FALSE
"Sub136_ToD","YA","Night","Maheria","2",5.27777777777778,-1.83333333333333,FALSE,18.6111111111111,-9.38888888888889,FALSE
"Sub136_ToD","YA","Night","Maheria","3",5.05,-1.45,FALSE,23,-2.9,FALSE
"Sub136_ToD","YA","Night","Maheria","Overall",5.01724137931035,-0.879310344827586,FALSE,22.3965517241379,-4.91379310344828,FALSE
"Sub137_ToD","OA","Morning","Maheria","1",8.63157894736842,-2.84210526315789,FALSE,20.6842105263158,4.68421052631579,FALSE
"Sub137_ToD","OA","Morning","Maheria","2",4.66666666666667,0.111111111111111,FALSE,41.3888888888889,5.5,FALSE
"Sub137_ToD","OA","Morning","Maheria","3",4.88235294117647,-0.176470588235294,FALSE,30.0588235294118,-1.70588235294118,FALSE
"Sub137_ToD","OA","Morning","Maheria","Overall",6.12962962962963,-1.01851851851852,FALSE,30.537037037037,2.94444444444444,FALSE
"Sub138_ToD","OA","Morning","Maheria","1",6,1.17647058823529,FALSE,25.8235294117647,-14.6470588235294,FALSE
"Sub138_ToD","OA","Morning","Maheria","2",7.26315789473684,-3.68421052631579,FALSE,19.3157894736842,-15.1052631578947,FALSE
"Sub138_ToD","OA","Morning","Maheria","3",10,-2.94736842105263,FALSE,12.8947368421053,-8.47368421052632,FALSE
"Sub138_ToD","OA","Morning","Maheria","Overall",7.81818181818182,-1.92727272727273,FALSE,19.1090909090909,-12.6727272727273,FALSE
"Sub139_ToD","YA","Morning","Maheria","1",5.65,-0.65,FALSE,20.7,6.8,FALSE
"Sub139_ToD","YA","Morning","Maheria","2",6.72222222222222,0.388888888888889,FALSE,34.7222222222222,1.72222222222222,FALSE
"Sub139_ToD","YA","Morning","Maheria","3",7,-0.833333333333333,FALSE,32.75,2.25,FALSE
"Sub139_ToD","YA","Morning","Maheria","Overall",6.36,-0.32,FALSE,28.64,3.88,FALSE
"Sub140_ToD","OA","Morning","Maheria","1",6.11111111111111,0.333333333333333,FALSE,24.3333333333333,17.5555555555556,FALSE
"Sub140_ToD","OA","Morning","Maheria","2",6.94444444444444,1.61111111111111,FALSE,35.4444444444444,-16.3333333333333,FALSE
"Sub140_ToD","OA","Morning","Maheria","3",8.78947368421053,1.73684210526316,FALSE,25.1578947368421,-10.1052631578947,FALSE
"Sub140_ToD","OA","Morning","Maheria","Overall",7.30909090909091,1.23636363636364,FALSE,28.2545454545455,-3.09090909090909,FALSE
"Sub141_ToD","OA","Night","Maheria","1",6.8125,-1.8125,FALSE,50.375,-0.5,FALSE
"Sub141_ToD","OA","Night","Maheria","2",8.5,-4.25,FALSE,36.125,-15.25,FALSE
"Sub141_ToD","OA","Night","Maheria","3",8.76470588235294,-1.70588235294118,FALSE,70.0588235294118,8.76470588235294,FALSE
"Sub141_ToD","OA","Night","Maheria","Overall",8.04081632653061,-2.57142857142857,FALSE,52.5510204081633,-2.10204081632653,FALSE
"Sub142_ToD","OA","Night","Maheria","1",4.3,1.4,FALSE,9.85,2.55,FALSE
"Sub142_ToD","OA","Night","Maheria","2",4.52631578947368,-0.526315789473684,FALSE,11.2631578947368,5.36842105263158,FALSE
"Sub142_ToD","OA","Night","Maheria","3",2.95,-1.55,FALSE,7.1,-2.3,FALSE
"Sub142_ToD","OA","Night","Maheria","Overall",3.91525423728814,-0.220338983050847,FALSE,9.3728813559322,1.8135593220339,FALSE
"Sub143_ToD","OA","Night","Maheria","1",7.52631578947368,-2.47368421052632,FALSE,16.3684210526316,-3.63157894736842,FALSE
"Sub143_ToD","OA","Night","Maheria","2",5.17647058823529,-1.76470588235294,FALSE,33.2352941176471,12.4117647058824,FALSE
"Sub143_ToD","OA","Night","Maheria","3",4.29411764705882,-2.05882352941176,FALSE,43.5882352941176,20.0588235294118,FALSE
"Sub143_ToD","OA","Night","Maheria","Overall",5.73584905660377,-2.11320754716981,FALSE,30.5094339622642,9.11320754716981,FALSE
"Sub144_ToD","OA","Night","Maheria","1",10.1111111111111,-5.11111111111111,FALSE,58.2777777777778,22.0555555555556,FALSE
"Sub144_ToD","OA","Night","Maheria","2",6.35,3.75,FALSE,54.35,21.55,FALSE
"Sub144_ToD","OA","Night","Maheria","3",11.1578947368421,4.63157894736842,FALSE,44.1578947368421,-14.0526315789474,FALSE
"Sub144_ToD","OA","Night","Maheria","Overall",9.14035087719298,1.24561403508772,FALSE,52.1929824561403,9.8421052631579,FALSE
"Sub145_ToD","YA","Morning","Maheria","1",4.05555555555556,-0.611111111111111,FALSE,30.2222222222222,3,FALSE
"Sub145_ToD","YA","Morning","Maheria","2",6.14285714285714,-2.42857142857143,FALSE,25.3571428571429,-4.5,FALSE
"Sub145_ToD","YA","Morning","Maheria","3",3.11764705882353,0.764705882352941,FALSE,55.3529411764706,9.47058823529412,FALSE
"Sub145_ToD","YA","Morning","Maheria","Overall",4.3265306122449,-0.653061224489796,FALSE,37.5510204081633,3.10204081632653,FALSE
"Sub146_ToD","YA","Night","Maheria","1",4.26315789473684,-1.21052631578947,FALSE,23.5789473684211,-4,FALSE
"Sub146_ToD","YA","Night","Maheria","2",3.85,-1.35,FALSE,10.95,-6.05,FALSE
"Sub146_ToD","YA","Night","Maheria","3",10.5,-7.72222222222222,FALSE,15.1111111111111,2.77777777777778,FALSE
"Sub146_ToD","YA","Night","Maheria","Overall",6.08771929824561,-3.31578947368421,FALSE,16.4736842105263,-2.57894736842105,FALSE
"Sub147_ToD","YA","Night","Maheria","1",7.16666666666667,-0.5,FALSE,26.8333333333333,3.5,FALSE
"Sub147_ToD","YA","Night","Maheria","2",4.55555555555556,1,FALSE,16.5,-12.8333333333333,FALSE
"Sub147_ToD","YA","Night","Maheria","3",5.28571428571429,1,FALSE,35.5,-24.9285714285714,FALSE
"Sub147_ToD","YA","Night","Maheria","Overall",5.5,0.590909090909091,FALSE,25.3636363636364,-12.2272727272727,FALSE
"Sub148_ToD","YA","Night","Maheria","1",94.2941176470588,15.8235294117647,TRUE,101.235294117647,14.7647058823529,TRUE
"Sub148_ToD","YA","Night","Maheria","2",89.6875,-19.5625,TRUE,98.375,-12.875,FALSE
"Sub148_ToD","YA","Night","Maheria","3",94.85,9.25,TRUE,109,-20,FALSE
"Sub148_ToD","YA","Night","Maheria","Overall",93.1132075471698,2.66037735849057,TRUE,103.301886792453,-6.69811320754717,TRUE
"Sub149_ToD","OA","Night","Maheria","1",13.125,-6.875,FALSE,37.0625,13.4375,FALSE
"Sub149_ToD","OA","Night","Maheria","2",18.0769230769231,5.30769230769231,FALSE,30.8461538461538,4.07692307692308,FALSE
"Sub149_ToD","OA","Night","Maheria","3",19.7333333333333,9.2,FALSE,54.0666666666667,21.2666666666667,FALSE
"Sub149_ToD","OA","Night","Maheria","Overall",16.8409090909091,2.20454545454545,FALSE,41.0227272727273,13.3409090909091,FALSE
"Sub150_ToD","YA","Morning","Maheria","1",6.66666666666667,-1.66666666666667,FALSE,37.7777777777778,-12.8888888888889,FALSE
"Sub150_ToD","YA","Morning","Maheria","2",8,1.29411764705882,FALSE,16.9411764705882,5.29411764705882,FALSE
"Sub150_ToD","YA","Morning","Maheria","3",7.3,0.5,FALSE,24.55,2.15,FALSE
"Sub150_ToD","YA","Morning","Maheria","Overall",7.30909090909091,0.0363636363636364,FALSE,26.5272727272727,-1.8,FALSE
"Sub151_ToD","YA","Morning","Maheria","1",13,-7.82352941176471,FALSE,73.1176470588235,22.1764705882353,FALSE
"Sub151_ToD","YA","Morning","Maheria","2",12.9411764705882,-3.17647058823529,FALSE,51,5.58823529411765,FALSE
"Sub151_ToD","YA","Morning","Maheria","3",6.26666666666667,-0.4,FALSE,49,-10.2,FALSE
"Sub151_ToD","YA","Morning","Maheria","Overall",10.9183673469388,-3.93877551020408,FALSE,58.0612244897959,6.51020408163265,FALSE
"Sub152_ToD","YA","Morning","Maheria","1",3.625,-0.625,FALSE,48.875,-7.625,FALSE
"Sub152_ToD","YA","Morning","Maheria","2",8.25,-8.25,FALSE,72,64,FALSE
"Sub152_ToD","YA","Morning","Maheria","3",8,4.66666666666667,FALSE,61.3333333333333,20.6666666666667,FALSE
"Sub152_ToD","YA","Morning","Maheria","Overall",5.73333333333333,-1.6,FALSE,57.5333333333333,17.1333333333333,FALSE
