"sub_id","AgeGroup","ToD_Condition","collected_by","outlier_Recall_Age","absavg_recall_blockOverall","absavg_recall_block1","absavg_recall_block2","absavg_recall_block3","minavg_recall_blockOverall","minavg_recall_block1","minavg_recall_block2","minavg_recall_block3","outlier_Learning_Age","absavg_learning_blockOverall","absavg_learning_block1","absavg_learning_block2","absavg_learning_block3","minavg_learning_blockOverall","minavg_learning_block1","minavg_learning_block2","minavg_learning_block3","CorrectRecallOld_blockOverall","ForgetRecallOld_blockOverall","CorrectRecallNew_blockOverall","NewRecallOld_blockOverall"
"Sub001_ToD","YA","Night","Julia",FALSE,63.3404255319149,59.6875,83.1875,46.0666666666667,-13,14.4375,-47.5625,-5.4,FALSE,6.15,6.3,5.6,6.55,-0.55,-2.3,2.4,-1.75,47,13,18,6
"Sub003_ToD","YA","Night","Julia",FALSE,51.7017543859649,51.5263157894737,51.2105263157895,52.3684210526316,-7.98245614035088,-9.8421052631579,19.3157894736842,-33.4210526315789,FALSE,9.16666666666667,5.5,14.2,7.8,2.53333333333333,0.7,7.9,-1,57,3,24,0
"Sub005_ToD","OA","Morning","Julia",FALSE,23.4528301886792,26.5294117647059,18.8333333333333,25.1666666666667,-9.56603773584906,-13,-4.05555555555556,-11.8333333333333,FALSE,7.2,6.4,9.15,6.05,1.73333333333333,1.5,3.95,-0.25,53,7,24,0
"Sub006_ToD","YA","Night","Julia",FALSE,56.5454545454545,50.9333333333333,46.5333333333333,73.2857142857143,-7.59090909090909,-3.86666666666667,-22.4,4.28571428571429,FALSE,7.48333333333333,7.65,5.95,8.85,0.0833333333333333,2.35,0.55,-2.65,44,16,24,0
"Sub007_ToD","OA","Night","Julia",FALSE,17.65,27.85,10.55,14.55,4.68333333333333,13.55,2.05,-1.55,FALSE,12.3333333333333,16.35,11,9.65,-1.36666666666667,-3.35,-3.1,2.35,60,0,23,1
"Sub008_ToD","OA","Morning","Julia",FALSE,47.2280701754386,46.2777777777778,42.2,53.4210526315789,-8.03508771929824,2.5,-4.7,-21.5263157894737,FALSE,9.8,9.7,8.4,11.3,-1.3,3.1,-4.1,-2.9,57,3,19,5
"Sub009_ToD","YA","Night","Julia",FALSE,34.0357142857143,46.6,32.125,23,13.5357142857143,23.4,-7.875,20.8,FALSE,7.73333333333333,9.4,6.65,7.15,-4.53333333333333,-6.1,-5.15,-2.35,28,32,24,0
"Sub010_ToD","OA","Morning","Julia",FALSE,18.6981132075472,19.2857142857143,21.9473684210526,15.2,-1.75471698113208,9.57142857142857,-4.78947368421053,-6.8,FALSE,7.83333333333333,5.6,11.9,6,0.533333333333333,0,0.7,0.9,53,7,24,0
"Sub011_ToD","OA","Morning","Julia",FALSE,49.622641509434,40.2352941176471,51.6111111111111,56.5,0,2.11764705882353,-11.9444444444444,9.94444444444444,FALSE,6.75,4.35,9.1,6.8,0.283333333333333,-0.65,2.5,-1,53,7,20,4
"Sub012_ToD","OA","Night","Julia",FALSE,30.9454545454545,37.3333333333333,32.3684210526316,23.0555555555556,7.85454545454545,2.88888888888889,24.3684210526316,-4.61111111111111,FALSE,5.86666666666667,7.3,3.9,6.4,-1.06666666666667,-0.9,-0.1,-2.2,55,5,24,0
"Sub013_ToD","YA","Morning","Julia",FALSE,12.6379310344828,9.5,9.05,20.1111111111111,-2.81034482758621,1.9,3.95,-15.5555555555556,FALSE,3.08333333333333,3.3,3.3,2.65,0.0833333333333333,1.2,1,-1.95,58,2,24,0
"Sub014_ToD","YA","Morning","Julia",FALSE,30.26,26.4375,17.4117647058824,46.7058823529412,-16.5,-15.0625,10.2352941176471,-44.5882352941176,FALSE,5.88333333333333,5.1,6.5,6.05,-0.816666666666667,1,-1.2,-2.25,50,10,24,0
"Sub015_ToD","OA","Night","Julia",FALSE,25.5111111111111,32.4285714285714,27.4285714285714,18.2352941176471,-3.46666666666667,4.14285714285714,-18.8571428571429,2.94117647058824,FALSE,6.56666666666667,7.8,5.9,6,0.5,-0.2,2.4,-0.7,45,15,24,0
"Sub016_ToD","YA","Night","Julia",FALSE,33.188679245283,43.6111111111111,41.125,16.6315789473684,5.71698113207547,-13.9444444444444,21.75,10.8421052631579,FALSE,4.83333333333333,5.8,4.25,4.45,0.433333333333333,0,0.25,1.05,53,7,23,1
"Sub017_ToD","OA","Morning","Julia",FALSE,48.7222222222222,45.1111111111111,35.3529411764706,64.1052631578947,2.42592592592593,-9.55555555555556,-7,22.2105263157895,FALSE,8.4,9,6.85,9.35,-0.4,0.6,-0.95,-0.85,54,6,22,2
"Sub018_ToD","OA","Night","Julia",FALSE,32.2916666666667,33.875,19.8125,43.1875,-6.54166666666667,0.125,4.1875,-23.9375,FALSE,7.2,5.8,8.7,7.1,-1.06666666666667,-2.7,1.1,-1.6,48,12,23,1
"Sub019_ToD","YA","Morning","Julia",FALSE,35.0535714285714,44.6875,22.4,40,4.16071428571429,24.3125,-3.2,-4.6,FALSE,7.38333333333333,7.2,7.9,7.05,0.583333333333333,-1.1,1.3,1.55,56,4,24,0
"Sub020_ToD","OA","Morning","Julia",FALSE,21.3529411764706,28.5,26.8125,8.64705882352941,-4.05882352941176,-11.8333333333333,4.3125,-3.70588235294118,FALSE,7.31666666666667,7.2,7.4,7.35,-0.216666666666667,-2.6,-0.3,2.25,51,9,23,1
"Sub021_ToD","YA","Night","Julia",FALSE,29.0175438596491,39.7368421052632,22.0555555555556,25.1,2.42105263157895,6.78947368421053,10.3888888888889,-8.9,FALSE,6.61666666666667,6.05,5.55,8.25,-2.45,-3.45,-0.05,-3.85,57,3,24,0
"Sub022_ToD","YA","Night","Julia",FALSE,26.5686274509804,34.6666666666667,15.4117647058824,29.3125,-11,-24.6666666666667,-8.11764705882353,1.3125,FALSE,4.76666666666667,4.95,3.65,5.7,0.433333333333333,-0.05,1.95,-0.6,51,9,23,1
"Sub023_ToD","YA","Night","Julia",FALSE,31.6666666666667,22.3333333333333,44.1875,27.3571428571429,-10.5111111111111,-1.26666666666667,-27.8125,-0.642857142857143,FALSE,7.81666666666667,6.25,6.8,10.4,0.55,-3.15,-1.4,6.2,45,15,24,0
"Sub024_ToD","YA","Night","Julia",FALSE,36.0681818181818,47.9333333333333,25.5625,35.3076923076923,3.47727272727273,7.13333333333333,-8.8125,14.3846153846154,FALSE,6.4,5.25,6.7,7.25,0,0.35,1.8,-2.15,44,16,23,1
"Sub025_ToD","OA","Morning","Julia",FALSE,24.7708333333333,37.7692307692308,20.7058823529412,19.2222222222222,15.8958333333333,37.7692307692308,6,9.44444444444444,FALSE,4.66666666666667,4.2,5.2,4.6,-1.43333333333333,-1,-2.9,-0.4,48,12,24,0
"Sub026_ToD","YA","Morning","Julia",FALSE,44.9074074074074,25,59.1578947368421,50.0588235294118,11.1296296296296,18.6666666666667,10.5263157894737,3.82352941176471,FALSE,5.96666666666667,6.15,4.8,6.95,-0.966666666666667,0.55,-2,-1.45,54,6,23,1
"Sub027_ToD","OA","Night","Julia",FALSE,30.3035714285714,38.5789473684211,28.75,22.8823529411765,-7.375,-7.94736842105263,-2.45,-12.5294117647059,FALSE,6.4,7.45,5.6,6.15,-2.56666666666667,-2.75,-1.7,-3.25,56,4,24,0
"Sub028_ToD","OA","Night","Julia",FALSE,69.6428571428571,80.5555555555556,76.2222222222222,53.9,1.14285714285714,-13.3333333333333,11.5555555555556,4.8,FALSE,13.0833333333333,14.85,13.7,10.7,-3.55,-4.95,-3.7,-2,56,4,21,3
"Sub029_ToD","OA","Night","Julia",FALSE,26.5185185185185,23.3125,28.6315789473684,27.1052631578947,11.962962962963,4.6875,18,12.0526315789474,FALSE,5.15,3.9,6.3,5.25,-1.05,0.6,-1.9,-1.85,54,6,24,0
"Sub030_ToD","OA","Night","Julia",FALSE,38.7017543859649,42.0555555555556,46.8947368421053,27.9,-14.4912280701754,-20.0555555555556,-22.7894736842105,-1.6,FALSE,12.7,10.2,13.8,14.1,1.13333333333333,5,-3,1.4,57,3,23,1
"Sub031_ToD","OA","Night","Julia",FALSE,19.3928571428571,23.8823529411765,26.25,8.1578947368421,-7.64285714285714,-3.88235294117647,-16.35,-1.84210526315789,FALSE,6.01666666666667,7.65,5.55,4.85,0.983333333333333,2.45,-0.25,0.75,56,4,23,1
"Sub032_ToD","YA","Morning","Julia",FALSE,25.2127659574468,31.5882352941176,27.7333333333333,15.4666666666667,2.19148936170213,14.4117647058824,2,-11.4666666666667,FALSE,5.25,7.7,4.55,3.5,0.85,2.7,-0.45,0.3,47,13,24,0
"Sub033_ToD","YA","Morning","Julia",FALSE,24.6842105263158,22.7894736842105,22.9473684210526,28.3157894736842,-2.40350877192982,6.05263157894737,-17.8947368421053,4.63157894736842,FALSE,10.9666666666667,10.1,12.2,10.6,-1.3,0.9,-4.5,-0.3,57,3,23,1
"Sub034_ToD","YA","Morning","Julia",FALSE,73.1842105263158,57.4166666666667,78.3076923076923,82.6153846153846,18.0263157894737,19.75,-15.2307692307692,49.6923076923077,FALSE,7.03333333333333,7,6.2,7.9,0.133333333333333,-0.8,0.7,0.5,38,22,23,1
"Sub035_ToD","YA","Night","Julia",FALSE,44.8888888888889,67.9411764705882,36.8333333333333,31.8947368421053,-6.81481481481481,-17.5882352941176,8.61111111111111,-11.7894736842105,FALSE,6.7,6.2,6,7.9,-2.63333333333333,-0.6,-3.8,-3.5,54,6,21,3
"Sub036_ToD","OA","Morning","Julia",FALSE,62.7209302325581,71.3846153846154,48.8666666666667,69.0666666666667,2.34883720930233,-7.07692307692308,-9.13333333333333,22,FALSE,13.1666666666667,12.9,6.9,19.7,-3.76666666666667,2.7,-1.2,-12.8,43,17,21,3
"Sub037_ToD","OA","Morning","Julia",FALSE,57.8301886792453,59.625,61.2631578947368,52.6111111111111,-5.52830188679245,-26.625,-7.78947368421053,15.6111111111111,FALSE,11.15,12.3,9.2,11.95,2.45,-0.6,0.6,7.35,53,7,24,0
"Sub038_ToD","YA","Morning","Julia",FALSE,37.7551020408163,55.25,33.7142857142857,26,3.79591836734694,22.875,1.71428571428571,-10.7368421052632,FALSE,7.28333333333333,9.95,6.05,5.85,3.08333333333333,4.75,3.05,1.45,49,11,24,0
"Sub039_ToD","OA","Night","Julia",FALSE,53.9230769230769,43.2941176470588,69.2222222222222,48.3529411764706,16.7307692307692,13.7647058823529,25.4444444444444,10.4705882352941,FALSE,11.0666666666667,10.15,13.1,9.95,-2.43333333333333,-3.25,-4.3,0.25,52,8,24,0
"Sub040_ToD","OA","Night","Julia",FALSE,53.5957446808511,83.7857142857143,45.5294117647059,35.75,5.21276595744681,4.07142857142857,7.41176470588235,3.875,FALSE,8.58333333333333,9.8,8.9,7.05,-1.45,0.4,-4.4,-0.35,47,13,23,1
"Sub041_ToD","YA","Morning","Julia",FALSE,44.5641025641026,40.5,40.8461538461538,53.3333333333333,15.3846153846154,1.35714285714286,34.0769230769231,11.5,FALSE,7.05,7.65,6.1,7.4,-0.0833333333333333,-0.55,-0.5,0.8,39,21,23,1
"Sub042_ToD","YA","Morning","Julia",FALSE,29,36.4166666666667,36.9166666666667,14.8461538461538,2.40540540540541,-6.75,9.08333333333333,4.69230769230769,FALSE,8.85,15.65,5.5,5.4,0.25,5.95,-0.6,-4.6,37,23,22,2
"Sub043_ToD","OA","Night","Julia",FALSE,50.5476190476191,66.4166666666667,23.6428571428571,62.1875,-7.97619047619048,10.4166666666667,-11.6428571428571,-18.5625,FALSE,11.6,18.4,8.55,7.85,-2.2,-9.1,2.15,0.35,42,18,24,0
"Sub044_ToD","YA","Night","Julia",FALSE,42.2777777777778,49.1578947368421,29.5,48.1176470588235,-2.72222222222222,-10.5263157894737,6.83333333333333,-4.11764705882353,FALSE,4.86666666666667,4.6,4.8,5.2,0.566666666666667,-0.4,1.5,0.6,54,6,23,1
"Sub045_ToD","OA","Night","Julia",FALSE,52.6923076923077,64.2222222222222,28.25,62.8888888888889,12.6153846153846,32.2222222222222,12.375,-6.77777777777778,FALSE,11.0833333333333,7.85,16.3,9.1,-1.15,-3.45,2.2,-2.2,52,8,24,0
"Sub046_ToD","OA","Morning","Julia",FALSE,9.33333333333333,8.58823529411765,9.6,9.7,-2.21052631578947,0,-2.7,-3.6,FALSE,6.85,6.25,8.5,5.8,0.216666666666667,3.55,-1.7,-1.2,57,3,24,0
"Sub047_ToD","YA","Morning","Julia",FALSE,51.525,49.4705882352941,72.6666666666667,40.4285714285714,-8.225,0.647058823529412,-11.7777777777778,-16.7142857142857,FALSE,5.55,5,5.75,5.9,-0.783333333333333,-1.2,-2.15,1,40,20,24,0
"Sub048_ToD","YA","Night","Julia",FALSE,31.8541666666667,34.2666666666667,43.5,18.7647058823529,-0.6875,5.86666666666667,-9.75,2.05882352941176,FALSE,6.36666666666667,7.9,5.35,5.85,-1.2,-1.8,1.25,-3.05,48,12,24,0
"Sub049_ToD","OA","Night","Julia",FALSE,65.9761904761905,52.2727272727273,73.625,67.8666666666667,-7.35714285714286,-23.9090909090909,0.5,-3.6,FALSE,7.56666666666667,8.05,7,7.65,-2.2,-4.25,0.2,-2.55,42,18,23,1
"Sub050_ToD","YA","Morning","Julia",FALSE,28.4259259259259,27.4210526315789,23.8235294117647,33.8333333333333,-14.462962962963,-11,-4.52941176470588,-27.5,FALSE,4.6,4.6,4.5,4.7,-0.733333333333333,-2.8,2.1,-1.5,54,6,24,0
"Sub051_ToD","YA","Night","Julia",FALSE,54.0952380952381,49.9230769230769,61.0714285714286,51.2,-1.42857142857143,25.9230769230769,-9.21428571428571,-17.8666666666667,FALSE,7.91666666666667,8.75,8.65,6.35,-1.71666666666667,-3.25,-2.85,0.95,42,18,23,1
"Sub052_ToD","YA","Morning","Julia",FALSE,71.1860465116279,49.6153846153846,73,87.125,11.046511627907,13.3076923076923,24.7142857142857,-2.75,FALSE,10.1166666666667,11.05,9.3,10,-2.35,-0.25,-3.1,-3.7,43,17,24,0
"Sub053_ToD","YA","Night","Julia",FALSE,68.52,59.4,76.1578947368421,68,12.56,39.8,2.68421052631579,-1.25,FALSE,10.9,10.3,12.25,10.15,3.43333333333333,2.6,3.85,3.85,50,10,21,3
"Sub054_ToD","OA","Morning","Julia",FALSE,48.4186046511628,47.8,39.6470588235294,58.125,-11.5348837209302,-12.6,-10.5882352941176,-11.875,FALSE,6.95,7.9,7.35,5.6,-0.55,-0.7,-1.55,0.6,43,17,22,2
"Sub055_ToD","OA","Morning","Julia",FALSE,73.4237288135593,62.45,79.25,78.8421052631579,9.35593220338983,0.85,4.55,23.3684210526316,FALSE,8.41666666666667,8.4,8.7,8.15,-0.25,-0.7,-3.9,3.85,59,1,20,4
"Sub056_ToD","OA","Morning","Julia",FALSE,14.2542372881356,12.6315789473684,19.2,10.85,-1.44067796610169,2.63157894736842,-8.8,2.05,FALSE,9.76666666666667,9.3,10.2,9.8,-0.433333333333333,2,-1.3,-2,59,1,24,0
"Sub057_ToD","OA","Morning","Julia",FALSE,44.4333333333333,23,78.7,32.5555555555556,12.3,6.81818181818182,45.7,-18.1111111111111,FALSE,6.71666666666667,6.25,5.85,8.05,-1.15,-0.95,1.25,-3.75,30,30,24,0
"Sub058_ToD","OA","Morning","Julia",FALSE,25.7307692307692,26.7058823529412,14.2777777777778,36.8823529411765,-4.88461538461539,-5.76470588235294,-0.166666666666667,-9,FALSE,5.98333333333333,8.1,5.4,4.45,1.45,2.7,0.4,1.25,52,8,24,0
"Sub059_ToD","YA","Night","Julia",FALSE,30,26.6111111111111,30.45,32.7368421052632,10.5964912280702,2.27777777777778,24.85,3.47368421052632,FALSE,5.86666666666667,4.75,5.8,7.05,-2.13333333333333,-3.35,2.9,-5.95,57,3,24,0
"Sub060_ToD","OA","Morning","Julia",FALSE,55.5151515151515,64.3333333333333,41.7,56.25,-1.33333333333333,-8.73333333333333,-10.7,24.25,FALSE,5.2,5.3,4.85,5.45,0.0666666666666667,1.8,-1.65,0.05,33,27,22,2
"Sub061_ToD","YA","Morning","Julia",FALSE,23.5,40.1111111111111,17.7,14.35,-1.32758620689655,0.888888888888889,-2.5,-2.15,FALSE,4.4,4.55,3.7,4.95,-2,-2.25,-2.7,-1.05,58,2,23,1
"Sub062_ToD","OA","Night","Julia",FALSE,31.4791666666667,53.2666666666667,22.3529411764706,20.75,9.85416666666667,14.2,18,-2.875,FALSE,9.98333333333333,9.6,11.9,8.45,1.81666666666667,0.3,2.4,2.75,48,12,24,0
"Sub063_ToD","YA","Night","Julia",FALSE,53.8095238095238,38,55.3333333333333,67.3333333333333,7.71428571428571,12.6666666666667,39.7777777777778,-45.3333333333333,FALSE,8.48333333333333,9.85,9.3,6.3,-1.31666666666667,-3.65,1.8,-2.1,21,39,24,0
"Sub064_ToD","OA","Night","Julia",FALSE,27.8,22.9166666666667,16.0588235294118,43.9375,8.02222222222222,-2.91666666666667,2.64705882352941,21.9375,FALSE,7.56666666666667,7.9,7.7,7.1,-0.666666666666667,-1.5,4.9,-5.4,45,15,22,2
"Sub066_ToD","YA","Night","Julia",FALSE,96.9428571428571,92.7857142857143,98.9090909090909,100.6,-6.37142857142857,-15.2142857142857,17.8181818181818,-20.6,FALSE,9.36666666666667,9.95,9.95,8.2,1.93333333333333,-0.05,-0.05,5.9,35,25,18,6
"Sub067_ToD","OA","Night","Julia",FALSE,20.1538461538462,34.2666666666667,18.7777777777778,10.3157894736842,8.76923076923077,13.7333333333333,9.66666666666667,4,FALSE,8,7.6,6.5,9.9,0.2,-0.9,-1.6,3.1,52,8,24,0
"Sub068_ToD","YA","Morning","Julia",FALSE,13.9787234042553,15.25,17.2105263157895,7.16666666666667,-0.659574468085106,-3.5,2.89473684210526,-2.5,FALSE,3.53333333333333,4,3,3.6,1.4,1.8,1.2,1.2,47,13,23,1
"Sub069_ToD","OA","Night","Julia",FALSE,47.8627450980392,45.5,64.6470588235294,34.1111111111111,6.56862745098039,16.625,3.82352941176471,0.222222222222222,FALSE,8.53333333333333,8.7,7.05,9.85,-2.5,-3.3,-1.15,-3.05,51,9,23,1
"Sub070_ToD","YA","Morning","Julia",FALSE,31.9074074074074,32.8333333333333,30.7368421052632,32.2352941176471,-12.7222222222222,-29.3888888888889,-10.7368421052632,2.70588235294118,FALSE,4.38333333333333,4.2,4.2,4.75,-0.85,0.1,-0.3,-2.35,54,6,24,0
"Sub071_ToD","YA","Night","Julia",FALSE,33.4909090909091,38.3684210526316,25.3333333333333,36.5,-6.07272727272727,-11.5263157894737,6.55555555555556,-12.9444444444444,FALSE,12.2666666666667,8.85,15.35,12.6,4.93333333333333,-1.15,9.15,6.8,55,5,24,0
"Sub072_ToD","OA","Morning","Julia",FALSE,36.8076923076923,46.6428571428571,42.85,22.4444444444444,-1.73076923076923,22.0714285714286,-3.55,-18.2222222222222,FALSE,5.01666666666667,4.6,4.5,5.95,0.25,2,0.6,-1.85,52,8,21,3
"Sub075_ToD","OA","Night","Julia",FALSE,27.7222222222222,23.0588235294118,23.8888888888889,35.5263157894737,-0.0555555555555556,-2.82352941176471,4.66666666666667,-2.05263157894737,FALSE,5.65,6.85,5.45,4.65,0.616666666666667,-0.75,0.45,2.15,54,6,24,0
"Sub076_ToD","YA","Night","Julia",FALSE,56.9811320754717,38.75,69.8333333333333,60.1578947368421,-12.7924528301887,-0.5,-35.6111111111111,-1.52631578947368,FALSE,4.91666666666667,4.15,4.8,5.8,0.483333333333333,-1.25,1.2,1.5,53,7,20,4
"Sub077_ToD","OA","Morning","Julia",FALSE,38.0545454545455,33.6315789473684,45.0588235294118,36.2105263157895,8.92727272727273,12.5789473684211,4.47058823529412,9.26315789473684,FALSE,12.0166666666667,10.35,14.25,11.45,-1.28333333333333,1.25,-2.05,-3.05,55,5,23,1
"Sub078_ToD","YA","Night","Julia",FALSE,51.6,32.5882352941176,65.2352941176471,57.3125,-12.36,-14.8235294117647,-4.41176470588235,-18.1875,FALSE,4.5,1.7,9.65,2.15,1.56666666666667,0.4,5.35,-1.05,50,10,23,1
"Sub079_ToD","OA","Morning","Julia",FALSE,37.58,38.8333333333333,27.9411764705882,47,-4.14,9.83333333333333,-18.6470588235294,-4.46666666666667,FALSE,7.56666666666667,8.75,7.35,6.6,-0.433333333333333,-1.15,-1.65,1.5,50,10,24,0
"Sub080_ToD","OA","Night","Julia",FALSE,36.843137254902,38.4285714285714,45.7647058823529,28.15,-11,-24.4285714285714,-24.3529411764706,9.75,FALSE,9.1,8.15,9.55,9.6,0.233333333333333,0.35,-1.15,1.5,51,9,22,2
"Sub081_ToD","OA","Night","Julia",FALSE,22.4339622641509,35.4666666666667,18.2105263157895,16.3684210526316,4.24528301886792,-0.666666666666667,4.84210526315789,7.52631578947368,FALSE,6.88333333333333,6,6.95,7.7,-0.25,-4.5,2.45,1.3,53,7,24,0
"Sub082_ToD","YA","Morning","Julia",FALSE,33.875,24.8,23.8571428571429,59,18.975,19.7333333333333,16.5714285714286,21,FALSE,4.38333333333333,5.1,4.55,3.5,1.28333333333333,3.1,0.45,0.3,40,20,24,0
"Sub083_ToD","OA","Morning","Julia",FALSE,27.5357142857143,31.8,26.7647058823529,23.7368421052632,-6.42857142857143,-12.8,11.2352941176471,-15.5263157894737,FALSE,11.9,20.25,8.85,6.6,0.966666666666667,-0.85,1.15,2.6,56,4,24,0
"Sub084_ToD","YA","Morning","Julia",FALSE,30.6428571428571,32.6111111111111,32.4210526315789,27,18.8571428571429,21.3888888888889,12.4210526315789,22.8947368421053,FALSE,3.86666666666667,3.7,4.6,3.3,0.766666666666667,0.7,1.9,-0.3,56,4,23,1
"Sub085_ToD","YA","Morning","Julia",FALSE,34.6,36,34.8461538461538,32.8461538461538,-8.85,-24,-2.23076923076923,0.846153846153846,FALSE,4,4.25,4.7,3.05,0.5,0.05,0.7,0.75,40,20,23,1
"Sub086_ToD","YA","Morning","Julia",FALSE,30.94,23.2,34.9411764705882,33.6111111111111,5.22,11.0666666666667,4.47058823529412,1.05555555555556,FALSE,8.01666666666667,4.75,7.65,11.65,-1.41666666666667,0.25,-1.75,-2.75,50,10,24,0
"Sub087_ToD","YA","Morning","Julia",FALSE,36.6153846153846,29.625,48.8888888888889,30.5555555555556,-6.38461538461539,15.125,-42.6666666666667,10.7777777777778,FALSE,7.2,8.6,4.7,8.3,-2.56666666666667,-2.9,-1.9,-2.9,26,34,24,0
"Sub088_ToD","YA","Morning","Julia",FALSE,21.2758620689655,25.2105263157895,27.4,10.8947368421053,-2.89655172413793,-11.4210526315789,2.4,0.0526315789473684,FALSE,4.8,5.35,4.7,4.35,0.133333333333333,-1.25,1.9,-0.25,58,2,23,1
"Sub089_ToD","OA","Morning","Julia",FALSE,8.7,8.05,9.05,9,-3.93333333333333,-5.05,-2.25,-4.5,FALSE,9.98333333333333,9.4,8.65,11.9,-3.41666666666667,-2,-2.85,-5.4,60,0,24,0
"Sub090_ToD","OA","Morning","Julia",FALSE,46.9591836734694,67.8125,37.5625,36.1764705882353,15.1632653061224,26.5625,6.8125,12.2941176470588,FALSE,7.45,4.95,12.6,4.8,-1.98333333333333,-0.35,-7.8,2.2,49,11,24,0
"Sub091_ToD","YA","Morning","Julia",FALSE,39.9090909090909,40.5,41.5789473684211,37.1875,22.8909090909091,13.3,23.7894736842105,33.8125,FALSE,7.01666666666667,6.1,7.4,7.55,0.0166666666666667,1.8,0.1,-1.85,55,5,23,1
"Sub092_ToD","OA","Night","Julia",FALSE,12.1481481481481,10.8888888888889,8.05882352941176,17,2.66666666666667,1.66666666666667,-4.76470588235294,10.2631578947368,FALSE,8.66666666666667,8.3,8.15,9.55,-1.7,3.9,-1.55,-7.45,54,6,24,0
"Sub093_ToD","OA","Night","Julia",FALSE,23.4821428571429,22.6315789473684,24.5789473684211,23.2222222222222,-6.375,-7.47368421052632,-5.21052631578947,-6.44444444444444,FALSE,6.18333333333333,5.45,6.1,7,-0.55,-2.25,-0.2,0.8,56,4,24,0
"Sub094_ToD","YA","Night","Julia",FALSE,21.9491525423729,16.7368421052632,27.5,21.35,-11.135593220339,6,-22.4,-16.15,FALSE,4.73333333333333,4.4,4.75,5.05,0.166666666666667,-0.8,1.05,0.25,59,1,22,2
"Sub095_ToD","YA","Night","Julia",FALSE,42.2222222222222,39.3,32.8888888888889,56.375,-9.48148148148148,-27.9,-16.4444444444444,21.375,FALSE,12.4166666666667,5.15,20.55,11.55,-3.88333333333333,-1.15,-4.65,-5.85,27,33,24,0
"Sub096_ToD","YA","Night","Julia",FALSE,22.0833333333333,10.4705882352941,23,36,-1.125,2.35294117647059,-3.66666666666667,-2.15384615384615,FALSE,8.1,5.35,8.75,10.2,1.1,-1.15,3.95,0.5,48,12,23,1
"Sub097_ToD","YA","Night","Julia",FALSE,48.6875,47.4117647058824,42.2941176470588,58,-17.3125,-26.8235294117647,-0.176470588235294,-26.5714285714286,FALSE,6.16666666666667,5.45,5.2,7.85,1.6,1.75,1.3,1.75,48,12,18,6
"Sub098_ToD","YA","Night","Julia",FALSE,65.7666666666667,64.6,89,38.6666666666667,0.566666666666667,5,-7.54545454545455,5.55555555555556,FALSE,8,9.55,7.35,7.1,0.733333333333333,-0.25,0.05,2.4,30,30,24,0
"Sub099_ToD","OA","Night","Julia",FALSE,17.9107142857143,8.4,23.5555555555556,22.8333333333333,6.16071428571429,2.7,12.7777777777778,3.38888888888889,FALSE,4.26666666666667,6.15,3.9,2.75,-0.766666666666667,-1.25,-0.7,-0.35,56,4,23,1
"Sub100_ToD","OA","Night","Julia",FALSE,45.6756756756757,54.1666666666667,38.8461538461538,44.5833333333333,-2.48648648648649,-8.16666666666667,-5,5.91666666666667,FALSE,5.95,6.1,5.2,6.55,-1.21666666666667,-0.9,0.4,-3.15,37,23,21,3
"Sub101_ToD","OA","Night","Julia",FALSE,24.2745098039216,15.2307692307692,33.6111111111111,21.75,3.76470588235294,5.38461538461539,0.833333333333333,5.35,FALSE,7.86666666666667,9,7.35,7.25,-1.13333333333333,-1.7,-2.15,0.45,51,9,24,0
"Sub102_ToD","YA","Night","Julia",FALSE,43.3818181818182,50.3157894736842,49.5263157894737,28.7647058823529,-9.74545454545455,-7.68421052631579,-8.47368421052632,-13.4705882352941,FALSE,3.65,4.65,3.25,3.05,-0.55,-1.65,0.75,-0.75,55,5,22,2
"Sub103_ToD","YA","Night","Julia",FALSE,60.6,45,72.0666666666667,69.6666666666667,6.15555555555556,22.5555555555556,-15.5333333333333,8.66666666666667,FALSE,7.68333333333333,7,10,6.05,1.21666666666667,-2.6,5.2,1.05,45,15,24,0
"Sub104_ToD","OA","Night","Julia",FALSE,19.2291666666667,24.5555555555556,17.1333333333333,14.9333333333333,2.39583333333333,-2.88888888888889,8.46666666666667,2.66666666666667,FALSE,5.26666666666667,6.45,4.7,4.65,-0.4,-0.55,2.3,-2.95,48,12,24,0
"Sub105_ToD","YA","Morning","Julia",FALSE,52.9411764705882,56.2142857142857,56.7272727272727,43.2222222222222,5.82352941176471,24.5,-36.5454545454545,28.5555555555556,FALSE,4.06666666666667,4.65,3.5,4.05,-0.333333333333333,-1.05,-1.2,1.25,34,26,23,1
"Sub106_ToD","YA","Morning","Julia",FALSE,41.0526315789474,39.7222222222222,51.45,31.3684210526316,-3.92982456140351,4.38888888888889,-8.65,-6.84210526315789,FALSE,6.35,5,6.9,7.15,0.516666666666667,1.2,1,-0.65,57,3,21,3
"Sub107_ToD","YA","Morning","Julia",FALSE,33.9130434782609,49.3333333333333,38.5333333333333,15.125,-2.17391304347826,26.4,-26.4,-6.25,FALSE,3.86666666666667,4.6,3.5,3.5,0.133333333333333,-0.6,-0.1,1.1,46,14,24,0
"Sub108_ToD","YA","Night","Julia",FALSE,33.3090909090909,22.8823529411765,31.3333333333333,43.95,-10.0363636363636,-0.0588235294117647,-14.2222222222222,-14.75,FALSE,20.1666666666667,13.55,19.5,27.45,-4.5,0.45,-4.4,-9.55,55,5,23,1
"Sub109_ToD","OA","Morning","Julia",FALSE,63.5384615384615,78.75,61.1428571428571,54,9.69230769230769,4.5,59.1428571428571,-18,FALSE,9.51666666666667,10.4,8.7,9.45,0.483333333333333,1.1,0.8,-0.45,26,34,24,0
"Sub110_ToD","OA","Morning","Julia",FALSE,25.6938775510204,22,42.8125,12.5,-0.755102040816326,2.35294117647059,-11.4375,6.625,FALSE,7.35,6.65,8.65,6.75,3.48333333333333,3.05,2.65,4.75,49,11,24,0
"Sub111_ToD","OA","Morning","Julia",FALSE,11.7068965517241,22.7777777777778,6.85,6.6,2.22413793103448,-0.111111111111111,3.95,2.6,FALSE,7.1,8,7.5,5.8,-1.4,-1.5,-1.2,-1.5,58,2,24,0
"Sub112_ToD","OA","Morning","Julia",FALSE,7.6,9.52631578947368,6.77777777777778,6.38888888888889,-1.09090909090909,-2.57894736842105,-2.33333333333333,1.72222222222222,FALSE,4.85,6.2,3.45,4.9,0.35,-0.6,-0.35,2,55,5,24,0
"Sub113_ToD","OA","Night","Julia",FALSE,38.8928571428571,46.2631578947368,27.6315789473684,43,3.53571428571429,-9.31578947368421,-0.368421052631579,21.2222222222222,FALSE,9.15,5.9,7.25,14.3,0.0833333333333333,0.9,-3.35,2.7,56,4,24,0
"Sub114_ToD","YA","Night","Julia",FALSE,46.3076923076923,27.4705882352941,44.7647058823529,65.5555555555556,8.46153846153846,-12.5294117647059,-2.76470588235294,38.8888888888889,FALSE,5.93333333333333,5.05,6.05,6.7,-0.0666666666666667,-0.35,-0.65,0.8,52,8,23,1
"Sub115_ToD","YA","Morning","Julia",FALSE,52.5428571428571,48.6428571428571,52.4545454545455,58.1,-3.68571428571429,2.21428571428571,-23.1818181818182,9.5,FALSE,8.95,9.55,8.35,8.95,-2.65,-3.55,-4.75,0.35,35,25,24,0
"Sub116_ToD","OA","Morning","Julia",FALSE,13.3620689655172,17.2777777777778,11.35,11.85,-1.91379310344828,-10.6111111111111,2.15,1.85,FALSE,8.16666666666667,10.15,7.15,7.2,-1.93333333333333,-6.05,-0.25,0.5,58,2,23,1
"Sub117_ToD","YA","Morning","Julia",FALSE,65.6904761904762,44.0625,42.1111111111111,98.5294117647059,-14.6428571428571,-4.5625,5.22222222222222,-34.6470588235294,FALSE,19.7833333333333,12.65,30,16.7,-9.18333333333333,0.35,-20,-7.9,42,18,23,1
"Sub118_ToD","YA","Morning","Julia",FALSE,41.2222222222222,20.2307692307692,36.875,62.625,17.8,5.46153846153846,2.375,43.25,FALSE,4.76666666666667,5.3,4.35,4.65,-0.833333333333333,0.1,-1.65,-0.95,45,15,23,1
"Sub119_ToD","OA","Morning","Julia",FALSE,33.0566037735849,39.1176470588235,40.8823529411765,20.6315789473684,-11.4339622641509,-7.47058823529412,-19.3529411764706,-7.89473684210526,FALSE,7.21666666666667,4.95,10.8,5.9,-1.55,0.85,-2.8,-2.7,53,7,23,1
"Sub120_ToD","YA","Night","Julia",FALSE,37.6341463414634,12.2666666666667,40.3846153846154,64.1538461538462,6.60975609756098,4.13333333333333,-1.15384615384615,17.2307692307692,FALSE,9.51666666666667,6.75,17.45,4.35,0.683333333333333,-3.65,5.65,0.05,41,19,21,3
"Sub121_ToD","OA","Night","Julia",FALSE,44.1891891891892,49,37.6363636363636,45.2142857142857,-1.16216216216216,-14.5,9.27272727272727,2.07142857142857,FALSE,7.5,7.6,7.85,7.05,-0.333333333333333,0,-0.65,-0.35,37,23,22,2
"Sub122_ToD","YA","Night","Julia",FALSE,89.7272727272727,60.1818181818182,NA,90.3333333333333,-8.09090909090909,-16,NA,35.6666666666667,FALSE,12.9833333333333,18.4,9.75,10.8,4.81666666666667,11,0.05,3.4,22,38,23,1
"Sub123_ToD","OA","Morning","Julia",FALSE,12.6511627906977,17.5833333333333,13.7333333333333,7.9375,-0.465116279069767,-14.4166666666667,8.26666666666667,1.8125,FALSE,6.53333333333333,7.8,6.6,5.2,0.433333333333333,2,0.7,-1.4,43,17,24,0
"Sub124_ToD","YA","Night","Julia",FALSE,21.7,26.95,16.35,21.8,0.1,-15.95,5.15,11.1,FALSE,3.38333333333333,3.3,3.8,3.05,0.15,-0.8,1.7,-0.45,60,0,24,0
"Sub125_ToD","YA","Night","Maheria",FALSE,48.6590909090909,55.0833333333333,42.0588235294118,51,-5.75,-0.416666666666667,-9.47058823529412,-5.8,FALSE,7.03333333333333,10.5,4.7,5.9,0.166666666666667,3.5,-2,-1,44,16,24,0
"Sub126_ToD","OA","Morning","Maheria",FALSE,74.0294117647059,57.9090909090909,86.5555555555556,78.6428571428571,-4.79411764705882,1.72727272727273,-45.8888888888889,16.5,FALSE,7.03333333333333,10.35,6.1,4.65,1.46666666666667,5.05,1.4,-2.05,34,26,20,4
"Sub127_ToD","OA","Morning","Maheria",FALSE,85.6382978723404,71.1333333333333,96.7647058823529,87.5333333333333,7.51063829787234,-39.5333333333333,-2.88235294117647,66.3333333333333,FALSE,9.66666666666667,7.4,10.8,10.8,3.06666666666667,3.5,4.1,1.6,47,13,22,2
"Sub128_ToD","YA","Morning","Maheria",FALSE,28,38.9411764705882,23.2,21.6666666666667,9.2,29.8823529411765,-1.06666666666667,-1.77777777777778,FALSE,5.21666666666667,6.55,4.55,4.55,-0.583333333333333,0.05,-0.45,-1.35,50,10,24,0
"Sub129_ToD","OA","Night","Maheria",FALSE,44.4166666666667,59.5,30.6666666666667,46.6875,-11.9583333333333,3.64285714285714,-20.1111111111111,-16.4375,FALSE,5.45,4,4.75,7.6,1.18333333333333,0.4,1.15,2,48,12,24,0
"Sub130_ToD","YA","Morning","Maheria",FALSE,27.0851063829787,31.125,24.4666666666667,25.5,5.59574468085106,15.75,-10.3333333333333,10.375,FALSE,7.85,7.2,10.4,5.95,0.15,-3.1,3.5,0.05,47,13,24,0
"Sub131_ToD","OA","Morning","Maheria",FALSE,48.5714285714286,34.8333333333333,44,62.875,-5.61904761904762,14.3333333333333,-18.2857142857143,-9.5,FALSE,4.55,4,4.6,5.05,1.98333333333333,1.8,2.1,2.05,42,18,24,0
"Sub132_ToD","YA","Night","Maheria",FALSE,38.6818181818182,42.5,42.0714285714286,30.9285714285714,-19.3181818181818,-24.125,-13.2142857142857,-19.9285714285714,FALSE,6.11666666666667,5.35,6.65,6.35,-1.28333333333333,-1.35,0.05,-2.55,44,16,21,3
"Sub133_ToD","OA","Morning","Maheria",FALSE,38.0961538461538,43.75,31.9375,38.5,13.0961538461538,14.625,18.9375,7.2,FALSE,8.46666666666667,7.55,9.1,8.75,-1.83333333333333,-1.65,2.3,-6.15,52,8,23,1
"Sub135_ToD","YA","Night","Maheria",FALSE,57.7777777777778,90.9230769230769,30.0625,58.5625,-14.8444444444444,-2.30769230769231,-9.0625,-30.8125,FALSE,8.7,9.85,7.85,8.4,0.433333333333333,-2.15,1.25,2.2,45,15,24,0
"Sub136_ToD","YA","Night","Maheria",FALSE,22.3965517241379,25.2,18.6111111111111,23,-4.91379310344828,-2.9,-9.38888888888889,-2.9,FALSE,5.1,4.75,5.5,5.05,-1.1,0.55,-2.4,-1.45,58,2,23,1
"Sub137_ToD","OA","Morning","Maheria",FALSE,30.537037037037,20.6842105263158,41.3888888888889,30.0588235294118,2.94444444444444,4.68421052631579,5.5,-1.70588235294118,FALSE,8.6,8.55,5.6,11.65,0.233333333333333,-3.05,0.6,3.15,54,6,24,0
"Sub138_ToD","OA","Morning","Maheria",FALSE,19.1090909090909,25.8235294117647,19.3157894736842,12.8947368421053,-12.6727272727273,-14.6470588235294,-15.1052631578947,-8.47368421052632,FALSE,7.98333333333333,7.1,6.95,9.9,-2.01666666666667,-0.2,-3.45,-2.4,55,5,24,0
"Sub139_ToD","YA","Morning","Maheria",FALSE,28.64,20.7,34.7222222222222,32.75,3.88,6.8,1.72222222222222,2.25,FALSE,6.96666666666667,5.65,6.65,8.6,1.26666666666667,-0.65,0.65,3.8,50,10,21,3
"Sub140_ToD","OA","Morning","Maheria",FALSE,28.2545454545455,24.3333333333333,35.4444444444444,25.1578947368421,-3.09090909090909,17.5555555555556,-16.3333333333333,-10.1052631578947,FALSE,7.38333333333333,6.3,6.6,9.25,1.31666666666667,-0.1,1.5,2.55,55,5,20,4
"Sub141_ToD","OA","Night","Maheria",FALSE,52.5510204081633,50.375,36.125,70.0588235294118,-2.10204081632653,-0.5,-15.25,8.76470588235294,FALSE,7.8,6.8,7.6,9,-2.23333333333333,-0.5,-3.2,-3,49,11,23,1
"Sub142_ToD","OA","Night","Maheria",FALSE,9.3728813559322,9.85,11.2631578947368,7.1,1.8135593220339,2.55,5.36842105263158,-2.3,FALSE,4.1,4.3,5.05,2.95,-0.466666666666667,1.4,-1.25,-1.55,59,1,24,0
"Sub143_ToD","OA","Night","Maheria",FALSE,30.5094339622642,16.3684210526316,33.2352941176471,43.5882352941176,9.11320754716981,-3.63157894736842,12.4117647058824,20.0588235294118,FALSE,6.06666666666667,7.35,6.1,4.75,-1.9,-2.55,-1.7,-1.45,53,7,22,2
"Sub144_ToD","OA","Night","Maheria",FALSE,52.1929824561403,58.2777777777778,54.35,44.1578947368421,9.8421052631579,22.0555555555556,21.55,-14.0526315789474,FALSE,9.03333333333333,9.65,6.35,11.1,1.1,-4.35,3.75,3.9,57,3,22,2
"Sub145_ToD","YA","Morning","Maheria",FALSE,37.5510204081633,30.2222222222222,25.3571428571429,55.3529411764706,3.10204081632653,3,-4.5,9.47058823529412,FALSE,4.26666666666667,4.2,5.15,3.45,-0.766666666666667,-1.1,-1.85,0.65,49,11,24,0
"Sub146_ToD","YA","Night","Maheria",FALSE,16.4736842105263,23.5789473684211,10.95,15.1111111111111,-2.57894736842105,-4,-6.05,2.77777777777778,FALSE,5.96666666666667,4.15,3.85,9.9,-3.03333333333333,-1.05,-1.35,-6.7,57,3,24,0
"Sub147_ToD","YA","Night","Maheria",FALSE,25.3636363636364,26.8333333333333,16.5,35.5,-12.2272727272727,3.5,-12.8333333333333,-24.9285714285714,FALSE,5.48333333333333,6.3,5.05,5.1,-0.35,-1,-0.05,0,44,16,24,0
"Sub149_ToD","OA","Night","Maheria",FALSE,41.0227272727273,37.0625,30.8461538461538,54.0666666666667,13.3409090909091,13.4375,4.07692307692308,21.2666666666667,FALSE,15.8666666666667,11.55,16.7,19.35,1.13333333333333,-5.85,6.4,2.85,44,16,23,1
"Sub150_ToD","YA","Morning","Maheria",FALSE,26.5272727272727,37.7777777777778,16.9411764705882,24.55,-1.8,-12.8888888888889,5.29411764705882,2.15,FALSE,7.03333333333333,6.2,7.6,7.3,0.0666666666666667,-1.5,1.2,0.5,55,5,23,1
"Sub151_ToD","YA","Morning","Maheria",FALSE,58.0612244897959,73.1176470588235,51,49,6.51020408163265,22.1764705882353,5.58823529411765,-10.2,FALSE,10.4,12.4,11.7,7.1,-3.5,-6.6,-2.6,-1.3,49,11,20,4
